0000
00E3
0000
00EE
0000
0000
0000
0067
0000
0000
0351
001F
012B
00D3
0000
016A
0000
0013
0000
0000
0000
0000
0000
0000
0000
0027
0000
0000
0000
0000
0000
005E
0060
0000
0000
0302
0000
027C
0000
0000
0000
0000
01C1
0000
00FC
0000
01AA
0000
0000
008B
0000
0000
0000
0000
0000
0000
0000
0193
0000
0000
0038
0000
0000
00F7
0026
0059
0000
0000
00EC
0000
0000
0000
0000
065F
0000
00A4
0000
0000
03FF
00FD
0000
0000
0140
0000
0000
00FE
0000
0000
0470
0000
0000
00E1
0000
0000
031C
00C8
0142
01C7
00E0
013F
0000
0000
0000
007C
0416
00BE
0000
0000
0000
028F
0000
0245
0000
0000
0407
0000
0000
0057
0000
039D
0000
0066
0000
016C
0000
01D9
0000
00B5
0000
0000
0000
0000
0000
0000
01E8
0000
00DB
0000
0000
0000
0000
0000
0000
0000
0000
0000
0000
0137
0141
0000
0000
0000
0247
0000
0000
0000
0000
0045
0000
0000
0000
01DB
0000
0000
0000
0000
0000
0193
0000
0000
0000
0000
0000
0038
0000
003C
00AB
0000
0000
0000
0000
0000
0000
0000
0000
0000
0135
00B6
0000
01DC
0000
0000
0000
0208
0000
0155
0000
0000
0000
0000
0000
0000
0226
00DD
0000
03E1
0000
0000
0048
03B0
0000
0000
0000
0000
0000
00D6
0000
0000
0000
0000
0000
0000
0000
0000
0000
0000
0000
0000
0000
0000
0000
000F
0000
0000
0000
0000
0220
0000
00F9
0000
0000
0000
0000
0000
0000
01A5
0000
0000
0000
0000
0000
0000
01C6
0000
0000
0000
0000
0000
0000
0000
02F0
0047
0000
0188
0000
0000
0000
0037
0000
0093
0000
0000
0000
0000
00B8
0000
0000
0000
00C4
0000
0000
0000
0000
01D6
00EA
0000
0000
0000
03C5
0000
0000
0000
0000
0127
0000
0000
0000
00B4
0000
0000
0000
0000
0000
02D0
0000
004D
00AF
015D
0000
008D
035C
0000
0000
0099
0000
0000
01F5
0000
0000
0000
0000
0203
0047
0000
0000
0000
0000
0000
0000
0334
0000
0000
0370
0000
0270
0000
0000
0000
01E3
0000
0000
0000
0000
0000
0000
03BD
0000
0087
0000
0000
0000
0000
0098
0000
0000
0000
0000
001D
0000
0000
0000
0191
00B6
0000
0000
0301
0000
0000
0000
0000
0000
00A7
0286
0000
0000
0000
0000
0000
009F
0000
0000
0000
0000
0000
000B
0000
0000
0000
0000
0000
04AE
0000
0177
0000
0000
00BC
0000
0000
0000
0000
0000
0000
0000
0000
0000
0000
0000
0000
0000
0000
0000
0000
0000
016C
0000
0000
0000
0000
0000
00E9
0000
0000
0000
0000
01F4
0000
0000
0000
0000
0000
0000
0000
0000
0000
0000
0000
0000
0000
0000
0000
0000
0000
0000
0000
0000
002E
0000
0000
0000
0000
0000
0000
0000
0372
0000
0000
0000
0000
0068
0000
0000
036D
0000
0000
0000
0000
0000
0000
03BA
0000
0264
0000
0000
0000
0000
0000
00E7
0255
0000
0000
00A6
0000
0000
0000
0000
0000
0000
0000
0000
0000
0000
0000
0000
0000
0000
0297
0000
000A
0000
021A
0000
003C
03C4
0000
0000
0000
0000
0000
00FD
0000
04E1
0000
0000
0443
0000
0000
0017
0000
0000
016B
0000
00A8
0000
0000
0000
0000
0161
0000
02F5
01F7
024D
006D
0000
0000
0000
0000
0000
0000
0000
0274
0000
000F
0000
0000
0000
0333
0000
0000
028F
0000
0000
0000
0000
0000
034A
0000
0000
02F6
0000
0000
0000
0000
0000
0000
0000
0000
0000
008E
0000
0000
0002
00E2
0000
0000
0000
0000
0155
014A
0000
0000
000D
0000
012A
0000
0000
0044
0000
0088
023D
0000
01AA
0000
0000
0000
0000
0000
0000
0007
0000
016E
01E5
0000
0067
0000
0000
0000
0000
0000
0000
0000
003B
0000
0000
0000
0000
0000
0000
00B6
0000
0000
0000
0000
01ED
0000
00A3
0000
0105
0000
0000
0034
0000
0000
0000
0000
0000
0000
0000
0000
0000
0000
0000
0140
0000
0000
0000
01FC
0258
0000
0000
0000
0000
0197
0000
0000
0000
0000
0000
0000
0000
0000
01D5
0000
0000
01B4
0000
0000
0000
0000
0000
0000
0000
020D
0000
0100
0000
0000
0000
0000
0000
0000
0000
0000
0000
008A
0231
0000
0000
0000
0000
0000
0000
0000
0000
0000
024D
0107
0000
0000
0000
0002
0000
0000
0161
0000
0000
0138
0000
0055
014A
0000
01E4
0000
0000
001B
00C3
0000
0000
0092
0000
003B
0000
0000
0000
035A
0000
0000
0000
0000
0000
004F
0000
0000
0151
00B4
0000
00FE
0000
0000
0050
0000
0000
0000
0000
0000
0331
0000
028D
00A5
0000
0026
0000
0000
0000
0084
0039
0000
0000
0000
0000
010B
0000
007D
0073
0000
0000
03AD
0000
005B
0000
0000
01E7
0000
0000
0000
0000
0000
01C5
0000
0000
0000
0000
00EC
0000
0000
0000
01D6
0097
0000
0000
0000
0000
0000
0000
0000
0000
040B
0000
0000
0000
0000
0011
0000
0000
0000
00C1
0000
00BC
0000
0000
0233
0000
0000
0000
0000
0000
01B0
0211
0000
0143
0000
0000
0000
0000
0000
01D3
0000
0538
0000
0021
0000
0000
0000
027A
004F
0000
007D
0000
0000
0000
0000
0000
0000
0000
00B5
005E
0000
025E
002B
0000
0085
0000
0000
008F
0000
045B
0000
0094
0000
0000
0033
0000
0000
0069
0000
001D
0127
0000
0000
0112
0000
0000
0000
0000
0000
0000
0000
0159
0000
0000
0000
0000
0000
0000
00DC
0000
0000
0000
0000
0000
0070
0000
0000
0000
0000
0000
0181
0000
01CC
0000
0000
0000
0000
0097
0000
0000
0000
0000
0000
006E
0000
0134
0000
0000
0000
0000
0000
0000
00E2
0059
0000
0000
0000
0000
0000
0000
0000
0000
0000
0018
0000
0107
0235
0000
017A
0000
0000
0099
0000
0000
0000
0000
0000
0000
00DE
0000
01BC
0000
0000
0000
00AD
0000
0000
0000
0148
0000
0208
0000
0000
0140
0000
0000
0000
0282
0000
0000
0000
0000
0000
0112
0000
0000
0000
00B0
0000
0000
0000
03E2
0000
0197
03C1
0000
0000
0000
0000
0019
0000
0000
0000
0000
01D9
0000
007F
0000
002F
0000
0000
0000
0000
0000
0000
0000
0000
0048
0000
0000
0000
00BE
0000
0000
0175
0000
0000
02C2
0000
0000
0000
00C1
0000
032A
0000
0045
0000
0000
00C7
0000
0201
0000
010F
008E
0000
0000
0000
0000
0277
0000
0000
0000
00EA
0000
0000
04EC
0000
0000
0000
0000
0000
0000
0000
0000
0000
0000
0224
0000
0000
0000
0000
0000
0000
0000
0000
0000
0000
0000
0006
0000
005D
0000
0000
0000
0000
0000
0000
02F8
0000
0000
0000
0000
0090
0000
02CA
0000
001F
01DE
0000
0000
019C
0000
0000
0000
02F9
0254
0000
0000
0000
0000
007D
0000
0000
0000
0000
0000
0000
0000
0451
0000
0000
0000
0000
0075
0136
0064
0000
0000
0000
00D3
0000
052F
0000
0000
0000
0000
0000
0000
0000
0000
0000
0000
0000
0077
0000
0000
0000
0040
0124
0000
002C
0000
0000
0000
037A
0000
0000
00D9
0175
0000
0000
0000
0000
0000
0000
030D
0000
0000
004E
0000
0000
0000
0000
0000
0000
0000
00FA
000D
0000
0000
0077
0000
00C6
0000
0000
0000
0180
0000
0000
0143
0000
0000
0000
0000
0000
0000
0000
0000
0000
0000
0000
0000
0000
0000
01E5
0011
0000
0000
0000
002D
0000
01B2
0000
0000
0000
0000
035C
018D
0000
0000
0000
0000
0000
0000
0000
0000
0000
028C
0000
0000
0000
0000
01E9
0000
0000
0000
0000
0368
0000
000A
0000
004A
0000
0000
0174
0000
0000
01F5
0000
0000
0000
0010
0000
0000
0000
0000
0000
0000
0128
0000
0000
0334
0000
0000
0000
0000
011C
0065
0000
0000
0000
0000
0000
0000
0131
0000
0000
02AE
0000
0000
0000
0000
0000
0000
032B
0000
0049
0000
00DA
0000
0000
0218
0092
0000
0018
0000
009F
013E
0000
0014
0000
0043
0000
0000
0000
0000
0000
01CC
0000
0098
0000
0000
02A3
0000
0000
0000
006E
0000
0000
0351
0000
0000
01D1
0291
0232
0000
0257
0000
0000
0000
0040
00FA
0000
0000
0000
0143
0000
0000
0000
0000
0000
0329
0000
0000
0000
0000
014B
020D
0000
002D
0000
0000
014A
0000
00E7
0000
0000
0041
0000
0000
0000
0000
0000
0000
0000
0000
0000
0000
0153
0104
0000
0127
0000
0000
0000
0000
0353
0000
0000
0000
0000
0000
0000
0103
0000
0000
00E0
0000
0000
0000
0029
0055
0000
0000
0000
0000
01E3
0000
02CD
0000
0000
0000
0000
00A1
0000
0000
0000
0309
0000
0282
0000
0000
0000
0000
0000
0000
007D
0000
0000
0000
0000
01D1
0000
0000
03BA
0000
0000
0000
0000
0000
0091
0125
0000
0000
0000
0000
0000
0000
0000
0130
0000
0000
0000
0000
00C0
0000
0000
0000
0000
0000
0000
013B
0000
00BF
0000
0000
013A
0000
0000
0000
00FF
0000
0000
0000
0000
0000
0093
000B
0200
0000
0316
0000
0000
0001
0000
0000
0000
0000
0171
0000
0000
0000
0000
00C1
02CA
0000
0000
0000
0000
00FE
0000
0000
03EB
0000
0000
0000
0000
0000
00E9
0000
00CE
02C4
0000
011E
0000
0000
0000
009A
0000
0000
0000
0093
0011
0164
0000
0000
00EE
0000
0000
0000
0000
0000
0000
0000
0000
0000
0000
0165
0578
0000
0000
0000
0000
0000
0000
0000
038C
0000
01E3
0000
0000
0000
0000
0000
0000
0000
0000
0000
0000
0000
0000
0000
03FC
0000
0000
0000
0000
00FA
0000
0000
01E8
0000
0127
0000
03BA
0000
0000
0000
0000
0000
0000
0000
0000
029D
0000
0000
0000
0024
0000
0000
0000
0000
0000
0000
0000
0000
0000
00F0
0000
0000
0062
0000
00DD
0000
0000
0000
0000
0420
0000
0000
0138
0000
0000
0000
0000
02A2
0000
00DE
0000
0000
0000
0000
0000
0002
00C5
0000
0000
0000
0000
0182
0000
00F0
0000
0000
0000
033B
0000
0000
0000
0000
0003
0000
0000
0000
0033
0000
0188
00EA
0000
0000
00FA
0000
006C
0036
0103
0000
0000
0000
0000
0463
0000
0109
0000
0000
0000
0000
0000
026E
0000
0000
0000
0000
0000
0190
0000
0000
0000
0000
002B
0000
0000
0000
0000
0000
0000
02D6
017B
0000
0000
0000
0086
0000
01D9
0000
01AD
0000
01FB
0000
0000
0000
0000
0000
0000
00B5
0060
0000
0000
035D
0000
0000
0000
0000
0000
0000
0000
0000
0000
0000
0000
0281
0000
00AF
0000
0000
0000
0000
0000
0000
0000
0000
0000
0000
0000
0000
004E
0000
0000
0000
001D
0000
018B
0000
0000
0000
00CD
00D8
0000
00A3
0000
0000
0000
0053
0000
0000
02CF
0000
0000
0000
0000
0000
0018
0000
0000
0000
0000
0000
0000
0000
0000
01C8
0000
0000
0096
0000
0000
0000
0000
0000
0000
029E
0000
0000
0299
0000
0000
0000
0000
0000
02AC
003A
0000
0000
0000
0000
03EA
0000
0253
0000
0000
0000
0000
0000
0000
0120
0000
0000
0000
0000
0000
045F
0000
0000
0000
0000
0000
00F6
01B6
0000
0000
0000
0000
0000
0000
0000
0000
0308
0000
0000
0000
008C
0000
001D
0000
0000
00AC
0000
0069
0000
0000
0000
00A2
0000
03CA
0000
0122
0000
0073
0000
0000
0000
0000
0000
0000
02B3
0000
0000
0000
0000
0000
0061
0000
0098
0016
0000
0000
0000
0048
0000
0000
0191
0000
00CE
0000
0161
0000
0000
0163
0000
0000
01C7
0000
0000
00F4
0000
0000
0000
014F
0000
02BF
0000
0000
0000
010C
0000
00AE
0000
01B2
0000
0000
0160
0000
0000
0000
0000
00A9
0000
0000
0000
0000
0000
0000
0000
0270
0000
0000
0191
008F
0000
0000
0000
01C5
0000
0000
0000
0000
01AE
02AD
0000
0000
0000
0022
0000
004C
0000
0000
0000
0000
0197
0000
0000
0000
0000
0000
0000
0000
0000
0277
0000
0000
0100
0000
0000
0173
0000
0272
0000
0000
0000
0000
0000
0000
0011
0000
0000
00D8
0000
0000
0000
0000
0000
0000
0000
0000
0000
018D
0000
0255
0000
0000
0000
018D
0000
0000
0000
0000
0000
0000
0000
036B
0000
0000
0000
0000
0000
0000
00BF
0000
0000
0091
0000
0160
0000
0312
0000
0000
0000
0401
0000
0000
0000
0199
027B
0000
0092
0000
0000
0000
0021
00B8
0000
013E
0000
0000
0000
0000
0000
0000
0000
0000
0079
0000
0000
0000
0000
01B4
0000
03CA
0000
0000
0217
0000
00A1
0000
009B
0000
013E
0000
0000
0000
0000
0000
0000
0000
0000
0000
0000
02A9
0000
0000
0000
047B
0000
0111
005E
025F
0000
04AA
0000
0000
0000
0000
0000
013E
0000
00DB
0000
0000
0000
0000
0382
0000
0000
0000
0000
00EB
0000
0000
0000
0000
0000
0000
02A0
0000
0168
0000
0000
0185
0182
0000
0000
0000
0125
0000
0000
0000
0000
0048
0000
0000
0000
0000
0000
0159
0000
0105
000A
0000
0000
0000
0000
0123
0000
0000
0000
019C
0000
0000
0000
0000
0000
0000
0000
0000
0000
0000
0000
007F
0000
0407
0000
0145
0000
0000
0000
0013
0000
0000
04E6
0000
0000
0000
0000
0000
0224
0000
040D
0000
0000
0000
0344
0000
0000
000E
0000
0000
0000
00C0
0000
0000
0000
0000
0000
0121
00A4
0000
005D
0000
0124
0000
00CF
0000
0000
0000
0000
0000
0000
0000
0000
0000
0334
0000
0000
0000
0000
0000
0000
007F
0000
0156
01CA
00BF
0000
0000
01C6
0000
0000
047B
0000
0000
04A9
0000
0150
0000
0000
0000
0000
0000
0000
0103
0000
0000
0000
0000
0346
0000
0000
0000
018C
0644
0000
0000
0000
0000
0000
0000
0000
0000
0000
006C
0000
0000
0000
0000
0000
0000
0000
0000
0024
0000
000C
0000
0000
0000
0015
0000
0000
0000
0438
0000
02C4
0000
00E6
0000
0000
0000
0000
0000
0000
0000
0000
0000
002F
0000
0000
0000
0000
0000
00D9
0000
0000
0000
0000
0000
0019
0000
0000
0000
0000
0000
00F7
0000
0000
0000
0000
0000
0000
00B8
0000
0000
0000
0000
0000
0090
0000
0368
0000
0272
0000
0000
0000
0000
02BA
0000
0237
0000
0000
0000
0000
0000
0000
0000
0000
0000
0000
0000
0000
0000
0224
0000
0000
04D6
0000
0000
0316
0000
0000
02B8
0000
0203
0000
016C
0000
0000
0000
0000
0000
0000
0000
0062
0000
0000
0000
0000
0000
010D
0000
0000
0075
0000
01D7
0000
0166
0000
0213
0000
0401
0000
006E
0000
0000
0000
0000
0000
0000
0000
0000
00C0
0000
0000
0000
0000
0000
0000
0000
0000
0000
0000
0000
0000
0000
0000
0000
0080
00BF
0137
0000
0000
0000
00DE
0000
0000
00D4
0000
0000
0000
0000
0022
0000
0174
0000
0000
0000
0000
0000
0000
0000
01E7
0000
0000
00BB
02D9
0017
0000
0000
00FA
0000
0000
0000
0000
0000
0000
0000
0000
0000
0000
0000
0000
012B
0000
0000
0000
0000
0000
0484
0000
00CD
0064
0000
0000
0000
0000
0086
0000
020C
0063
0082
0000
0012
0000
0397
0000
0000
0000
0000
0000
0000
0000
0000
0000
00B8
0000
0016
0000
0000
0000
0000
0000
0000
0000
0000
005D
0000
0000
0000
0000
0099
0092
0000
0000
0000
01F8
0000
010B
0000
00EE
02A1
0000
0000
0000
0000
0000
0000
0000
0000
0000
0000
007A
0000
0000
0000
0000
0000
0089
0000
0000
0000
0168
0000
0000
0000
0055
0000
0124
0000
0000
0000
0000
0000
0000
0000
0000
0000
0187
0000
0000
0000
0000
0000
00AF
0000
01ED
0000
0000
01E2
0000
037F
0025
0000
0000
0000
0000
016E
0000
0000
0140
0000
0000
0000
0000
0000
02BA
0000
0000
00F3
0000
0000
0000
0000
009C
0000
03F2
0000
0000
0000
00EF
0000
059E
00C3
0000
0000
0000
0000
0000
012B
0068
0000
0123
0000
00C7
0000
0000
0176
0000
01C2
0000
0138
0000
0000
0072
0084
0000
05A9
0000
00CC
0000
0000
0000
0086
0000
0000
0000
0000
0000
0000
0000
0000
0000
0000
0000
0209
0000
0000
0062
0000
02B0
0000
0000
0000
0000
0000
0000
0192
0000
00B8
0000
0000
00C2
0000
0000
0000
0000
0000
0000
0000
0000
0002
02A8
0000
0109
0000
0000
0000
0000
0000
0000
0000
0000
0000
0000
0000
0000
0186
0000
0000
0000
0000
0000
0000
0000
0000
0000
0000
0203
0000
0000
0000
0000
0000
00BA
0000
0000
0000
0000
0000
0000
0000
0000
0000
0000
0000
0000
0000
0000
0281
003E
0000
0000
0138
0000
0000
0000
0000
0000
0046
0000
0000
01E7
0000
0000
02DF
0000
0000
0000
0000
01CB
02B8
0000
002F
0000
0000
0000
0000
0185
0000
025C
0000
0000
0000
0000
0000
0000
0000
0000
03A2
0000
0000
0000
0166
0000
0000
0018
0000
0000
009D
0000
0000
0000
0000
0152
0000
0000
0000
0000
00B7
0000
0107
0000
0000
0000
0000
0000
0000
0000
054C
0000
0000
0000
000A
0099
0000
0000
0000
0000
0000
0000
0000
00B6
0000
00E2
0000
0094
0000
0000
0000
0000
0018
0000
0000
0000
0000
0000
0000
0000
0000
023E
0000
00A1
0000
0000
0000
0000
0005
0000
0000
0000
0160
0013
0153
0000
0000
0000
024F
0000
0000
0000
0000
0000
0000
0000
01F5
0000
0000
0000
001F
01A5
0000
0000
0000
0520
0000
000B
0000
0000
01A6
0000
0000
0096
0000
0000
014D
0000
0000
037D
0000
0000
0000
006E
0000
0000
014F
0000
0000
0000
0000
0067
0000
0000
0000
0035
0098
0000
0000
007B
0000
0000
0000
0000
0000
0000
0000
002A
0000
0000
0000
0000
0000
0000
00A0
0000
0000
004E
0000
0180
0000
0000
0000
0000
0000
0000
0000
00D0
0000
0000
0000
0000
0000
0000
0012
0000
0000
0096
0063
0000
0000
0000
0000
0446
0000
0000
0000
01EB
0000
0000
0000
051D
0000
0000
0000
001B
0000
0000
0000
0000
0000
0000
00FA
01D9
0000
0000
0064
0000
007F
0000
0000
0033
0000
0004
0000
0000
0102
0000
0000
01BF
0000
0215
0000
005B
0000
0000
0000
0000
015C
0000
0000
0000
0000
0000
0000
0000
0000
0000
0000
0000
0000
0000
0000
00A1
0000
0000
0119
0000
0000
0000
0000
0000
01E4
0000
0000
0000
0000
0000
007D
0000
0000
0000
0000
0054
0000
0000
0000
0000
00D0
0000
0000
0182
0000
0000
0000
00B5
0000
0000
017E
0000
0000
0231
0000
0000
011A
0000
0000
0000
014A
01B0
0000
00E9
0000
0000
0000
0000
031C
0000
0000
0104
0000
0000
0000
018F
0064
0000
0000
0000
0000
0000
0000
01C1
0000
0000
0000
0000
0000
0000
006F
0000
0000
0000
0000
0000
0000
0000
0252
0000
0000
0000
0000
0000
0000
0000
0000
0000
0000
0000
0000
00E8
019C
0000
0000
0000
0000
0000
0000
0000
0200
0000
0000
0019
0100
0000
0000
0000
0000
00BA
0000
0007
0000
0000
0000
0000
0000
0188
0000
0000
01AB
0000
0000
0000
0000
0000
0000
011B
01FF
0000
0000
0000
0000
0000
0000
023A
0000
0000
0000
0000
0090
0000
0000
0000
0000
0000
00A4
0000
034C
0000
048A
0000
02CA
0000
0000
0000
0165
028B
0000
0000
0000
0000
0000
01E9
0000
0000
0000
0000
0000
0000
0000
0000
02AD
0000
0000
00B3
0000
0105
0000
0000
0000
0000
0000
0000
0000
01CB
0000
0000
0000
0000
036C
0000
010A
0000
0000
0000
0000
0000
007D
0000
0000
00E1
0000
0015
01E9
0000
0000
0032
010D
0000
0000
0107
0000
0260
0000
0000
0000
0000
0000
0000
0000
0000
002F
0000
0000
0000
0000
0000
0000
0000
0000
0000
0000
0262
0000
0000
0000
0000
0000
0000
0000
0000
0000
0000
0222
0000
0062
019F
0000
0000
0000
0000
0000
0000
0000
0000
0000
0000
0000
0194
0000
0000
0000
0000
016C
0227
0000
0000
0000
0000
0000
0000
0000
0000
0000
005B
0000
0288
0000
00A7
0000
0000
0000
0000
01A9
0000
0095
0000
0000
0000
04A2
0000
0000
0000
0000
0000
0000
0000
0000
0000
0000
0000
0000
0000
0182
0000
0000
0000
0000
0144
0000
0000
0000
0000
0157
0000
0000
0000
0000
0357
0000
0129
0012
0000
0079
002B
0000
0197
0000
0000
0002
0000
0000
0000
018E
0000
0000
0000
0000
0000
02A7
0000
0000
0000
0000
0000
019B
0000
01BF
0000
0000
0000
0000
0000
0000
0000
0000
0000
0000
0000
0000
0000
0000
0000
0000
0000
00D4
0000
0000
0000
0000
0000
00E5
0000
0000
0000
0000
0409
0000
0000
0000
0000
0000
011C
0000
0000
0000
0000
0000
0000
0000
0000
0000
0000
0000
0000
0000
0000
03A6
0000
00D0
0000
01D7
0000
0000
0000
0000
04BF
0000
0000
008D
0000
0000
0329
0000
0000
00C5
0000
0000
010A
0082
0000
0000
0000
0000
0000
0000
0000
0000
0000
0000
0000
0000
0000
0000
0000
00D6
0000
003D
0000
0000
0000
0060
0000
0209
0000
0000
0000
0000
0000
0000
01D0
0000
00D9
0007
0000
0000
020D
0000
0221
0198
0000
0000
016C
0000
00A6
0000
0000
0000
0000
00D1
0000
02F2
0000
0000
0201
0000
0000
0236
0000
01BF
02A1
0000
0000
0000
00D6
0000
0301
0000
0000
0000
0000
0000
013D
0000
0000
0000
0000
0000
0000
0000
0000
0000
0000
0000
0000
0000
015A
0000
0000
0038
0147
0000
012C
0043
0000
0145
0000
0000
0000
0000
003C
0394
0000
0000
0000
0000
00AD
0000
02CB
0000
0060
006A
0000
00AC
0000
0000
0000
0000
0000
0000
0000
0000
0000
0000
0000
0000
0039
0000
00B8
0000
0000
0000
0000
0000
0000
0000
02CC
0000
0085
0000
0000
004C
0000
0000
0000
0000
0000
0000
0096
0000
0000
0000
0000
0000
003F
0000
0000
011C
0000
0000
0000
0000
0000
015B
0000
0000
0000
0000
0000
01B2
0000
01CA
0000
0000
0000
0000
0000
0000
0000
0000
016D
0098
0000
00DB
0079
0000
0025
0000
0000
03D3
0000
042F
0000
0000
0000
0298
0000
0019
0000
00C5
0000
0000
0000
0000
0000
023F
0000
0000
0000
0000
0000
0289
0000
01DC
0000
008E
0000
0000
00B4
0000
0000
0000
00B9
0000
0000
0000
0000
0000
0170
0000
0000
0322
0000
0000
0000
0000
0000
0000
0000
0000
0000
0000
0261
0240
0000
0000
0000
0000
0000
0000
0000
030A
0000
011D
0000
0000
0000
0000
00A5
0000
0039
0000
0000
0000
0000
0000
0000
0000
010C
0000
0000
0046
0000
0000
0000
0000
0000
0000
0000
0000
0000
0000
031D
0000
0000
0000
0000
01CE
0000
0000
0000
0000
0075
039C
0000
011C
0000
0000
0000
0000
058B
01A4
0000
02BA
0000
0000
01E1
0000
0000
0000
0000
0000
0000
0000
00DE
0000
0000
0000
014C
0000
0000
0000
0088
0000
0000
0000
0000
0000
0000
0039
0000
00C5
0002
0000
02E6
0000
0000
0000
0000
0000
00E7
00E6
0000
01CD
0000
0000
0090
0057
0000
0000
0073
010E
01BD
01D5
0000
0547
0000
0000
0095
0000
0000
03C4
0000
0000
0000
0000
0000
0000
0060
0000
0000
0000
0049
0000
0001
0072
0000
0000
0000
0000
0000
0000
002A
01C1
0000
0191
0000
0000
0182
0000
0000
0196
0000
0000
0000
000C
0000
0000
0000
0000
0000
0000
0000
0000
0000
0535
0000
0000
0000
0000
0000
01C5
0000
0000
03EB
0000
0000
0000
0000
0000
0000
0000
01E3
00E4
0000
0000
0000
0000
0000
0000
0000
0000
0000
0000
0000
02E2
01BB
0000
0000
0000
0000
0000
0000
0000
0000
0000
0000
0000
0000
0103
0000
0000
0000
00F5
0000
0000
006A
0000
01D7
0000
0000
00C6
0000
0000
0000
0000
0000
0000
0000
0000
0000
0000
0000
0000
03F0
0000
0000
0000
0000
0000
0000
0000
0115
00D1
0000
0662
0000
0000
01A9
0000
0000
0000
00E0
00FD
0000
012F
0000
0000
0000
01CD
0000
0000
0000
0000
0000
0253
0000
0000
0000
0000
00CD
0000
03E3
0000
0000
0075
0000
0000
04BB
0000
0000
0000
0000
0000
01E5
0000
01FD
0000
00E3
0000
0000
0000
001F
0000
0343
0311
0000
0000
0483
0000
0000
0000
0000
004F
03F3
01E7
0000
0000
024B
0000
0000
0000
0000
0000
0000
0000
0000
02FF
0000
0000
0000
0000
0000
0000
0000
0000
0038
0000
0000
0011
0000
005B
0000
0269
0000
0000
0000
0000
0170
0000
0000
0086
00ED
0000
0000
0000
0000
0000
0000
00C2
0000
0000
0000
0000
0031
0000
019E
0000
0000
0000
0000
0000
0000
0000
0000
01BE
0000
0085
0000
0000
0000
0000
0000
0000
0000
0307
0000
02D7
0074
0000
0000
0000
00AF
0000
0000
0000
0259
0000
0000
0000
0000
0000
0083
0000
0000
036C
0000
0000
0000
022D
0000
005C
0000
0000
0000
0000
0000
0000
0000
0000
0000
0000
0000
0161
0000
023F
0000
0000
0000
0000
0000
00F8
0000
0000
02DB
007B
0350
0181
01AB
0000
0259
0196
0000
0152
013A
027F
0050
0390
0362
0152
0237
0000
0010
01BF
01A6
0000
03D7
02D9
0000
01B5
012F
0017
02D2
02B8
0000
007A
0263
0000
012F
00CD
00EC
0000
01A9
01DC
0000
0302
0000
0096
01ED
0000
0027
02FB
0000
01A8
037B
0000
01BA
020B
006F
017B
006C
02E3
0000
0000
01EC
019A
01D5
01D2
00B6
01CC
0000
0000
0000
0000
0000
0000
0000
0000
0000
0000
0000
0000
0000
0000
0000
0000
0000
0000
0000
0000
0000
0000
0000
0000
0000
0000
0000
0000
0000
0000
0000
0000
0000
0000
0000
0000
0000
0000
0000
0000
0000
0000
0000
0000
0000
0000
0000
0000
0000
0000
0000
0000
0000
0000
0000
0000
0000
0000
0000
0000
0000
0000
0000
016C
0000
0000
0000
0000
0000
0000
0000
0000
0000
0000
0000
0000
0000
0000
0000
0000
0000
0000
0000
0000
0000
0000
0000
0000
0000
0000
0000
0000
0000
0000
0000
0000
0000
0000
0000
0000
0000
0000
0000
0000
0000
0000
0000
0000
0000
0000
0000
0000
0000
0000
0000
0000
0000
0000
0000
0000
0000
0000
0000
0000
0000
0000
0000
0000
0000
0000
0000
0000
0000
0000
0000
0000
0000
0000
0000
0000
0000
0000
0000
0000
0000
0000
0000
0000
0000
0000
0000
0000
0000
0000
0000
0000
0000
0000
0000
0000
0000
0000
0000
0000
0000
0000
0000
0000
0000
0000
0000
0000
0000
0000
0000
0000
0000
0000
0000
0000
0000
0000
0000
0000
0000
0000
0000
0000
0000
0000
0000
0000
0000
0000
0000
0000
0000
0000
0000
0000
0000
0000
0000
0000
0000
0000
0000
0000
0000
0000
0000
0000
0000
0000
0000
0000
0000
0000
0000
0000
0000
0000
0000
0000
0000
0000
0000
0000
0000
0000
0000
0000
0000
0000
0000
0000
0000
0000
0000
0000
0000
0000
0000
0000
0000
0000
0000
0000
0000
0000
0000
0000
0000
0000
0000
0000
0000
0000
0000
0000
0000
0000
0000
0000
0000
0000
0000
0000
0000
0000
0000
0000
0000
0000
0000
0000
0000
0000
0000
0000
0000
0000
0000
0000
0000
0000
0000
0000
0000
0000
0000
0000
0000
0000
0051
0000
0000
0000
0000
0000
0000
0000
0000
0000
0000
0000
0000
0000
0000
0000
0000
0000
0000
0000
0000
0000
0000
0000
0000
0000
0000
0000
0000
0000
0000
0000
0000
0000
0000
0000
0000
0000
0000
0000
0000
0000
0000
0000
0000
0000
0000
0000
0000
0000
0000
0000
0000
0000
0000
0000
0000
0000
0000
0000
0000
0000
0000
0000
0000
0000
0000
0000
0000
0000
0000
0000
0000
0000
0000
0000
0000
0000
0000
0000
0000
0000
0000
0000
0000
0000
0000
0000
0000
015D
0000
0000
0000
0000
0000
0000
0000
0000
0000
0000
0000
0000
0000
0000
0000
0000
0000
0000
0000
0000
0000
0000
0000
0000
0000
0000
0000
0000
0000
0000
0000
0000
0000
0000
0000
0000
0000
0000
0000
0000
0000
0000
0000
0000
0000
0000
0000
0000
0000
0000
0000
0000
0000
0000
0000
0000
0000
0000
0000
0000
0000
0000
0000
0011
0000
0000
0000
0000
0000
0000
0000
0000
0000
0000
0000
0000
0000
0000
0000
0000
0000
0000
0000
0000
0000
0000
0000
0000
0000
0000
0000
0000
0000
0000
0000
0000
0000
0000
0000
0000
0000
0000
0000
0000
0000
0000
0000
0000
0000
0000
0000
0000
0000
0000
0000
0000
0000
0000
0000
0000
0000
0000
0000
0000
0000
0000
0000
00F3
0000
0000
0000
0000
0000
0000
0000
0000
0000
0000
0000
0000
0000
0000
0000
0000
0000
0000
0000
0000
0000
0000
0000
0000
0000
0000
0000
0000
0000
0000
0000
0000
0000
0000
0000
0000
0000
0000
0000
0000
0000
0000
0000
0000
0000
0000
0000
0000
0000
0000
0000
0000
0000
0000
0000
0000
0000
0000
0000
0000
0000
0000
0000
0000
0000
0000
0000
0000
0000
0000
0000
0000
0000
0000
0000
0000
0000
0000
0000
0000
0000
0000
0000
0000
0000
0000
0000
0000
0000
0000
0000
0000
0000
0000
0000
0000
0000
0000
0000
0000
0000
0000
0000
0000
0000
0000
0000
0000
0000
0000
0000
0000
0000
0000
0000
0000
0000
0000
0000
0000
0000
0000
0000
0000
0000
0000
0000
0000
0000
0000
0000
0000
0000
0000
0000
0000
0000
0000
0000
0000
0000
0000
0000
0000
0000
0000
0000
0000
0000
0000
0000
0000
0000
0000
0000
0000
0000
0000
0000
0000
0000
0000
0000
0000
0000
0000
0000
0000
0000
0000
0000
0000
0000
0000
0000
0000
0000
0000
0000
0000
0000
0000
0000
0000
0000
0000
0000
0000
0000
0000
0000
0000
0000
0000
0000
0000
0000
0000
0000
0000
0000
0000
0000
0000
0000
0000
0000
0000
0000
0000
0000
0000
0000
0000
0000
0000
0000
0000
0000
0000
0000
0000
0000
0000
0000
0000
0000
0000
0000
0000
0000
0000
0000
0000
0000
0000
0000
0000
0000
0000
0000
0000
0000
0000
0000
0000
0000
0000
0000
0000
0000
0000
00B7
0000
0000
01E6
0000
0000
0000
0000
0000
0000
0000
0000
0000
0000
0000
0000
0000
0000
0000
0000
0000
0000
0000
0000
0000
0000
0000
0000
0000
0000
0000
0000
0000
0000
0000
0000
0000
0000
0000
0000
0000
0000
0000
0000
0000
0000
0000
0000
0000
0000
0000
0000
0000
0000
0000
0000
0000
0000
0000
0000
0000
0000
0000
0008
0000
0000
0000
0000
0000
0000
0000
0000
0000
0000
0000
0000
0000
0000
0000
0000
0000
0000
0000
0000
0000
0000
0000
0000
0000
0000
0000
0000
0000
0000
0000
0000
0000
0000
0000
0000
0000
0000
0000
0000
0000
0000
0000
0000
0000
0000
0000
0000
0000
0000
0000
0000
0000
0000
0000
0000
0000
0000
0000
0000
0000
0000
0000
0000
0000
0000
0000
0128
0000
0000
0000
0000
0000
0000
0000
0000
0000
0000
0000
0000
0000
0000
0000
0000
0000
0000
0000
0000
0000
0000
0000
0000
0000
0000
0000
0000
0000
0000
0000
0000
0000
0000
0000
0000
0000
0000
0000
0000
0000
0000
0000
0000
0000
0000
0000
0000
0000
0000
0000
0000
0000
0000
0000
0000
0000
0000
0000
0000
0000
0000
0000
0370
0000
0000
0000
0000
0000
0000
0000
0000
0000
0000
0000
0000
0000
0000
0000
0000
0000
0000
0000
0000
0000
0000
0000
0000
0000
0000
0000
0000
0000
0000
0000
0000
0000
0000
0000
0000
0000
0000
0000
0000
0000
0000
0000
0000
0000
0000
0000
0000
0000
0000
0000
0000
0000
0000
0000
0000
0000
0000
0000
0000
0000
0000
0000
0000
0000
0000
0000
0000
0000
0000
0000
0000
0000
0000
0000
0000
0000
0000
0000
0000
0000
0000
0000
0000
0000
0000
0000
0000
0000
0000
0000
0000
0000
0000
0000
0000
0000
0000
0000
0000
0000
0000
0000
0000
0000
0000
0000
0000
0000
0000
0000
0000
0000
0000
0000
0000
0000
0000
0000
0000
0000
0000
0000
0000
0000
0000
0000
0138
0000
0000
0000
0000
0000
0000
0000
0000
0000
0000
0000
0000
0000
0000
0000
0000
0000
0000
0000
0000
0000
0000
0000
0000
0000
0000
0000
0000
0000
0000
0000
0000
0000
0000
0000
0000
0000
0000
0000
0000
0000
0000
0000
0000
0000
0000
0000
0000
0000
0000
0000
0000
0000
0000
0000
0000
0000
0000
0000
0000
0000
0000
0000
0000
0000
0000
0000
0000
0000
0000
0000
0000
0000
0000
0000
0000
0000
0000
0000
0000
0000
0000
0000
0000
0000
0000
0000
0000
0000
0000
0000
0000
0000
0000
0000
0000
0000
0000
0000
0000
0000
0000
0000
0000
0000
0000
0000
0000
0000
0000
0000
0000
0000
0000
0000
0000
0000
0000
0000
0000
0000
0000
0000
0000
0000
0000
0000
0000
0000
0000
0000
0000
0000
0000
0000
0000
0000
0000
0000
0000
0000
0000
0000
0000
0000
0000
0000
0000
0000
0000
0000
0000
0000
0000
0000
0000
0000
0000
0000
0000
0000
0000
0000
0000
0000
0000
0000
0000
0000
0000
0000
0000
0000
0000
0000
0000
0000
0000
0000
0000
0000
0000
0000
0000
0000
0000
0000
0000
0000
0000
0000
0022
0000
0000
0000
0000
0000
0000
0000
0000
0000
0000
0000
0000
0000
0000
0000
0000
0000
0000
0000
0000
0000
0000
0000
0000
0000
0000
0000
0000
0000
0000
0000
0000
0000
0000
0000
0000
0000
0000
0000
0000
0000
0000
0000
0000
0000
0000
0000
0000
0000
0000
0000
0000
0000
0000
0000
0000
0000
0000
0000
0000
0000
0000
0000
0000
0000
0000
0000
0000
0000
0000
0000
0000
0000
0000
0000
0000
0000
0000
0000
0000
0000
0000
0000
0000
0000
0000
0000
0000
0000
0000
0000
0000
0000
0000
0000
0000
0000
0000
0000
0000
0000
0000
0000
0000
0000
0000
0000
0000
0000
0000
0000
0000
0000
0000
0000
0000
0000
0000
0000
0000
0000
0000
0000
0000
0000
0000
0000
00BC
0000
0000
0000
0000
0000
0000
0000
0000
0000
0000
0000
0000
0000
0000
0000
0000
0000
0000
0000
0000
0000
0000
0000
0000
0000
0000
0000
0000
0000
0000
0000
0000
0000
0000
0000
0000
0000
0000
0000
0000
0000
0000
0000
0000
0000
0000
0000
0000
0000
0000
0000
0000
0000
0000
0000
0000
0000
0000
0000
0000
0000
0000
0000
029E
0000
0000
0000
0000
0000
0000
0000
0000
0000
0000
0000
0000
0000
0000
0000
0000
0000
0000
0000
0000
0000
0000
0000
0000
0000
0000
0000
0000
0000
0000
0000
0000
0000
0000
0000
0000
0000
0000
0000
0000
0000
0000
0000
0000
0000
0000
0000
0000
0000
0000
0000
0000
0000
0000
0000
0000
0000
0000
0000
0000
0000
0000
0000
0000
0000
0000
0000
0000
0000
0000
0000
0000
0000
0000
0000
0000
0000
0000
0000
0000
0000
0000
0000
0000
0000
0000
0000
0000
0000
0000
0000
0000
0000
0000
0000
0000
0000
0000
0000
0000
0000
0000
0000
0000
0000
0000
0000
0000
0000
0000
0000
0000
0000
0000
0000
0000
0000
0000
0000
0000
0000
0000
0000
0000
0000
0000
0000
024A
0000
0000
0000
0000
0000
0000
0000
0000
0000
0000
0000
0000
0000
0000
0000
0000
0000
0000
0000
0000
0000
0000
0000
0000
0000
0000
0000
0000
0000
0000
0000
0000
0000
0000
0000
0000
0000
0000
0000
0000
0000
0000
0000
0000
0000
0000
0000
0000
0000
0000
0000
0000
0000
0000
0000
0000
0000
0000
0000
0000
0000
0000
0000
0000
0000
0000
0000
0000
0000
0000
0000
0000
0000
0000
0000
0000
0000
0000
0000
0000
0000
0000
0000
0000
0000
0000
0000
0000
0000
0000
0000
0000
0000
0000
0000
0000
0000
0000
0000
0000
0000
0000
0000
0000
0000
0000
0000
0000
0000
0000
0000
0000
0000
0000
0000
0000
0000
0000
0000
0000
0000
0000
0000
0000
0000
0000
0000
0000
0000
0000
0000
0000
0000
0000
0000
0000
0000
0000
0000
0000
0000
0000
0000
0000
0000
0000
0000
0000
0000
0000
0000
0000
0000
0000
0000
0000
0000
0000
0000
0000
0000
0000
0000
0000
0000
0000
0000
0000
0000
0000
0000
0000
0000
0000
0000
0000
0000
0000
0000
0000
0000
0000
0000
0000
0000
0000
0000
0000
0000
0000
0000
0131
0000
0000
0000
0000
0000
0000
0000
0000
0000
0000
0000
0000
0000
0000
0000
0000
0000
0000
0000
0000
0000
0000
0000
0000
0000
0000
0000
0000
0000
0000
0000
0000
0000
0000
0000
0000
0000
0000
0000
0000
0000
0000
0000
0000
0000
0000
0000
0000
0000
0000
0000
0000
0000
0000
0000
0000
0000
0000
0000
0000
0000
0000
0000
0022
0000
0000
0000
0000
0000
0000
0000
0000
0000
0000
0000
0000
0000
0000
0000
0000
0000
0000
0000
0000
0000
0000
0000
0000
0000
0000
0000
0000
0000
0000
0000
0000
0000
0000
0000
0000
0000
0000
0000
0000
0000
0000
0000
0000
0000
0000
0000
0000
0000
0000
0000
0000
0000
0000
0000
0000
0000
0000
0000
0000
0000
0000
0000
0081
0000
0000
0000
0000
0000
0000
0000
0000
0000
0000
0000
0000
0000
0000
0000
0000
0000
0000
0000
0000
0000
0000
0000
0000
0000
0000
0000
0000
0000
0000
0000
0000
0000
0000
0000
0000
0000
0000
0000
0000
0000
0000
0000
0000
0000
0000
0000
0000
0000
0000
0000
0000
0000
0000
0000
0000
0000
0000
0000
0000
0000
0000
0000
01A7
0000
0000
0000
0000
0000
0000
0000
0000
0000
0000
0000
0000
0000
0000
0000
0000
0000
0000
0000
0000
0000
0000
0000
0000
0000
0000
0000
0000
0000
0000
0000
0000
0000
0000
0000
0000
0000
0000
0000
0000
0000
0000
0000
0000
0000
0000
0000
0000
0000
0000
0000
0000
0000
0000
0000
0000
0000
0000
0000
0000
0000
0000
0000
0000
0000
0000
0000
0000
0000
0000
0000
0000
0000
0000
0000
0000
0000
0000
0000
0000
0000
0000
0000
0000
0000
0000
0000
0000
0000
0000
0000
0000
0000
0000
0000
0000
0000
0000
0000
0000
0000
0000
0000
0000
0000
0000
0000
0000
0000
0000
0000
0000
0000
0000
0000
0000
0000
0000
0000
0000
0000
0000
0000
0000
0000
0000
0000
0000
0000
0000
0000
0000
0000
0000
0000
0000
0000
0000
0000
0000
0000
0000
0000
0000
0000
0000
0000
0000
0000
0000
0000
0000
0000
0000
0000
0000
0000
0000
0000
0000
0000
0000
0000
0000
0000
0000
0000
0000
0000
0000
0000
0000
0000
0000
0000
0000
0000
0000
0000
0000
0000
0000
0000
0000
0000
0000
0000
0000
0000
0000
0000
0153
0000
0000
0000
0000
0000
0000
0000
0000
0000
0000
0000
0000
0000
0000
0000
0000
0000
0000
0000
0000
0000
0000
0000
0000
0000
0000
0000
0000
0000
0000
0000
0000
0000
0000
0000
0000
0000
0000
0000
0000
0000
0000
0000
0000
0000
0000
0000
0000
0000
0000
0000
0000
0000
0000
0000
0000
0000
0000
0000
0000
0000
0000
0000
0000
0000
0000
0000
0000
0000
0000
0000
0000
0000
0000
0000
0000
0000
0000
0000
0000
0000
0000
0000
0000
0000
0000
0000
0000
0000
0000
0000
0000
0000
0000
0000
0000
0000
0000
0000
0000
0000
0000
0000
0000
0000
0000
0000
0000
0000
0000
0000
0000
0000
0000
0000
0000
0000
0000
0000
0000
0000
0000
0000
0000
0000
0000
0000
0026
0000
0000
0000
0000
0000
0000
0000
0000
0000
0000
0000
0000
0000
0000
0000
0000
0000
0000
0000
0000
0000
0000
0000
0000
0000
0000
0000
0000
0000
0000
0000
0000
0000
0000
0000
0000
0000
0000
0000
0000
0000
0000
0000
0000
0000
0000
0000
0000
0000
0000
0000
0000
0000
0000
0000
0000
0000
0000
0000
0000
0000
0000
0000
0338
0000
0000
0000
0000
0000
0000
0000
0000
0000
0000
0000
0000
0000
0000
0000
0000
0000
0000
0000
0000
0000
0000
0000
0000
0000
0000
0000
0000
0000
0000
0000
0000
0000
0000
0000
0000
0000
0000
0000
0000
0000
0000
0000
0000
0000
0000
0000
0000
0000
0000
0000
0000
0000
0000
0000
0000
0000
0000
0000
0000
0000
0000
0000
0230
0000
0000
0000
0000
0000
0000
0000
0000
0000
0000
0000
0000
0000
0000
0000
0000
0000
0000
0000
0000
0000
0000
0000
0000
0000
0000
0000
0000
0000
0000
0000
0000
0000
0000
0000
0000
0000
0000
0000
0000
0000
0000
0000
0000
0000
0000
0000
0000
0000
0000
0000
0000
0000
0000
0000
0000
0000
0000
0000
0000
0000
0000
0000
0000
0000
0000
0000
0000
0000
0000
0000
0000
0000
0000
0000
0000
0000
0000
0000
0000
0000
0000
0000
0000
0000
0000
0000
0000
0000
0000
0000
0000
0000
0000
0000
0000
0000
0000
0000
0000
0000
0000
0000
0000
0000
0000
0000
0000
0000
0000
0000
0000
0000
0000
0000
0000
0000
0000
0000
0000
0000
0000
0000
0000
0000
0000
0000
0000
0000
0000
0000
0000
0000
0000
0000
0000
0000
0000
0000
0000
0000
0000
0000
0000
0000
0000
0000
0000
0000
0000
0000
0000
0000
0000
0000
0000
0000
0000
0000
0000
0000
0000
0000
0000
0000
0000
0000
0000
0000
0000
0000
0000
0000
0000
0000
0000
0000
0000
0000
0000
0000
0000
0000
0000
0000
0000
0000
0000
0000
0000
0000
0000
0000
0000
0000
0000
0000
0000
0000
0000
0000
0000
0000
0000
0000
0000
0000
0000
0000
0000
0000
0000
0000
0000
0000
0000
0000
0000
0000
0000
0000
0000
0000
0000
0000
0000
0000
0000
0000
0000
0000
0000
0000
0000
0000
0000
0000
0000
0000
0000
0000
0000
0000
0000
0000
0000
0000
0000
0000
0000
0000
0000
0000
0000
0000
0000
0000
0000
0000
0000
0000
0000
0000
0000
0000
0000
0000
0000
0000
0000
0000
0000
0000
0000
0000
0000
0000
0000
0000
0000
0000
0000
0000
0000
0000
0000
0000
0000
0000
0000
0000
0000
0000
0000
0000
0000
0000
0000
0000
0000
0000
0000
0000
0000
0000
0000
0000
0000
0000
0000
0000
0000
0000
0000
0000
0000
0000
0000
0000
0000
0000
0000
0000
0000
0000
0000
0000
0000
0000
0000
0000
0000
0000
0000
0000
0000
0000
0000
0000
0000
0000
0000
0000
0000
0000
0000
0000
0000
0000
0000
0000
0000
0000
0000
0000
0000
0000
0000
0000
0000
0000
0000
0000
0000
0000
0000
0000
0000
0000
0000
0000
0000
0000
0000
0000
0000
0000
0000
0000
0000
0000
0000
0000
0000
0000
0000
0000
0000
0000
0000
0000
0000
0000
0000
0000
0000
0000
0000
0000
0000
0000
0000
0000
0000
0000
0000
0000
0000
0000
0000
0000
0000
0000
0000
0000
0000
0000
0000
0000
0000
0000
0000
0000
0000
0000
0000
0000
0000
0000
0000
0000
0000
0000
0000
0000
0000
0000
0000
0000
0000
0000
0000
0000
0000
0000
0000
0000
01DF
0000
0000
0000
0000
0000
0000
0000
0000
0000
0000
0000
0000
0000
0000
0000
0000
0000
0000
0000
0000
0000
0000
0000
0000
0000
0000
0000
0000
0000
0000
0000
0000
0000
0000
0000
0000
0000
0000
0000
0000
0000
0000
0000
0000
0000
0000
0000
0000
0000
0000
0000
0000
0000
0000
0000
0000
0000
0000
0000
0000
0000
0000
0000
03F1
0000
0000
0000
0000
0000
0000
0000
0000
0000
0000
0000
0000
0000
0000
0000
0000
0000
0000
0000
004D
0000
0000
0000
0000
0000
0000
0000
0000
0000
0000
0000
0000
0000
0000
0000
0000
0000
0000
0000
0000
0000
0000
0000
0000
0000
0000
0000
0000
0000
0000
0000
0000
0000
0000
0000
0000
0000
0000
0000
0000
0000
0000
0000
0084
0000
0000
0000
0000
0000
0000
0000
0000
0000
0000
0000
0000
0000
0000
0000
0000
0000
0000
0000
0000
0000
0000
0000
0000
0000
0000
0000
0000
0000
0000
0000
0000
0000
0000
0000
0000
0000
0000
0000
0000
0000
0000
0000
0000
0000
0000
0000
0000
0000
0000
0000
0000
0000
0000
0000
0000
0000
0000
0000
0000
0000
0000
0000
0222
0000
0000
0000
0000
0000
0000
0000
0000
0000
0000
0000
0000
0000
0000
0000
0000
0000
0000
0000
0000
0000
0000
0000
0000
0000
0000
0000
0000
0000
0000
0000
0000
0000
0000
0000
0000
0000
0000
0000
0000
0000
0000
0000
0000
0000
0000
0000
0000
0000
0000
0000
0000
0000
0000
0000
0000
0000
0000
0000
0000
0000
0000
0000
00E7
0000
0000
0000
0000
0000
0000
0000
0000
0000
0000
0000
0000
0000
0000
0000
0000
0000
0000
0000
0000
0000
0000
0000
0000
0000
0000
0000
0000
0000
0000
0000
0000
0000
0000
0000
0000
0000
0000
0000
0000
0000
0000
0000
0000
0000
0000
0000
0000
0000
0000
0000
0000
0000
0000
0000
0000
0000
0000
0000
0000
0000
0000
0000
00D4
0000
0000
0000
0000
0000
0000
0000
0000
0000
0000
0000
0000
0000
0000
0000
0000
0000
0000
0000
0000
0000
0000
0000
0000
0000
0000
0000
0000
0000
0000
0000
0000
0000
0000
0000
0000
0000
0000
0000
0000
0000
0000
0000
0000
0000
0000
0000
0000
0000
0000
0000
0000
0000
0000
0000
0000
0000
0000
0000
0000
0000
0000
0000
0000
0000
0000
0000
0000
0000
0000
0000
0000
0000
0000
0000
0000
0000
0000
0000
0000
0000
0000
0000
0000
0000
0000
0000
0000
0000
0000
0000
0000
0000
0000
0000
0000
0000
0000
0000
0000
0000
0000
0000
0000
0000
0000
0000
0000
0000
0000
0000
0000
0000
0000
0000
0000
0000
0000
0000
0000
0000
0000
0000
0000
0000
0000
0000
0000
0000
0000
0000
0000
0000
0000
0000
0000
0000
0000
0000
0000
0000
0000
0000
0000
0000
0000
0000
0000
0000
0000
0000
0000
0000
0000
0000
0000
0000
0000
0000
0000
0000
0000
0000
0000
0000
0000
0000
0000
0000
0000
0000
0000
0000
0000
0000
0000
0000
0000
0000
0000
0000
0000
0000
0000
0000
0000
0000
0000
0000
0000
0000
0000
0000
0000
0000
0000
0000
0000
0000
0000
0000
0000
0000
0000
0000
0000
0000
0000
0000
0000
0000
0000
0000
0000
0000
0000
0000
0000
0000
0000
0000
0000
0000
0000
0000
0000
0000
0000
0000
0000
0000
0000
0000
0000
0000
0000
0000
0000
0000
0000
0000
0000
0000
0000
0000
0000
0000
0000
0000
0000
0000
0000
0000
0000
0000
002D
0000
0000
0000
0000
0000
0000
0000
0000
0000
0000
0000
0000
0000
0000
0000
0000
0000
0000
0000
0000
0000
0000
0000
0000
0000
0000
0000
0000
0000
0000
0000
0000
0000
0000
0000
0000
0000
0000
0000
0000
0000
0000
0000
0000
0000
0000
0000
0000
0000
0000
0000
0000
0000
0000
0000
0000
0000
0000
0000
0000
0000
0000
0000
015A
0000
0000
0000
0000
0000
0000
0000
0000
0000
0000
0000
0000
0000
0000
0000
0000
0000
0000
0000
0000
0000
0000
0000
0000
0000
0000
0000
0000
0000
0000
0000
0000
0000
0000
0000
0000
0000
0000
0000
0000
0000
0000
0000
0000
0000
0000
0000
0000
0000
0000
0000
0000
0000
0000
0000
0000
0000
0000
0000
0000
0000
0000
0000
016D
0000
0000
0000
0000
0000
0000
0000
0000
0000
0000
0000
0000
0000
0000
0000
0000
0000
0000
0000
0000
0000
0000
0000
0000
0000
0000
0000
0000
0000
0000
0000
0000
0000
0000
0000
0000
0000
0000
0000
0000
0000
0000
0000
0000
0000
0000
0000
0000
0000
0000
0000
0000
0000
0000
0000
0000
0000
0000
0000
0000
0000
0000
0000
0000
0000
0000
0000
0000
0000
0000
0000
0000
0000
0000
0000
0000
0000
0000
0000
0000
0000
0000
0000
0000
0000
0000
0000
0000
0000
0000
0000
0000
0000
0000
0000
0000
0000
0000
0000
0000
0000
0000
0000
0000
0000
0000
0000
0000
0000
0000
0000
0000
0000
0000
0000
0000
0000
0000
0000
0000
0000
0000
0000
0000
0000
0000
0000
00E4
0000
0000
0000
0000
0000
0000
0000
0000
0000
0000
0000
0000
0000
0000
0000
0000
0000
0000
0000
0000
0000
0000
0000
0000
0000
0000
0000
0000
0000
0000
0000
0000
0000
0000
0000
0000
0000
0000
0000
0000
0000
0000
0000
0000
0000
0000
0000
0000
0000
0000
0000
0000
0000
0000
0000
0000
0000
0000
0000
0000
0000
0000
0000
00AC
0000
0000
0000
0000
0000
0000
0000
0000
0000
0000
0000
0000
0000
0000
0000
0000
0000
0000
0000
0000
0000
0000
0000
0000
0000
0000
0000
0000
0000
0000
0000
0000
0000
0000
0000
0000
0000
0000
0000
0000
0000
0000
0000
0000
0000
0000
0000
0000
0000
0000
0000
0000
0000
0000
0000
0000
0000
0000
0000
0000
0000
0000
0000
0000
0000
0000
0000
0000
0000
0000
0000
0000
0000
0000
0000
0000
0000
0000
0000
0000
0000
0000
0000
0000
0000
0000
0000
0000
0000
0000
0000
0000
0000
0000
0000
0000
0000
0000
0000
0000
0000
0000
0000
0000
0000
0000
0000
0000
0000
0000
0000
0000
0000
0000
0000
0000
0000
0000
0000
0000
0000
0000
0000
0000
0000
0000
0000
018F
0000
0000
0000
0000
0000
0000
0000
0000
0000
0000
0000
0000
0000
0000
0000
0000
0000
0000
0000
0000
0000
0000
0000
0000
0000
0000
0000
0000
0000
0000
0000
0000
0000
0000
0000
0000
0000
0000
0000
0000
0000
0000
0000
0000
0000
0000
0000
0000
0000
0000
0000
0000
0000
0000
0000
0000
0000
0000
0000
0000
0000
0000
0000
00D1
0000
0000
0000
0000
0000
0000
0000
0000
0000
0000
0000
0000
0000
0000
0000
0000
0000
0000
0000
0000
0000
0000
0000
0000
0000
0000
0000
0000
0000
0000
0000
0000
0000
0000
0000
0000
0000
0000
0000
0000
0000
0000
0000
0000
0000
0000
0000
0000
0000
0000
0000
0000
0000
0000
0000
0000
0000
0000
0000
0000
0000
0000
0000
0000
0000
0000
0000
0000
0000
0000
0000
0000
0000
0000
0000
0000
0000
0000
0000
0000
0000
0000
0000
0000
0000
0000
0000
0000
0000
0000
0000
0000
0000
0000
0000
0000
0000
0000
0000
0000
0000
0000
0000
0000
0000
0000
0000
0000
0000
0000
0000
0000
0000
0000
0000
0000
0000
0000
0000
0000
0000
0000
0000
0000
0000
0000
0000
0A90
0C75
118C
1070
1101
1007
12E0
1158
1153
1198
0F65
0F81
0D77
0CC9
0CD0
0CC9
0E86
0E84
0F8A
0FC7
102F
1362
11B2
1259
0FE8
146E
1141
12E1
0F8F
0FF4
0FC6
0CD1
0E2D
0CD8
10E3
0CFE
0E5D
0F73
1078
10EF
0FE7
12AB
0FA5
0F8E
0D4A
106B
0E35
0DBC
13EF
11F5
11D8
0FED
14C3
11F4
1132
1200
14C4
1421
0EFD
11DE
12A5
111E
1082
0C56
08B1
0ED8
1094
1170
1317
1217
12B8
1171
153F
0E31
0E59
10A8
107C
12E8
1165
0DAD
107D
1324
13A2
1415
15DA
12BC
1646
1698
1198
1035
17C0
1550
10DE
141D
1065
0DD0
100F
0EDB
0E00
0F7D
1080
0E65
1333
1265
0EE0
0F9D
11B3
0FA8
0E83
11CC
10FB
1066
12F7
166B
131B
0FD0
161A
1555
1637
1096
156D
16D9
1403
109B
134F
1337
0D10
084E
0964
1098
1151
1458
1254
13D8
1168
121D
0FE2
0F35
1721
1428
15B8
131F
110E
161D
13B4
1213
15AF
15D7
0F8D
1627
1594
1629
10AE
1457
11AF
12CA
13AC
0D11
1025
1043
0F16
0E30
10E2
10D6
1114
0FC0
1354
0C18
0C59
138D
1494
11C7
1116
0FB8
1306
0F3A
0E4A
10F2
11D6
1197
1444
1298
11F5
1397
124E
1522
1546
10AA
150F
0F86
0BCE
09B3
06BE
101A
116D
0FD2
10CA
12CB
1479
11CF
0F50
193F
131B
11BE
15AA
10AB
12E0
1675
139B
1123
0CE9
13A6
1679
14C1
15CD
10DE
150E
1516
141A
1604
100D
1387
176E
10C8
115A
1227
161E
1200
14B3
11B3
1179
12BF
10F8
138D
1563
1511
0F17
15B3
1326
0CF0
13C7
1390
0FD5
13E2
14E5
1420
0EE5
1598
134A
1098
1196
1559
0E4B
1191
137D
0C61
06E7
0F8C
123F
15FC
1374
0EB0
16B7
15EA
13AF
10E0
1261
136D
1380
17A9
1480
0F94
1230
1174
121C
128D
1308
1422
1253
1546
17B8
1383
1786
1604
13CC
178B
16B9
1603
12F2
0FFB
1623
14DC
138C
0EF0
1253
155D
1177
12BF
12FC
103B
1412
183C
11C0
10C9
0E42
1354
0FBE
0CF4
13B5
13E5
107C
1045
1178
0FB9
0E5C
119D
125B
1393
11C0
0D08
059B
110F
10FB
0FB9
0E7A
11D9
12B1
109D
12BA
0ED9
0DA7
13D7
1024
0F98
111E
146B
13CC
135C
1119
119F
0F68
137D
1404
14D3
14D9
0F14
1164
1226
142A
161B
167E
17B5
129F
1607
149B
12C3
1283
11C3
118D
1180
12B8
0FE6
110C
12EF
13FB
0E77
10C2
11AF
1183
0F69
0FDC
1044
09B6
115C
0FD0
0F9B
1182
0EFD
0B6C
1038
14D0
135A
0FDC
0D26
060A
0AFE
1040
1011
0CC2
1063
0C75
0F34
0C1E
0E7C
132B
1070
0E0E
129E
0D78
137A
0E9C
0F7C
129C
15B8
135C
1735
1453
14D5
1396
1529
1371
1172
15F9
11C4
1477
1487
1268
1442
1777
1703
0FF5
1539
148D
12DE
0ED9
0E82
1964
13B1
1354
192E
1575
14A1
186C
145C
0F92
0C0D
13C2
1379
0EA2
1050
12C9
11C5
11F6
155F
14A6
122D
108F
0B07
0782
1288
11BE
10F4
0CBA
0B55
0F8C
0ECB
1236
16CF
0FB4
12EA
15CF
11D7
0E3D
1386
12DB
14D1
130B
14FE
0F82
1353
11A8
14C8
13BE
179F
153A
133B
10B1
0D39
104B
13E9
115F
12D7
146E
136D
159D
13DF
12B0
0EEA
10DF
146E
1072
11FC
1607
14CE
164C
1510
1460
126B
1265
0FC8
119F
1591
10AC
0FF0
13D5
17B3
15E2
142B
11DE
13B9
0E25
0837
0A2C
1050
0F47
1199
0E40
0E73
16E1
1388
15AC
1320
125D
13ED
137A
18A4
141E
1445
16B5
0FC5
0BCB
0CA4
0FBA
1303
0EC4
158C
14F8
14CF
142C
10CE
1146
14CD
1076
0E6D
1418
12B1
10EC
168F
12C7
10C5
133F
124B
0F71
0F75
0E80
0E8F
13B5
1309
0ED4
1183
11F4
0FFA
126A
1043
1117
101B
13CB
1434
15F9
149E
129D
0FD5
0D37
1244
0F49
0DA0
05C3
0C0B
1147
12F6
1329
13EF
11A6
1151
15E3
0FA8
1686
15FE
125A
1459
1458
1233
0F7F
1329
1087
12AE
16B3
11AC
13A8
1181
0E7E
1278
1200
1142
191C
12F3
13F5
11BA
1333
10AA
1533
114F
1487
1560
11C4
1297
0BAF
0FFA
1256
1271
10B3
1342
133E
1070
1024
1374
12C9
13FA
1458
1045
1086
1373
1396
1201
0F08
0EE2
1166
0F0D
0F36
0D81
0599
0DF7
1042
13F0
148B
1152
113F
12F7
122D
1560
11E3
1089
1493
11F5
1281
122B
1455
1898
152B
1679
10F3
1286
135A
0E0D
1334
114B
122D
187D
17DA
132D
164D
146C
12C3
11E7
11D2
1537
185B
158B
13FE
1038
0F90
0FD6
13E1
101C
0EF9
1525
10C3
14FA
1391
17F3
1248
15CE
11A5
1477
105F
0CE3
0FCC
1275
1476
1278
1454
1385
0E9D
0B0A
09BB
127E
187A
13FB
0DE8
1206
10A6
1155
138D
11DD
107B
1202
1569
0FEB
15E9
17D0
1568
16CB
1514
0E93
142D
137D
131E
14BD
1833
163D
174C
1509
1654
12E9
120F
0EA7
130F
1180
1450
15CC
1670
14C2
12CE
1614
12DA
103E
0E0D
0C0F
1156
1174
1172
1365
124E
140F
1121
119C
1342
119E
0E24
0E7A
12CC
11DA
0F92
0F34
15BB
114D
0FC5
0A86
0938
1038
11B3
0EE4
118A
1170
11F6
1324
0E5C
11F3
1386
1508
1301
12C7
13E2
1132
1612
11C0
0EC5
13EA
13A8
1456
1725
1196
148D
143A
1434
0FBC
0F55
1020
0FF5
134B
1098
102F
145A
1262
14A7
12B5
1220
1179
12E3
0EFD
0C26
1380
0FB8
10B0
1624
14B1
0CC4
138D
123B
0E73
1289
107B
1279
137E
0EB5
1067
1149
10E5
14DD
0F95
101D
0A47
075E
0BB0
135F
1167
159F
152D
128C
1074
1078
178E
180B
11CB
0FFF
11FD
1017
0DA3
10D1
1044
10ED
1799
13DA
159E
0EE9
11E3
108D
122E
1299
0F44
115F
14B8
1160
136D
1328
1046
119C
137F
0EF0
112E
121E
125B
1485
1397
1438
13B0
1205
106A
11CF
100B
151C
137E
1255
120C
0E85
16F6
1412
1007
1473
125F
0DA1
1514
1156
15EF
0FAF
0B3C
06C2
0FA8
1327
142A
1319
12B0
12D5
1121
15C2
13A6
153C
13AA
0E91
139D
12BF
0F69
108F
1679
16B7
1641
12AD
14EB
0F37
140D
0FD0
14B9
11C6
1586
154B
11DB
1314
1473
0E58
144C
1335
0E9A
146C
12AA
1336
1881
161E
131B
12C0
11BB
1327
1006
113B
1240
129F
123B
130D
1172
1722
1239
0FBC
17B7
1698
0FBA
10AE
1243
146F
1215
0F28
0CDF
07D2
1223
12EA
1326
10BB
0F01
10F3
1412
0F75
1081
13E8
131C
13A7
1388
11B4
15DF
1465
1512
12A7
0FCF
117B
1215
13F4
1825
10E4
13EE
1675
1340
11A5
1140
123D
12F2
11D4
0F75
0F54
128F
16B2
1206
1619
1155
152C
14DF
14E5
1639
1267
1134
126E
0DBC
1044
101D
119D
138E
118B
0FE6
1484
15EC
1117
1678
0F74
122A
12AA
11C3
0FB0
09A2
08F4
0CDA
13D9
14C8
1126
112C
149B
1278
112A
0FDF
114B
12BB
111C
10B7
1378
161A
0BB4
0F54
0E5E
12E3
13A7
1746
178C
13E7
13F5
15BD
135E
11F3
114A
12BA
16C6
1038
11A7
1014
14E2
15D1
12FF
148E
15DC
133A
1498
1076
13FC
14F0
14BA
125F
1163
1379
0E75
118D
1488
12D6
1134
14D4
1188
1236
131C
13FA
0E4A
1267
10F4
106A
0E6F
0B48
09E9
1298
0C88
13F3
147F
10FE
1067
1274
1013
0D07
1215
130F
175E
1588
1562
0E45
11CB
1424
11A3
15E5
1449
1445
11A2
0F1C
10A2
0E4F
0ED1
1098
0FDD
138D
145E
0F10
1293
1475
1552
1073
1608
13A0
1166
1470
1119
1207
1605
1704
165C
1306
16AC
13D8
12AD
13A1
1156
10E9
1297
0F41
10E8
119C
0F08
10D5
1547
132B
0F8F
15DC
0ECA
0853
0557
0D81
10D2
13C2
12F0
0E18
1258
1578
12B3
0FCE
12A2
167C
1412
0F9D
126D
11EB
144E
10E4
1715
1102
0CBB
1376
0FF5
110E
0F28
1376
0F8D
0F5C
0FA3
1496
13E8
1547
1626
1321
0F74
14E4
1192
1144
1174
0F49
1201
1612
1202
11DF
1032
1166
11EE
10D6
160D
10A2
0C1F
1460
1357
1108
10C1
1116
1290
1664
16DB
1800
1249
12CF
1298
0CC4
0880
10C6
10A7
0F82
1002
1388
0EF8
119B
1269
0D4E
107A
118D
13E2
103B
135A
1592
1529
0EA3
144F
1670
12D9
1241
13B9
109E
118E
132B
15CD
1375
1165
1772
1270
11AE
0FD8
14BA
16BF
0EB6
0E40
0F85
0F27
159C
1394
10E6
1118
0F5B
0E2B
15C3
0FB4
125A
113C
12F2
155B
146A
1882
10A0
106B
1432
130D
137D
129D
14DF
114B
1204
0E86
0B68
0548
0E00
1047
0FAD
1133
0EDC
1131
1139
0ED2
1213
12C2
13FC
0ED3
1294
1391
1000
1562
12AB
0FC6
15DE
13AE
1132
112F
151E
103F
1248
152A
114D
0F78
0BF8
1115
11CF
117C
11D5
11A0
1108
0DEC
1304
1738
164F
10CB
10D8
0FA5
12B3
10F5
1284
1299
11D3
13C3
18E5
15B3
14F7
0E32
10FE
11DB
0E85
1061
0FC9
10DC
108F
113A
15CC
0E65
08F0
086F
0F24
112F
1274
1206
125E
111C
11AE
1593
11E3
0FF0
0E34
0E5F
0FAD
11FC
12BE
1370
11FD
12F1
1493
1174
1277
1314
10F1
0D89
11DA
0FE6
0BEE
0DFE
1071
15EF
1239
1410
0F86
1451
10D7
161E
11C9
12FB
1247
0E03
1241
168C
14C0
0D30
0EBF
126A
14FF
10C7
13D0
0D6F
0B5A
0F68
1366
10C0
14AD
0FCA
0D3B
1029
1180
1380
1405
100D
0B25
09D8
0EA9
10EC
1174
14E8
11EF
122B
13D3
10A5
0D54
0FE1
119E
1034
12AF
1451
14DE
10AA
1322
1201
1310
14AC
0FE7
13A7
1429
1061
1094
1617
1571
1455
1362
0EDF
0FB2
143F
1319
15F8
1390
12DD
0FDD
14B1
143B
184E
1352
19A7
131F
0F10
118A
154C
11C1
1074
1094
0DBD
1348
13DA
14AE
13C3
115B
0E84
113E
120D
12CE
1201
0D42
0F5E
0A30
0A36
0FA5
105D
10EA
12B0
0E16
0E58
10C0
146B
0F43
151A
1669
1139
127F
0E26
1460
1396
135B
1163
154A
1141
112D
144B
1733
133C
1104
0C9F
11AB
1206
0E19
15CA
15E9
10AE
1376
1456
1042
16B7
136E
13DC
1602
1610
0FB6
11AE
1196
14BB
10E9
14BC
1170
15E0
12A4
1779
142B
1349
15C9
1107
114E
14C9
1569
132B
12C3
0E77
0FF2
1126
0C22
0789
0D29
1127
0EDA
1027
0FF2
0FCF
0FBC
16AC
1192
0E5B
0EDA
0F4B
0CBD
0D88
10DA
1437
13B8
0ECF
1382
10E4
1423
0F8F
1181
104E
0C61
1188
12E0
0F18
14CF
131A
14C9
108A
13E7
169B
143A
152F
0F0C
12FC
0A95
0FEF
0ED0
114A
137E
10C6
1296
127A
0CCE
11D4
0E60
15E6
1049
10C7
12A3
11D6
11B8
1730
15F6
1398
1362
1517
16A7
131E
0C12
0AE1
0CC5
120A
1316
0EE3
1207
1116
0FDA
1115
10A2
0B93
0E53
0ED9
0DD2
1264
129E
118D
12EA
139F
113D
14E0
101C
0C01
0FE2
0F61
11BC
0F86
1026
0F03
0E33
12BD
13D0
11D9
1465
0E4A
10C7
128D
137E
108F
10B4
0E7F
0FE4
1001
0DDB
1268
0C6B
0DE1
1116
0C6A
11BA
10D1
13C1
1299
100B
0EDF
0FA8
11D5
152B
0ED2
157D
11C4
0F59
0C59
07EC
0637
113D
152C
0FAE
1413
121C
11E8
1176
1024
1370
1166
1141
0FBD
1370
10FA
0D9D
0E43
1251
12A9
1219
1111
10E1
13EA
10DE
11C8
0F79
11B4
0F7E
1009
133B
1243
120B
0F30
0E42
109D
13E2
125C
1604
1757
1521
1491
0DCF
0A00
113C
0FF7
10E7
140B
12E1
13CB
1132
1314
14BA
0D5D
144C
157D
1175
110F
1404
129E
0DA4
0DE4
1338
0E08
0A31
0AC3
0CB6
14AB
168D
10D9
11FF
1527
1109
15AA
1201
13FA
1535
1605
1258
0ED6
1320
0DDF
115E
1301
13E4
10DF
1546
14F2
1298
11D2
16DF
1141
1181
12FF
1050
0EBA
12C4
1083
13CB
1472
1483
0F36
1457
15BB
146C
13DC
0F9A
1371
0F91
10A9
168B
1400
1083
10F1
100B
0F67
12F0
1389
1386
1420
143F
0F96
1062
1135
15BC
125E
14A4
0D66
08DC
0526
112D
14A6
1047
13FB
116E
11DD
1172
1255
13B9
1747
14B0
162C
1463
1301
103D
12CB
1416
10B9
11CB
140E
12FD
126A
11D1
1232
0E10
0F39
1042
120A
1334
13D2
102B
161B
1958
12EE
154E
1633
1054
157E
12F3
0F93
12D3
13EE
1159
1460
0ED2
1341
1463
1258
0FBE
104A
1745
1057
0D50
13D4
101F
0E14
0F8C
16DC
141B
0F4F
0F97
0BDD
0982
08FB
0DA7
10B8
124B
0E4E
10B7
11A7
0CCB
0D2A
14F8
142B
13C7
142A
1580
0FEB
102F
1318
13CB
0F16
1295
1484
1342
13D8
0DA2
0DFD
0F4F
13BA
1387
127D
11E4
1585
13E0
1602
14A5
152B
1064
11E2
13F4
1225
0F50
10CD
14F4
1456
135D
12BD
1192
11A1
0F84
153B
13EE
1529
0D77
0D8B
0E45
11F0
1447
0D1D
10AB
12EF
1089
107E
107E
0F5E
0A5C
06B1
0D95
10AA
0FB3
0DB3
0DCF
0E1E
0D51
1338
0C2D
1292
12AC
1124
11B2
12FD
13F9
12F5
111E
15ED
1481
114E
13DE
1407
1386
131E
15B8
1097
1139
1369
0F3F
13B6
11B4
0FD1
10E1
129C
1032
14AC
1087
0FE6
108D
1657
1359
16F3
112C
0E61
13A9
1444
15F5
178D
165F
11F1
1364
18FB
128F
174E
11A7
0F89
0F25
115E
109B
1152
0F3E
10DC
0A5C
084A
0CF5
0BA0
1138
0E1D
13B4
12B9
1232
11C8
0F97
0FF9
0FBF
102B
1366
1158
0F81
132C
14A5
10DC
1123
115E
1120
1300
1353
1268
0E05
1003
108B
0DC6
0FC7
0BC2
0E78
1154
0F32
11EF
142D
1268
1300
15D4
1506
174E
155F
1372
10B1
14EA
11A7
1819
1403
10E4
12CC
1501
1071
1221
148E
1308
0CAA
1059
0E91
1051
0BB4
10BA
11D7
1073
09B3
0678
09F0
1019
1301
0F68
15EE
12C4
13B9
115A
141F
12DA
0F74
13A1
1234
10F3
1217
11AD
136D
0E71
143A
125E
0EF1
1401
15A8
0FAA
0FA7
0F6E
0FC8
111B
1030
10D7
11C2
0E3F
127D
0FB1
0E25
10FD
1796
1810
1734
13FD
1254
0F84
12F7
11E7
0F7D
12DA
10AC
14AC
11EB
10A7
0DA8
0F95
0E28
0E7B
0CA0
0F28
0EFB
1385
1300
1651
11DD
1038
09E8
0882
0DC5
11ED
11D7
0F2A
1242
1061
146B
0FA8
15F1
0CFC
12D6
14D3
1304
12C4
12F3
10ED
1263
0F19
0EBF
1187
154A
0BD5
0EBB
1263
116F
11DB
127E
10F6
1122
0F17
0E61
123F
10E5
10A0
124F
122D
1318
118C
1159
1163
12E3
11F9
114F
11B5
13A5
1178
1662
12AB
156A
15A5
14FC
123D
0F0C
1341
119C
1486
1726
16F2
12CF
12D0
12B5
0D1A
0710
07DC
11D4
1284
0F83
149F
0F09
13CA
14B8
0D0C
11A9
13FE
144A
11BB
1464
11B8
157F
12F9
0EA5
0F42
121D
1385
14FF
0FE1
11D6
116B
1160
1693
0F76
0D86
12E5
0D04
11C9
1268
1222
0FF7
0FCE
1235
0F94
0D8E
15A6
1289
13D9
13A1
15EC
11CB
1589
1337
1341
160D
1687
1439
154A
108B
1255
0F2E
158C
10F9
11CE
100C
1177
0C6A
0D85
0EEC
0973
0704
0FE2
15EA
1353
13A4
1375
1255
10DB
1271
1435
10FA
14C3
1282
1573
1723
14FE
184E
171D
1626
13A1
1558
1017
1342
15A3
1183
1108
0DD4
151F
149D
110E
1689
0F2E
1004
1150
11D6
120A
11F1
1300
1459
1009
0FA8
1296
1035
1370
0F6B
1593
10C6
12BE
0C75
11A7
135F
1169
1595
1484
155C
155F
102C
14DA
0ED8
10F1
0FF2
14D5
0D14
0973
0932
0E8C
10FF
14B9
0ECE
10EA
132F
0C2A
1341
139E
0F2D
11C1
1216
13C5
11C3
1471
12F5
1645
185C
12EC
15F9
14FC
132F
10FF
1345
1370
155F
1767
1395
1648
11DF
11DB
1139
10DC
1126
1001
0C30
0E5C
0CCE
0E74
0E5B
1053
14EE
13F3
1308
110E
1006
0F78
0FBD
140C
116B
15EF
1406
13BC
17D0
154F
182A
1443
1563
15B4
11FE
10EB
0DEE
0AE1
08B2
0CF4
1220
0E4A
14B5
1213
1066
13C1
10F8
1031
1269
0D99
10B3
0E28
129A
1001
1419
13A3
13D2
14EF
1632
12B1
13DE
11E7
0F4C
17A3
15D7
107C
0E57
0E41
112F
1229
0E52
0EC7
1071
1207
0EA6
1248
0D49
14F1
1627
14E4
1289
149B
11B4
0E34
14A5
152F
13C5
13B6
12B9
0E6A
11DF
100D
1331
154D
15C1
1753
1498
0EC1
114A
0EF0
0A0D
08CD
07C2
1085
0F3E
1338
1361
1521
15D3
1138
1629
1781
1006
1370
0FB2
11AE
0FDD
11B8
1401
14DC
130A
1499
1224
11E5
16AA
1655
18B1
0F1A
0F68
131B
109B
0E1F
1255
1271
1517
0F6A
12DD
1291
1076
11DC
0FBB
1041
160B
1571
1159
1195
1309
152B
11B3
117F
1205
11B2
1227
1149
0E61
1272
14C2
1190
1253
11A3
0F7D
0E4D
0E98
13AA
0C6C
0796
0B13
103B
115D
1803
134D
160D
14E0
151E
1600
14FA
160B
1139
109C
1667
14D9
1508
13CE
14AE
14E6
1470
150B
17CA
126D
1585
145B
10FA
13D4
1120
0FDE
15A4
1311
1192
1338
0EC0
1205
139E
1187
103C
165C
1359
11E8
152A
1343
1174
155D
0F61
0F2A
0CE3
1072
0C98
1296
12DE
1014
0F05
12FD
0EF2
0F05
0F7F
121E
1115
1558
11D3
0F84
0AB2
0A4D
127C
1659
1533
15DC
155E
11E3
13CD
0EE0
1414
1094
1158
1892
1479
12D9
149B
0CE2
0FEF
10ED
10EE
112F
12A7
1332
1109
1190
1507
13CE
160A
12BB
110E
11A4
0F60
1331
13BE
1281
12E9
1486
1039
11FC
104F
0FD6
101D
126A
1587
107A
0ECE
0F46
0DD1
0DFA
0DF2
12C1
12E7
13AF
0FFE
0F8F
0C63
13D4
1263
140B
12DA
0F6E
0D02
0F81
06CD
0964
1335
1622
1360
1512
1143
1364
112D
10A8
1425
11FE
1319
0E9E
0FD2
0F7C
0D43
0E06
148A
110D
158B
0FAF
131E
14DB
127E
1388
1329
10B9
1607
1247
10BE
11A6
1580
1365
107A
137B
1247
111A
120E
0DF6
0F67
1447
147A
1348
1439
111D
0D65
0E6F
1340
1243
114E
11DC
1557
1433
1716
176E
1228
1611
1342
12FC
0ECC
0ECE
0CA6
0E31
0C0F
050D
10BA
1152
0F23
1021
11C6
140A
1230
132E
12ED
147B
0F2A
10D2
1316
115C
13B8
1514
10A4
1443
15A4
126C
1407
11DB
14EF
118D
0EEC
14DF
11B3
0F46
14F2
1291
1362
146B
1386
1551
11E2
139D
1330
1241
1330
13A3
1231
11BE
0DB1
1145
13D8
1586
14D0
1349
14FB
10B0
1528
13B6
14C1
14D7
1240
102C
1313
10A7
0F5B
11EC
1460
105D
07AC
05C1
0B54
1085
0F54
0AB1
0EED
1225
118A
0E25
12DB
14F0
142B
19BF
116C
155C
12DB
1258
105C
1041
128A
1149
12CD
1260
12BD
14BA
1110
0E10
114B
1236
1072
0E0A
13B4
150E
14D9
1135
110A
11FC
119D
14A2
10C7
1027
139B
0FBF
1420
1449
15C7
15ED
1297
0F42
1028
14E3
1107
0C95
11DD
11D0
1231
0F8E
1058
14D2
1446
134E
1128
0E7B
0B98
0676
0F3F
1271
120C
1702
1192
13B2
154A
14AC
14CC
1538
19FE
1631
12A0
14CE
10EC
1403
0E53
0F22
0FAD
1494
1269
1155
147A
13A5
11F1
0EE4
1364
1129
1234
12EE
16F6
113E
12F1
10C2
15D3
152D
135C
1360
1294
11C0
0ECA
12B5
1675
17BB
1426
11FA
137A
15A2
1086
1316
107E
1343
11AD
1374
11F6
10F8
0EBB
1405
1575
0F11
1044
11D3
0C1F
0B45
115E
126D
1737
18D4
12AC
145A
1140
1762
14A0
13F0
1367
1632
14E5
11CC
1380
0F5D
0D77
0DA9
1462
12BB
0ECC
1151
10EC
1570
104C
0F95
0FDF
137B
1281
1259
12F8
1685
14DE
116B
1273
12A8
119F
1095
0EC5
117F
11FF
14E4
125A
15D0
15A2
1798
12ED
15DA
172F
14F2
13D6
13A1
1460
1494
1414
1217
12B1
0F6D
1355
15A9
0F3C
10EE
0AD1
09EB
108B
184A
1555
150C
17BB
1657
10B6
1695
129A
1345
16CA
13EE
12D0
1776
10E8
146D
1434
11E1
0D4B
0D13
1041
0DF1
148C
12C5
0E1A
0EB3
14E7
15A9
10F8
10EC
1508
128A
11A0
11B5
0D7D
11B8
1235
109E
1135
1353
10FA
132C
0F71
1567
13FB
11A2
1262
107E
13E7
13F0
0FAA
13E7
1416
0EFE
1481
1240
1138
0EF5
1293
0FDC
1053
0CB4
0918
0B88
1397
134A
1786
16FE
16C3
12C0
177C
1287
1580
13A0
1402
14AE
13A6
117A
18B5
141B
11FE
118B
119A
11AD
0F8A
1124
0F8C
1443
144D
1466
1473
16CF
13D5
121A
1316
14D8
129E
12A7
1607
1590
13A8
10F7
116C
0FF8
0E09
100F
0EDF
1352
0F94
1145
0E6D
0DFA
10DC
0C22
1221
0F93
117A
1232
10F2
0FA7
141C
0FB6
0F7D
12C7
0FDF
0FD0
0F44
09DC
1202
11A7
13B0
1590
159B
1289
1093
154C
1459
0DF1
1588
15D7
144A
0DFA
136E
1339
1220
11A9
15D1
1537
1092
0B45
17D8
1191
1232
157B
13CD
13BD
1579
13BB
1017
130B
1605
1378
1513
1444
0FE1
1634
1215
0FB4
15CA
1298
1122
120C
15A8
0D67
0C54
1098
0F3C
12BE
1057
1158
1181
118C
1350
134C
1219
1290
1143
1242
15CA
1358
0C98
0611
0C08
1032
0FD9
111B
1065
1257
1391
1071
136F
1863
14BF
152C
14C5
1024
0FAC
136F
143D
0EB5
137A
14A5
121F
1307
12C7
0F3D
132C
0FF0
1508
11D7
1314
0F34
1342
1125
11EF
14A7
1147
1277
13FE
1481
120C
1547
13A9
12D4
0F96
128B
105C
0EA2
115D
1176
1652
10DB
1037
1276
1099
0EE8
1345
13F9
0EF1
109A
10BA
134F
11B6
1033
0C4F
0736
0FD6
0DE4
1135
1019
0FDB
0FC7
10CA
14AE
16AE
131C
12BA
1255
12C7
14FC
155F
11DA
11CF
1315
158A
180F
1214
12A9
1003
122C
1140
1212
0FEF
10D7
1441
0F57
107E
10F2
14A0
0F9A
13DE
10F9
0F30
1245
13A5
1455
12A1
11D9
109A
13F6
13CA
12BD
1925
1620
14A3
12D6
14C9
123D
1425
1293
1211
0E0F
1250
1417
1716
0FF8
106A
0E1A
0997
09E1
11FB
12C4
10E6
1039
0ED1
1119
0F47
13AA
1183
0CA9
130E
11FC
1580
1784
1592
11F1
1481
1562
1795
11B5
152F
1278
125E
12A3
1047
15BE
14F5
1191
10F5
11AA
10B3
1046
12AB
0DBF
1142
1331
151E
13E6
1686
1400
1696
141A
1166
14D9
161C
1460
167F
138C
13AE
11ED
14C3
1260
11F6
0E77
1339
152F
1558
1724
1172
0EBC
110C
1053
0984
07D7
107F
11D0
1349
1542
149E
1669
149B
1274
11A2
154D
1437
1568
17EA
1201
1264
1112
130E
0FDA
13B5
12C0
152C
135B
177E
155E
142D
111A
14F7
1288
1147
12CD
127B
0C70
1326
0F88
0E4B
1488
130E
1171
1200
131F
136E
148A
12E6
15B6
14C7
106E
15EE
13D2
13D2
1440
1354
10D0
1456
0D2A
1444
1697
11EF
0F87
1371
13C1
142D
109C
093E
06D5
10B1
15A9
167B
15AD
130E
1500
1589
102B
1535
1311
108C
1271
1185
0F61
109E
142F
1381
0F51
13CD
1016
1437
1650
15D0
1314
1710
1446
0F8E
17D0
13EA
120A
13C8
1193
0F29
13F7
114D
0EAA
1091
10F4
1155
1435
1084
1315
1400
162D
1090
13D1
11B6
119D
15EE
0F6F
1543
1518
1239
157B
135D
11D5
1689
10EE
168F
1285
10B3
0F5D
0D45
07F4
0CA6
1607
1315
0CA0
1446
14C1
1087
1458
0BB0
0F2D
116D
0AB4
0CE2
13D6
1172
147E
0FEE
10E7
0ED3
13E0
1376
10C4
1446
0F58
12C0
1515
165C
161C
14FE
1193
125A
1108
0E98
1387
109D
1364
1029
143C
1096
117C
0FC8
14CE
124C
13FE
11D0
1105
1187
1736
112A
138E
146A
0FC6
156F
1462
12FC
14F7
121C
151E
101A
1015
12FB
123D
0C9A
07E0
0FC9
0F96
1087
0FDB
1131
0E8A
144B
1066
10A8
0ED6
0EEC
116F
1316
138E
12ED
1078
1022
0F5A
11CC
142E
104E
130F
1176
140B
13DE
1278
11F4
104C
153A
1301
0D35
121F
1369
133F
1276
11F2
147A
128D
1147
1723
1496
10BC
12B5
112E
105E
118A
12F7
1633
14BC
13F8
1233
100D
0FCE
1740
1660
10C4
13B1
0C70
11A2
1462
13C9
0D74
088F
0832
0D24
13A3
143F
0E87
1169
12CC
106D
125C
11C3
1244
1512
12DA
15B8
11CF
0E53
120B
135A
127C
1742
13E6
163E
1368
16BF
1299
0CD5
0CA5
0E0E
1218
113C
0E24
14D7
0FB8
1084
1119
0FE9
0CAB
0FA3
1060
1597
137A
1038
0EDD
0F98
0ED9
13A5
12D7
17F3
18B4
14DB
1533
13F6
1552
1795
1241
1374
12C5
10D4
12C8
12B7
0FCE
13E0
0DD4
0E03
0992
123F
150C
10CC
12F3
15CF
0FD4
0F89
13E2
1298
15E9
120E
109B
1009
1179
124E
1359
11A4
1310
114B
1063
14B0
1041
0E7A
0D76
0B0A
10CF
120C
1269
12B0
1319
1299
132A
1099
1135
10C0
122C
1450
0EDE
10AC
0F14
0FA3
0F0D
1182
1135
1445
1770
1452
1211
1366
117C
112B
1660
1252
1111
125F
12A2
140D
146E
11C6
1080
125D
11A0
09B2
0903
10E4
12E7
1363
13DB
101A
11E8
0F80
0DB5
14F7
0DD5
0C25
1250
10D5
12BE
15CB
1132
0FBA
0AF7
0F24
10FE
1252
11B1
0FE8
1283
1491
14A5
0CCB
134C
1583
10B9
1174
148D
1424
11CD
11A5
11F0
101B
0DA5
0DDA
0FEC
10F7
11D6
0F72
10EE
1558
1426
1072
1228
10F8
0D6B
1297
1173
106F
15E0
10EE
10A5
10B9
0E51
1362
0DE0
0DB5
0D7F
0AD6
0486
13BB
1626
11FA
1216
0F3D
0ED0
1130
0F5F
10CD
10F8
1049
12F7
1518
0F8A
11B8
131B
13AF
12E7
1753
12DF
1429
132A
1650
15AE
16A0
1423
0EF1
1055
131A
14F3
1740
11E6
1351
1328
11F0
10EB
10AF
118C
144C
10EA
1072
109D
1506
1276
0F3B
16A4
14A0
107F
1155
1156
0F81
10CA
1429
113D
0FCD
13EB
1290
110A
104C
10FD
1224
0EDE
0DE5
07DD
0F56
0E49
1184
0E8C
144D
1819
1395
187D
1648
0FAD
1188
0A96
0E29
11E3
106D
1351
148D
1510
1469
0E95
130F
1214
1466
11D2
112F
129C
1157
11B6
14C0
1181
1475
10DD
1390
1074
1359
170F
1472
138E
113A
12C9
1495
0DCC
1339
12DA
1034
11FA
0F85
1054
110B
10A7
0E02
119C
0FCF
1554
171E
1771
1355
1226
0FFE
1607
1675
0D38
0985
0465
0AB6
0F45
111F
1358
1448
15E9
1072
0F84
1122
1310
0B79
0EF8
149A
1218
14C4
13DC
0E81
1212
1577
1020
127C
17DF
143D
0F7F
14D5
1098
12E4
1428
129B
1028
1347
112E
14ED
12E2
16E0
155E
11AB
13D5
121B
158A
0FFF
13DF
1181
10A9
0DE0
0FA2
132D
0F0E
1174
13A1
0CE4
1008
11CC
14AE
10BC
1397
123C
1367
1039
127D
0E01
122E
0B84
068D
0F0F
0F47
13AF
1213
10A0
0C51
0E58
1160
128E
155F
14EE
17D6
16A7
121E
11B7
0F8B
0EBF
121F
11A4
12C0
14D4
133F
15C5
177E
1297
1336
1516
126A
11F5
1213
11CC
1234
14F5
0C2C
1164
1074
1723
11B3
10E3
1001
0FB1
1343
0FC7
1082
0E49
1194
11FE
1510
1387
1088
1173
0CB6
0F96
0D8D
1025
13E2
12A5
13C2
10C3
11A9
11A0
11C0
0A10
05DB
0596
0661
075D
06B4
06B5
0678
0B20
098D
0A18
0830
09E0
08C2
04A5
0721
03B9
06DB
0780
0461
074D
06F2
0737
084E
0802
05C4
0A3A
09A9
058E
0680
0547
060B
07E6
0687
03B1
066D
08A6
0810
0749
050F
0770
0636
07C4
04C7
04B5
07FB
0722
05CE
09F2
083D
0450
094B
07B1
036D
0646
06FC
081C
0527
094B
0847
070A
095F
08A5
04BD
01DA
0000
0000
0000
0000
0000
0000
0000
0000
0000
0000
0000
0000
0000
0000
0000
0000
0000
0000
0000
0000
0000
0000
0000
0000
0000
0000
0000
0000
0000
0000
0000
0000
0000
0000
0000
0000
0000
0000
0000
0000
0000
0000
0000
0000
0000
0000
0000
0000
0000
0000
0000
0000
0000
0000
0000
0000
0000
0000
0000
0000
0000
0000
0000
0000
0000
0000
0000
0000
0000
0000
0000
0000
0000
0000
0000
0000
0000
0000
0000
0000
0000
0000
0000
0000
0000
0000
0000
0000
0000
0000
0000
0000
0000
0000
0000
0000
0000
0000
0000
0000
0000
0000
0000
0000
0000
0000
0000
0000
0000
0000
0000
0000
0000
0000
0000
0000
0000
0000
0000
0000
0000
0000
0000
0000
0000
0000
0000
0000
0000
0000
0000
0000
0000
0000
0000
0000
0000
0000
0000
0000
0000
0000
0000
0000
0000
0000
0000
0000
0000
0000
0000
0000
0000
0000
0000
0000
0000
0000
0000
0000
0000
0000
0000
0000
0000
0000
0000
0000
0000
0000
0000
0000
0000
0000
0000
0000
0000
0000
0000
0000
0000
0000
0000
0000
0000
0000
0000
0000
0000
0000
0000
0000
0000
0000
0000
0000
0000
0000
0000
0000
0000
0000
0000
0000
0000
0000
0000
0000
0000
0000
0000
0000
0000
0000
0000
0000
0000
0000
0000
0000
0000
0000
0000
0000
0000
0000
0000
0000
0000
0000
0000
0000
0000
0000
0000
0000
0000
0000
0000
0000
0000
0000
0000
0000
0000
0000
0000
0000
0000
0000
0000
0000
0000
0000
0000
0000
0000
0000
0000
0000
0000
0000
0000
0000
0000
0000
0000
0000
0000
0000
0000
0000
0000
0000
0000
0000
0000
0000
0000
0000
0000
0000
0000
0000
0000
0000
0000
0000
0000
0000
0000
0000
0000
0000
0000
0000
0000
0000
0000
0000
0000
0000
0000
0000
0000
0000
0000
0000
0000
0000
0000
0000
0000
0000
0000
0000
0000
0000
0000
0000
006C
0000
0000
0000
0000
0000
0000
0000
0000
0000
0000
0000
0000
0000
0000
0000
0000
0000
0000
0000
0000
0000
0000
0000
0000
0000
0000
0000
0000
0000
0000
0000
0000
0000
0000
0000
0000
0000
0000
0000
0000
0000
0000
0000
0000
0000
0000
0000
0000
0000
0000
0000
0000
0000
0000
0000
0000
0000
0000
0000
0000
0000
0000
0000
0000
0000
0000
0000
0000
0000
0000
0000
0000
0000
0000
0000
0000
0000
0000
0000
0000
0000
0000
0000
0000
0000
0000
0000
0000
0000
0000
0000
0000
0000
0000
0000
0000
0000
0000
0000
0000
0000
0000
0000
0000
0000
0000
0000
0000
0000
0000
0000
0000
0000
0000
0000
0000
0000
0000
0000
0000
0000
0000
0000
0000
0000
0000
0000
01A1
0000
0000
0000
0000
0000
0000
0000
0000
0000
0000
0000
0000
0000
0000
0000
0000
0000
0000
0000
0000
0000
0000
0000
0000
0000
0000
0000
0000
0000
0000
0000
0000
0000
0000
0000
0000
0000
0000
0000
0000
0000
0000
0000
0000
0000
0000
0000
0000
0000
0000
0000
0000
0000
0000
0000
0000
0000
0000
0000
0000
0000
0000
0000
0000
0000
0000
0000
0000
0000
0000
0000
0000
0000
0000
0000
0000
0000
0000
0000
0000
0000
0000
0000
0000
0000
0000
0000
0000
0000
0000
0000
0000
0000
0000
0000
0000
0000
0000
0000
0000
0000
0000
0000
0000
0000
0000
0000
0000
0000
0000
0000
0000
0000
0000
0000
0000
0000
0000
0000
0000
0000
0000
0000
0000
0000
0000
0000
0014
0000
0000
0000
0000
0000
0000
0000
0000
0000
0000
0000
0000
0000
0000
0000
0000
0000
0000
0000
0000
0000
0000
0000
0000
0000
0000
0000
0000
0000
0000
0000
0000
0000
0000
0000
0000
0000
0000
0000
0000
0000
0000
0000
0000
0000
0000
0000
0000
0000
0000
0000
0000
0000
0000
0000
0000
0000
0000
0000
0000
0000
0000
0000
0000
0000
0000
0000
0000
0000
0000
0000
0000
0000
0000
0000
0000
0000
0000
0000
0000
0000
0000
0000
0000
0000
0000
0000
0000
0000
0000
0000
0000
0000
0000
0000
0000
0000
0000
0000
0000
0000
0000
0000
0000
0000
0000
0000
0000
0000
0000
0000
0000
0000
0000
0000
0000
0000
0000
0000
0000
0000
0000
0000
0000
0000
0000
0000
02CD
0000
0000
0000
0000
0000
0000
0000
0000
0000
0000
0000
0000
0000
0000
0000
0000
0000
0000
0000
0000
0000
0000
0000
0000
0000
0000
0000
0000
0000
0000
0000
0000
0000
0000
0000
0000
0000
0000
0000
0000
0000
0000
0000
0000
0000
0000
0000
0000
0000
0000
0000
0000
0000
0000
0000
0000
0000
0000
0000
0000
0000
0000
0000
0000
0000
0000
0000
0000
0000
0000
0000
0000
0000
0000
0000
0000
0000
0000
0000
0000
0000
0000
0000
0000
0000
0000
0000
0000
0000
0000
0000
0000
0000
0000
0000
0000
0000
0000
0000
0000
0000
0000
0000
0000
0000
0000
0000
0000
0000
0000
0000
0000
0000
0000
0000
0000
0000
0000
0000
0000
0000
0000
0000
0000
0000
0000
0000
0000
0000
0000
0000
0000
0000
0000
0000
0000
0000
0000
0000
0000
0000
0000
0000
0000
0000
0000
0000
0000
0000
0000
0000
0000
0000
0000
0000
0000
0000
0000
0000
0000
0000
0000
0000
0000
0000
0000
0000
0000
0000
0000
0000
0000
0000
0000
0000
0000
0000
0000
0000
0000
0000
0000
0000
0000
0000
0000
0000
0000
0000
0000
0000
005D
0000
0000
0000
0000
0000
0000
0000
0000
0000
0000
0000
0000
0000
0000
0000
0000
0000
0000
0000
0000
0000
0000
0000
0000
0000
0000
0000
0000
0000
0000
0000
0000
0000
0000
0000
0000
0000
0000
0000
0000
0000
0000
0000
0000
0000
0000
0000
0000
0000
0000
0000
0000
0000
0000
0000
0000
0000
0000
0000
0000
0000
0000
0000
0000
0000
0000
0000
0000
0000
0000
0000
0000
0000
0000
0000
0000
0000
0000
0000
0000
0000
0000
0000
0000
0000
0000
0000
0000
0000
0000
0000
0000
0000
0000
0000
0000
0000
0000
0000
0000
0000
0000
0000
0000
0000
0000
0000
0000
0000
0000
0000
0000
0000
0000
0000
0000
0000
0000
0000
0000
0000
0000
0000
0000
0000
0000
0000
0187
0000
0000
0000
0000
0000
0000
0000
0000
0000
0000
0000
0000
0000
0000
0000
0000
0000
0000
0000
0000
0000
0000
0000
0000
0000
0000
0000
0000
0000
0000
0000
0000
0000
0000
0000
0000
0000
0000
0000
0000
0000
0000
0000
0000
0000
0000
0000
0000
0000
0000
0000
0000
0000
0000
0000
0000
0000
0000
0000
0000
0000
0000
0000
0000
0000
0000
0000
0000
0000
0000
0000
0000
0000
0000
0000
0000
0000
0000
0000
0000
0000
0000
0000
0000
0000
0000
0000
0000
0000
0000
0000
0000
0000
0000
0000
0000
0000
0000
0000
0000
0000
0000
0000
0000
0000
0000
0000
0000
0000
0000
0000
0000
0000
0000
0000
0000
0000
0000
0000
0000
0000
0000
0000
0000
0000
0000
0000
0044
0000
0000
0000
0000
0000
0000
0000
0000
0000
0000
0000
0000
0000
0000
0000
0000
0000
0000
0000
0000
0000
0000
0000
0000
0000
0000
0000
0000
0000
0000
0000
0000
0000
0000
0000
0000
0000
0000
0000
0000
0000
0000
0000
0000
0000
0000
0000
0000
0000
0000
0000
0000
0000
0000
0000
0000
0000
0000
0000
0000
0000
0000
0000
001E
0000
0000
0000
0000
0000
0000
0000
0000
0000
0000
0000
0000
0000
0000
0000
0000
0000
0000
0000
0000
0000
0000
0000
0000
0000
0000
0000
0000
0000
0000
0000
0000
0000
0000
0000
0000
0000
0000
0000
0000
0000
0000
0000
0000
0000
0000
0000
0000
0000
0000
0000
0000
0000
0000
0000
0000
0000
0000
0000
0000
0000
0000
0000
0000
0000
0000
0000
0000
0000
0000
0000
0000
0000
0000
0000
0000
0000
0000
0000
0000
0000
0000
0000
0000
0000
0000
0000
0000
0000
0000
0000
0000
0000
0000
0000
0000
0000
0000
0000
0000
0000
0000
0000
0000
0000
0000
0000
0000
0000
0000
0000
0000
0000
0000
0000
0000
0000
0000
0000
0000
0000
0000
0000
0000
0000
0000
0000
0000
0000
0000
0000
0000
0000
0000
0000
0000
0000
0000
0000
0000
0000
0000
0000
0000
0000
0000
0000
0000
0000
0000
0000
0000
0000
0000
0000
0000
0000
0000
0000
0000
0000
0000
0000
0000
0000
0000
0000
0000
0000
0000
0000
0000
0000
0000
0000
0000
0000
0000
0000
0000
0000
0000
0000
0000
0000
0000
0000
0000
0000
0000
0000
0000
0000
0000
0000
0000
0000
0000
0000
0000
0000
0000
0000
0000
0000
0000
0000
0000
0000
0000
0000
0000
0000
0000
0000
0000
0000
0000
0000
0000
0000
0000
0000
0000
0000
0000
0000
0000
0000
0000
0000
0000
0000
0000
0000
0000
0000
0000
0000
0000
0000
0000
0000
0000
0000
0000
0000
0000
0000
0000
0000
0000
0000
0000
0000
0000
0000
0000
0000
0000
0000
0000
0000
0000
0000
0000
0000
0000
0000
0000
0000
0000
0000
0000
0000
0000
0000
0000
0000
0000
0000
0000
0000
0000
0000
0000
0000
0000
0000
0000
0000
0000
0000
0000
0000
0000
0000
0000
0000
0000
0000
0000
0000
0000
0000
0000
0000
0000
0000
0000
0000
0000
0000
0000
0000
0000
0000
0000
0000
0000
0000
0000
0000
0000
0000
0000
0000
0000
0000
0000
0000
0000
0000
0000
0000
0000
0000
0000
0000
0000
0000
0000
0000
0000
0000
0000
0000
0000
0000
0000
0000
0000
0000
0000
0000
0000
0000
0000
0000
0000
0000
0000
0000
0000
0000
0000
0000
0000
0000
0000
0000
0000
0000
0000
0000
0000
0000
0000
0000
0000
0000
0000
0000
0000
0000
0000
0000
0000
0000
0000
0000
0000
0000
0000
0000
0000
0000
0000
0000
0000
0000
0000
0000
0000
0000
0000
0000
0000
0000
0000
0000
0000
0000
0000
0000
0000
0000
0000
0000
0000
0000
0000
0000
0000
0000
0000
0000
0000
0000
0000
0000
0000
0000
0000
0000
0000
0000
0000
0000
0000
0000
0000
0000
0000
0000
0000
0000
00AC
0000
0000
0000
0000
0000
0000
0000
0000
0000
0000
0000
0000
0000
0000
0000
0000
0000
0000
0000
0000
0000
0000
0000
0000
0000
0000
0000
0000
0000
0000
0000
0000
0000
0000
0000
0000
0000
0000
0000
0000
0000
0000
0000
0000
0000
0000
0000
0000
0000
0000
0000
0000
0000
0000
0000
0000
0000
0000
0000
0000
0000
0000
0000
0000
0000
0000
0000
0000
0000
0000
0000
0000
0000
0000
0000
0000
0000
0000
0000
0000
0000
0000
0000
0000
0000
0000
0000
0000
0000
0000
0000
0000
0000
0000
0000
0000
0000
0000
0000
0000
0000
0000
0000
0000
0000
0000
0000
0000
0000
0000
0000
0000
0000
0000
0000
0000
0000
0000
0000
0000
0000
0000
0000
0000
0000
0000
0000
01CB
0000
0000
0000
0000
0000
0000
0000
0000
0000
0000
0000
0000
0000
0000
0000
0000
0000
0000
0000
0000
0000
0000
0000
0000
0000
0000
0000
0000
0000
0000
0000
0000
0000
0000
0000
0000
0000
0000
0000
0000
0000
0000
0000
0000
0000
0000
0000
0000
0000
0000
0000
0000
0000
0000
0000
0000
0000
0000
0000
0000
0000
0000
0000
0000
0000
0000
0000
0000
0000
0000
0000
0000
0000
0000
0000
0000
0000
0000
0000
0000
0000
0000
0000
0000
0000
0000
0000
0000
0000
0000
0000
0000
0000
0000
0000
0000
0000
0000
0000
0000
0000
0000
0000
0000
0000
0000
0000
0000
0000
0000
0000
0000
0000
0000
0000
0000
0000
0000
0000
0000
0000
0000
0000
0000
0000
0000
0000
0151
0000
0000
0000
0000
0000
0000
0000
0000
0000
0000
0000
0000
0000
0000
0000
0000
0000
0000
0000
0000
0000
0000
0000
0000
0000
0000
0000
0000
0000
0000
0000
0000
0000
0000
0000
0000
0000
0000
0000
0000
0000
0000
0000
0000
0000
0000
0000
0000
0000
0000
0000
0000
0000
0000
0000
0000
0000
0000
0000
0000
0000
0000
0000
0000
0000
0000
0000
0000
0000
0000
0000
0000
0000
0000
0000
0000
0000
0000
0000
0000
0000
0000
0000
0000
0000
0000
0000
0000
0000
0000
0000
0000
0000
0000
0000
0000
0000
0000
0000
0000
0000
0000
0000
0000
0000
0000
0000
0000
0000
0000
0000
0000
0000
0000
0000
0000
0000
0000
0000
0000
0000
0000
0000
0000
0000
0000
0000
0000
0000
0000
0000
0000
0000
0000
0000
0000
0000
0000
0000
0000
0000
0000
0000
0000
0000
0000
0000
0000
0000
0000
0000
0000
0000
0000
0000
0000
0000
0000
0000
0000
0000
0000
0000
0000
0000
0000
0000
0000
0000
0000
0000
0000
0000
0000
0000
0000
0000
0000
0000
0000
0000
0000
0000
0000
0000
0000
0000
0000
0000
0000
0000
0021
0000
0000
0000
0000
0000
0000
0000
0000
0000
0000
0000
0000
0000
0000
0000
0000
0000
0000
0000
0000
0000
0000
0000
0000
0000
0000
0000
0000
0000
0000
0000
0000
0000
0000
0000
0000
0000
0000
0000
0000
0000
0000
0000
0000
0000
0000
0000
0000
0000
0000
0000
0000
0000
0000
0000
0000
0000
0000
0000
0000
0000
0000
0000
0000
0000
0000
0000
0000
0000
0000
0000
0000
0000
0000
0000
0000
0000
0000
0000
0000
0000
0000
0000
0000
0000
0000
0000
0000
0000
0000
0000
0000
0000
0000
0000
0000
0000
0000
0000
0000
0000
0000
0000
0000
0000
0000
0000
0000
0000
0000
0000
0000
0000
0000
0000
0000
0000
0000
0000
0000
0000
0000
0000
0000
0000
0000
0000
002F
0000
0000
0000
0000
0000
0000
0000
0000
0000
0000
0000
0000
0000
0000
0000
0000
0000
0000
0000
0000
0000
0000
0000
0000
0000
0000
0000
0000
0000
0000
0000
0000
0000
0000
0000
0000
0000
0000
0000
0000
0000
0000
0000
0000
0000
0000
0000
0000
0000
0000
0000
0000
0000
0000
0000
0000
0000
0000
0000
0000
0000
0000
0000
0000
0000
0000
0000
0000
0000
0000
0000
0000
0000
0000
0000
0000
0000
0000
0000
0000
0000
0000
0000
0000
0000
0000
0000
0000
0000
0000
0000
0000
0000
0000
0000
0000
0000
0000
0000
0000
0000
0000
0000
0000
0000
0000
0000
0000
0000
0000
0000
0000
0000
0000
0000
0000
0000
0000
0000
0000
0000
0000
0000
0000
0000
0000
0000
0000
0000
0000
0000
0000
0000
0000
0000
0000
0000
0000
0000
0000
0000
0000
0000
0000
0000
0000
0000
0000
0000
0000
0000
0000
0000
0000
0000
0000
0000
0000
0000
0000
0000
0000
0000
0000
0000
0000
0000
0000
0000
0000
0000
0000
0000
0000
0000
0000
0000
0000
0000
0000
0000
0000
0000
0000
0000
0000
0000
0000
0000
0000
0000
0000
0000
0000
0000
0000
0000
0000
0000
0000
0000
0000
0000
0000
0000
0000
0000
0000
0000
0000
0000
0000
0000
0000
0000
0000
0000
0000
0000
0000
0000
0000
0000
0000
0000
0000
0000
0000
0000
0000
0000
0000
0000
0000
0000
0000
0000
0000
0000
0000
0000
0000
0000
0000
0000
0000
0000
0000
0000
0000
0000
0000
0000
0000
0000
0000
0000
0000
0000
0000
0000
0000
0000
0000
0000
0000
0000
0000
0000
0000
0000
0000
0000
0000
0000
0000
0000
0000
0000
0000
0000
0000
0000
0000
0000
0000
0000
0000
0000
0000
0000
0000
0000
0000
0000
0000
0000
0000
0000
0000
0000
0000
0000
0000
0000
0000
0000
0000
0000
0000
0000
0000
0000
0000
0000
0000
0000
0000
0000
0000
0000
0000
0000
0000
0000
0000
0000
0000
0000
0000
0000
0000
0000
0000
0000
0000
0000
0000
0000
0000
0000
0000
0000
0000
0000
0000
0000
0000
0000
0000
0000
0000
0000
0000
0000
0000
0000
0000
0000
0000
0000
0000
0000
0000
0000
0000
0000
0000
0000
0000
0000
0000
0000
0000
0000
0000
0000
0000
0000
0000
0000
0000
0000
0000
0000
0000
0000
0000
0000
0000
0000
0000
0000
0000
0000
0000
0000
0000
0000
0000
0000
0000
0000
0000
0000
0000
0000
0000
0000
0000
0000
0000
0000
0000
0000
0000
0000
0000
0000
0000
0000
0000
0000
0000
0000
0000
0000
0000
0000
0000
0000
0000
0000
0000
0000
0000
0000
0000
0000
0000
0000
0000
0000
0000
0000
0000
0000
0000
0000
0000
0000
0000
0000
0000
0000
0000
0000
0000
0000
0000
0000
0000
0000
0000
0000
0000
0000
0000
0000
0000
0000
0000
0000
0000
0000
0000
0000
0000
0000
0000
0000
0000
0000
0000
0000
0000
0000
0000
0000
0000
0000
0000
0000
0000
0000
0000
0000
0000
0000
0000
0000
0000
0000
0000
0000
0000
0000
0000
0000
0000
0000
0000
0000
0000
0000
0000
0000
0000
0000
0000
0000
0000
0000
0000
0000
0000
0000
0000
0000
0000
0000
0000
0000
0000
0000
0000
0000
0000
0000
0000
0000
0000
0000
0000
0000
0000
0000
0000
0000
0000
0000
0000
0000
0000
0000
0000
0000
0000
0000
0000
0000
0000
0000
0000
0000
0000
0000
0000
0000
0000
0000
0000
0000
0000
0000
009D
0000
0000
0000
0000
0000
0000
0000
0000
0000
0000
0000
0000
0000
0000
0000
0000
0000
0000
0000
0000
0000
0000
0000
0000
0000
0000
0000
0000
0000
0000
0000
0000
0000
0000
0000
0000
0000
0000
0000
0000
0000
0000
0000
0000
0000
0000
0000
0000
0000
0000
0000
0000
0000
0000
0000
0000
0000
0000
0000
0000
0000
0000
0000
0000
0000
0000
0000
0000
0000
0000
0000
0000
0000
0000
0000
0000
0000
0000
0000
0000
0000
0000
0000
0000
0000
0000
0000
0000
0000
0000
0000
0000
0000
0000
0000
0000
0000
0000
0000
0000
0000
0000
0000
0000
0000
0000
0000
0000
0000
0000
0000
0000
0000
0000
0000
0000
0000
0000
0000
0000
0000
0000
0000
0000
0000
0000
0000
0000
0000
0000
0000
0000
0000
0000
0000
0000
0000
0000
0000
0000
0000
0000
0000
0000
0000
0000
0000
0000
0000
0000
0000
0000
0000
0000
0000
0000
0000
0000
0000
0000
0000
0000
0000
0000
0000
0000
0000
0000
0000
0000
0000
0000
0000
0000
0000
0000
0000
0000
0000
0000
0000
0000
0000
0000
0000
0000
0000
0000
0000
0000
0000
0045
0000
0000
0000
0000
0000
0000
0000
0000
0000
0000
0000
0000
0000
0000
0000
0000
0000
0000
0000
0000
0000
0000
0000
0000
0000
0000
0000
0000
0000
0000
0000
0000
0000
0000
0000
0000
0000
0000
0000
0000
0000
0000
0000
0000
0000
0000
0000
0000
0000
0000
0000
0000
0000
0000
0000
0000
0000
0000
0000
0000
0000
0000
0000
0000
0000
0000
0000
0000
0000
0000
0000
0000
0000
0000
0000
0000
0000
0000
0000
0000
0000
0000
0000
0000
0000
0000
0000
0000
0000
0000
0000
0000
0000
0000
0000
0000
0000
0000
0000
0000
0000
0000
0000
0000
0000
0000
0000
0000
0000
0000
0000
0000
0000
0000
0000
0000
0000
0000
0000
0000
0000
0000
0000
0000
0000
0000
0000
0000
0000
0000
0000
0000
0000
0000
0000
0000
0000
0000
0000
0000
0000
0000
0000
0000
0000
0000
0000
0000
0000
0000
0000
0000
0000
0000
0000
0000
0000
0000
0000
0000
0000
0000
0000
0000
0000
0000
0000
0000
0000
0000
0000
0000
0000
0000
0000
0000
0000
0000
0000
0000
0000
0000
0000
0000
0000
0000
0000
0000
0000
0000
0000
0000
0000
0000
0000
0000
0000
0000
0000
0000
0000
0000
0000
0000
0000
0000
0000
0000
0000
0000
0000
0000
0000
0000
0000
0000
0000
0000
0000
0000
0000
0000
0000
0000
0000
0000
0000
0000
0000
0000
0000
0000
0000
0000
0000
0000
0000
0000
0000
0000
0000
0000
0000
0000
0000
0000
0000
0000
0000
0000
0000
0000
0000
0000
0000
00DB
0000
0000
0000
0000
0000
0000
0000
0000
0000
0000
0000
0000
0000
0000
0000
0000
0000
0000
0000
0000
0000
0000
0000
0000
0000
0000
0000
0000
0000
0000
0000
0000
0000
0000
0000
0000
0000
0000
0000
0000
0000
0000
0000
0000
0000
0000
0000
0000
0000
0000
0000
0000
0000
0000
0000
0000
0000
0000
0000
0000
0000
0000
0000
0000
0000
0000
0000
0000
0000
0000
0000
0000
0000
0000
0000
0000
0000
0000
0000
0000
0000
0000
0000
0000
0000
0000
0000
0000
0000
0000
0000
0000
0000
0000
0000
0000
0000
0000
0000
0000
0000
0000
0000
0000
0000
0000
0000
0000
0000
0000
0000
0000
0000
0000
0000
0000
0000
0000
0000
0000
0000
0000
0000
0000
0000
0000
0000
0000
0000
0000
0000
0000
0000
0000
0000
0000
0000
0000
0000
0000
0000
0000
0000
0000
0000
0000
0000
0000
0000
0000
0000
0000
0000
0000
0000
0000
0000
0000
0000
0000
0000
0000
0000
0000
0000
0000
0000
0000
0000
0000
0000
0000
0000
0000
0000
0000
0000
0000
0000
0000
0000
0000
0000
0000
0000
0000
0000
0000
0000
0000
0000
0038
0000
0000
0000
0000
0000
0000
0000
0000
0000
0000
0000
0000
0000
0000
0000
0000
0000
0000
0000
0000
0000
0000
0000
0000
0000
0000
0000
0000
0000
0000
0000
0000
0000
0000
0000
0000
0000
0000
0000
0000
0000
0000
0000
0000
0000
0000
0000
0000
0000
0000
0000
0000
0000
0000
0000
0000
0000
0000
0000
0000
0000
0000
0000
0000
0000
0000
0000
0000
0000
0000
0000
0000
0000
0000
0000
0000
0000
0000
0000
0000
0000
0000
0000
0000
0000
0000
0000
0000
0000
0000
0000
0000
0000
0000
0000
0000
0000
0000
0000
0000
0000
0000
0000
0000
0000
0000
0000
0000
0000
0000
0000
0000
0000
0000
0000
0000
0000
0000
0000
0000
0000
0000
0000
0000
0000
0000
0000
0000
0000
0000
0000
0000
0000
0000
0000
0000
0000
0000
0000
0000
0000
0000
0000
0000
0000
0000
0000
0000
0000
0000
0000
0000
0000
0000
0000
0000
0000
0000
0000
0000
0000
0000
0000
0000
0000
0000
0000
0000
0000
0000
0000
0000
0000
0000
0000
0000
0000
0000
0000
0000
0000
0000
0000
0000
0000
0000
0000
0000
0000
0000
0000
0108
0000
0000
0000
0000
0000
0000
0000
0000
0000
0000
0000
0000
0000
0000
0000
0000
0000
0000
0000
0000
0000
0000
0000
0000
0000
0000
0000
0000
0000
0000
0000
0000
0000
0000
0000
0000
0000
0000
0000
0000
0000
0000
0000
0000
0000
0000
0000
0000
0000
0000
0000
0000
0000
0000
0000
0000
0000
0000
0000
0000
0000
0000
0000
0000
0000
0000
0000
0000
0000
0000
0000
0000
0000
0000
0000
0000
0000
0000
0000
0000
0000
0000
0000
0000
0000
0000
0000
0000
0000
0000
0000
0000
0000
0000
0000
0000
0000
0000
0000
0000
0000
0000
0000
0000
0000
0000
0000
0000
0000
0000
0000
0000
0000
0000
0000
0000
0000
0000
0000
0000
0000
0000
0000
0000
0000
0000
0000
0000
0000
0000
0000
0000
0000
0000
0000
0000
0000
0000
0000
0000
0000
0000
0000
0000
0000
0000
0000
0000
0000
0000
0000
0000
0000
0000
0000
0000
0000
0000
0000
0000
0000
0000
0000
0000
0000
0000
0000
0000
0000
0000
0000
0000
0000
0000
0000
0000
0000
0000
0000
0000
0000
0000
0000
0000
0000
0000
0000
0000
0000
0000
0000
0000
0000
0000
0000
0000
0000
0000
0000
0000
0000
0000
0000
0000
0000
0000
0000
0000
0000
0000
0000
0000
0000
0000
0000
0000
0000
0000
0000
0000
0000
0000
0000
0000
0000
0000
0000
0000
0000
0000
0000
0000
0000
0000
0000
0000
0000
0000
0000
0000
0000
0000
0000
0000
0000
0000
0000
0000
0000
0000
0000
0000
0000
0000
0000
0000
0000
0000
0000
0000
0000
0000
0000
0000
0000
0000
0000
0000
0000
0000
0000
0000
0000
0000
0000
0000
0000
0000
0000
0000
0000
0000
0000
0000
0000
0000
0000
0000
0000
0000
0000
0000
0000
0000
0000
0000
0000
0000
0000
0000
0000
0000
0000
0000
0000
0000
0000
0000
0000
0000
0000
0000
0000
0000
0000
0000
0000
0000
0000
0071
0000
0000
0000
0000
0000
0000
0000
0000
0000
0000
0000
0000
0000
0000
0000
0000
0000
0000
0000
0000
0000
0000
0000
0000
0000
0000
0000
0000
0000
0000
0000
0000
0000
0000
0000
0000
0000
0000
0000
0000
0000
0000
0000
0000
0000
0000
0000
0000
0000
0000
0000
0000
0000
0000
0000
0000
0000
0000
0000
0000
0000
0000
0000
0000
0000
0000
0000
0000
0000
0000
0000
0000
0000
0000
0000
0000
0000
0000
0000
0000
0000
0000
0000
0000
0000
0000
0000
0000
0000
0000
0000
0000
0000
0000
0000
0000
0000
0000
0000
0000
0000
0000
0000
0000
0000
0000
0000
0000
0000
0000
0000
0000
0000
0000
0000
0000
0000
0000
0000
0000
0000
0000
0000
0000
0000
0000
0000
07CB
0828
0969
08A9
081A
078D
09B3
071B
0774
0A39
06E9
0717
0812
0652
0876
07E7
07FC
07EC
078E
06D9
0749
07E2
096C
072A
09A0
07E6
07BC
0735
06A4
05D2
06C0
0635
0713
077D
08F1
063E
0633
086A
0693
091F
0857
080B
07AA
07F9
06A9
0836
089F
071D
09EA
07A5
0751
0763
076B
081D
0797
07C8
0835
068B
072D
0A53
0857
08B7
077B
015E
0B2C
0C37
0BD5
0E7C
0D9C
0C09
0D26
0BFF
0ED5
0BAC
0BE4
0BEB
0906
0BCC
0A72
0AE3
0CDE
0C6D
0CAF
0C3A
0DEA
0BB1
0C7F
0DD7
0B51
0D48
0EF6
0B47
0C32
0C8B
0B30
0A8C
0BF5
0ACB
09FB
0E40
0B0F
0D34
0C97
0D27
0B38
0BD7
0E91
08BF
0BCD
0BA9
0DB0
0BCB
0CD9
1060
0C78
0D0B
0DA3
0DC5
0E10
0CB0
0E3E
0DF3
0BB1
0C2B
0F8F
0D25
0BAB
0485
0B32
0B7B
0D6E
0B8B
0DD2
0C67
0C80
0C54
0DAD
0D21
0A30
0E23
0AFF
0C56
0B84
0A8A
0C3C
0B94
0E78
0CC2
0F9A
0CF2
0DCA
0E92
0C43
0C5B
0E18
0EA0
0C5B
0A21
0C9F
0A13
0A89
0B04
0938
0C94
0A94
0A42
0CFF
0CF0
0BE8
0C9F
0BA0
0AE2
0B11
0BE8
0CC2
0C1C
0AAC
0F36
0D65
0B59
0D72
0E20
0F9F
0DAB
0CEA
1053
0E73
0978
0E50
0BFE
08AD
01DB
0BC9
0C78
0DC7
0C6A
0EFF
0C3C
0C7F
0DC6
0B12
0E95
0D8B
0BEF
0E7D
0C70
0D66
0D7A
0ECF
0A51
0DA8
0F59
0EB7
0B94
0FA6
0DB9
0C1E
0D7D
0AE1
0DC5
0CAC
096B
0BE2
0BA3
0BF3
0C6D
0B36
0D7C
0C24
0981
0CC7
0CE4
0A8A
0C6C
0D9B
0BE1
0922
0CE6
0B8C
0A35
0C06
0DBD
0EC2
0BEF
0DFE
0C1A
0DD0
0DCB
0E18
0A66
1041
0BD1
0D2D
0C56
0982
0030
0BCC
0B7A
0C32
0C34
0D30
0B1E
0E99
0D3C
09E0
1015
0DCC
0AF1
0F83
0D8B
0D0D
0C4E
0D5A
0C16
0B38
0E2B
0F4D
0DB6
0F4B
0F5F
0DE9
0F83
0C84
1105
0B39
0B2F
0C36
0CCC
0A31
0C1A
0E4A
0BAC
0C08
0B32
0CF8
0C19
0B97
0D45
0DB2
0F56
0C01
0C9C
0F01
0937
0C7B
0CE3
0A1E
0C96
0D9D
1047
0B41
0C48
0E2E
0A0C
0C02
0F19
0E4A
0C55
0D20
029C
0DB3
0CFE
0D08
0C40
0F0E
0AEB
0C45
0DE8
0CD3
0EB3
0C0C
0F95
0BCB
0E6A
0EE1
09A8
0D42
0C49
0CBA
0AFD
0E02
0C39
0FFF
0B08
110F
0C2C
0F95
108E
0CFD
0E74
0D75
0CE6
0CED
0B72
0E99
0DF0
0DB6
0BEE
0A60
0DFA
0DAA
0C60
0E61
0D10
0CC4
0FBD
0BC1
0B0D
0AB4
0B70
0BFB
0B6F
08F7
0FF5
0B94
09A0
0CE1
0AE1
0A81
0D78
0E4B
0A94
0A77
04C6
0A21
0A57
0C8A
0984
0CBC
0D8C
0BAA
0D43
0D9A
0BC4
0AB0
0B66
0DDC
0AD6
0F7F
0A4B
0D67
0B28
0D30
0B96
0C72
0BEB
0F8E
0AF0
0D0B
0CEF
0AA0
0DD2
0F0D
0F56
0EB9
1033
0CC9
0D7D
0EC4
0C3D
0A78
0E10
0A5D
0DA6
0DDC
0A7A
0E8B
0C3A
08B9
0F0C
09D7
0C07
0CE6
0914
0A40
0AF7
0ADA
0AA1
0CF6
09EA
0B9F
0C28
0B25
0BE2
0D99
0C04
0AAC
03AB
0D3B
0C1A
0B46
0A9E
0B28
0ADD
0B79
0B38
0B95
0DAF
0A9B
0B47
0C49
0ACB
0B9E
0CF2
0CAC
0C0F
0E1C
0F21
0ADD
0EC6
0F5A
0CD2
0EA2
0CBE
0D0F
0BC0
0FC7
0DBB
0BDA
0FCE
0D7D
1057
0DB9
1118
0AD3
0D0D
0CA6
0B3A
0E2C
0A34
0F73
0FA6
0D16
0F3F
0E94
0B0F
0FB9
0B3D
0DD8
0AA7
0B05
0D4C
0B2A
0BE0
0B8F
0D17
0AE1
0D40
0C68
0EA6
0AC3
007A
0CE8
0947
0952
0CF1
0A4C
0B08
0BFB
0B49
0AF4
0EA0
0B0A
0D5B
0E17
0E19
0885
0BE4
0C70
0B36
0EB6
0BC6
0CE5
0D00
0D9D
0F60
0E7D
0C49
0E9F
0AF2
0AD5
0CBA
07F1
0C7D
0E38
0D54
0C9A
0FEE
0EB4
0B12
0DE0
0AB5
0BB8
0D0F
0CF8
0C3E
0E75
0E87
100B
0E6B
0D8C
0B04
0CF9
0ABF
0C4C
0E82
0D17
0A42
0C69
0F3B
0DF7
0D6F
0C47
0D1E
0CB0
0041
0C26
0F97
0960
0E1E
0AD4
0ACA
0E5B
0D25
0D00
0BE9
0CCB
0EF8
0BBA
1073
0DA3
09B4
0E5D
0D0C
0B4D
0B87
0B2E
0D16
0C86
0FE7
0C6A
0F64
0DBC
0EE5
0AA2
0DFB
087B
0C15
0C18
0EEE
0B81
0B9C
100A
0AD0
0B90
0B58
0B0F
0C25
0CE5
0C9E
0AD8
0D86
0BA3
0AFF
0C73
0A3A
0C1A
09FF
0BDB
0AD7
0EE2
0EF0
0BEE
0C12
0BBB
0C67
0C19
0D0F
0BB4
01E3
0C7B
0A71
0CE2
0BF3
0C55
0BDC
0ECC
0D03
0E64
0C54
0DA2
0E22
0DD1
0D35
0EBB
0DF1
0BAB
0F54
0BF0
0BBB
0D72
0BF9
0CFA
0C7C
09FC
0DE8
0D97
0DD6
0E18
0D2E
0C75
0AEC
0CCC
0C67
0EF0
0D18
0DD7
0DF0
0967
0D61
0975
0BC4
0D90
0C2B
0C8B
0C7F
0E37
0976
0DE9
0AB2
0E58
0C47
0B69
0C64
0C7F
0C72
0FC9
0D44
0CD0
0A18
0B6A
0D90
0996
044B
0DE0
0AF3
0BF7
0BF0
0A89
0F18
0C7A
0D33
0D06
0D46
0EBE
0BAB
0E5E
0B78
0C62
0F7E
08E9
109F
0EAC
0B92
0F47
0B5C
0FD3
0A34
0C3A
0DD8
0A45
0FB8
10CC
0B8D
0EE9
0D06
0CAB
0D30
0E27
0DB1
0ED4
0E81
099B
0DC7
0A69
0B80
0CB3
0BE6
0DFE
0CDD
0D19
0E1E
0EB8
0E96
0C3F
0E2A
0B2F
0C84
0A5B
0A87
0D31
0D7B
0E14
0AFF
0DE9
0C05
0A05
01C7
0C4D
0E23
0DE7
0C82
0ACE
0C07
0D07
0CE0
0C43
0E71
0D22
0B25
0EB6
0D4B
0CA3
0F9D
0C1F
0E0E
0EE8
0B40
0CD0
0D7D
0ED1
0D8F
0FB4
0DF5
0E7B
0E4B
0EBD
0BF3
0BE4
0CF3
0D76
0EE3
0D7D
0FB9
0D3C
0FB3
0D0E
0B37
0E28
08F9
0A9C
0C16
0CA0
0C1A
0BEF
0E65
094F
0F5E
0CAE
0D8C
0C9C
0D71
0C6E
0C65
0A18
0DA8
0A6F
07F0
0CA3
0B7D
0B3F
0140
0CDA
0AA1
1083
0B38
0C73
0C43
0A84
0D12
0B99
0CD9
0D44
0D37
0D34
0E03
0D2D
0CBA
0FBA
0D8F
0D6E
0C1C
0B3D
0B67
0F7A
0B46
0EF3
0A72
0F87
0C7B
0CCD
0B43
0B75
0B1D
0DC9
08CA
0E75
0EB4
0C54
0E1E
0C2F
0B9A
0D2D
0D03
0870
0E35
0C61
0B60
0D74
0F67
098A
0AD2
0ED8
098D
0B7C
0E02
0AFD
0A32
0E58
0ABA
0D6F
0AA7
0D0A
0B96
0B82
00C3
0CFC
0B42
0CE0
0C5A
0BDA
0E5A
0BD1
0E74
0DEA
0D54
0E7A
0C67
0907
0DAE
0C8C
087C
0E65
0C07
0CAE
0B6E
0D94
0C37
0CF2
0B5B
0DFF
0BA7
0EF1
0CD6
0C20
0BDE
0DEF
0C3B
0B6C
0D40
0C2F
0D1A
0CFD
0CB1
0AE0
0EC7
0AF1
0C74
0AC6
0D7F
0B0E
09E7
0E37
0C90
0D07
0E5B
0CE9
0CBF
0C66
0C9B
0C4B
0A59
0C41
09B6
0D0E
0E5D
0C4B
0E99
0BD9
0203
0AB0
0CF7
0C18
0D48
0EEE
0B3E
0D2F
0D62
0E42
0E81
0E1A
0EDA
0C40
0CD0
0BB0
0E07
0C64
0D50
0F93
0D5B
0DF5
0F4E
0B63
0D59
097A
0BF5
0EB9
0BA2
0E97
0BD3
0B1D
0E83
0B33
0E66
0C32
0DAA
0C1F
0D4A
0C3E
0E83
0DA1
0D70
0D72
0D0A
0BE8
0B57
0BB0
0AC1
0D99
0EDF
0C0D
0D09
0DD0
0E11
0CA4
0E02
0CE3
0BE2
0B44
0D91
0E20
0BA6
0B1C
0295
0C0C
0D96
0E0A
0C50
0CAE
0B4E
0AF9
0D25
0E93
0BF0
0CD0
0DA3
0D77
0D16
0B46
0E8C
0B3F
0E3A
0D6B
0DB3
0DEB
0E51
0EE7
0DFC
0CBA
0B10
0F5B
0B99
0B93
0DF4
0B8A
0DB8
0A5C
0DC3
0C70
0D39
0E31
0C2E
0D57
0D98
0EBA
0E7E
0E5C
0D1E
0D27
0B8F
0AC9
0D68
0BF5
0C8E
0C3F
0964
102D
0B50
0ECA
0E3F
0C8F
0D97
0EB1
0A17
10EE
0946
0D51
01E0
0CD9
0D16
0ADF
107C
0DEC
087D
0B30
0C5E
0CD1
0C0F
0BD1
0ED4
0BC9
0C6A
0B7D
0DFD
0A6E
0E51
09F9
0E4B
0E6D
0C3C
101B
0CF4
0CDB
0D8A
0D6D
0DBD
0C4B
0C55
0D97
0B7E
0C51
0D3F
0C2A
0E50
0DF0
0CD1
0DAD
0D18
0E25
0D8D
0D9C
0F39
0FA4
0A86
0D01
0C69
0CC7
0B55
0E5D
0CEE
0AE2
0C96
0C7C
0EF2
0A2A
0E92
0C46
09E4
0D24
0D9B
0989
0155
0B12
0ECB
0948
0BA7
0ED0
0BDB
0C51
0C02
0C1C
0B00
0D25
0DC1
0C9B
0D0D
0DC7
0E0C
0B2A
0FBD
0B29
0E4A
0D8F
0CA3
0E71
086A
0AA3
0B96
0BCC
0D27
0C35
0C0E
0E2F
0B31
0CA9
0C86
0DCB
0CCD
0DAD
0D31
0C5B
0F6A
0E3E
0D22
0CA4
0E28
102D
0B75
0D4C
0D77
0D76
0F0F
0B77
0E7A
0B97
0C1F
0AA6
0E33
0B82
0C41
0D27
0C09
0CD2
0AF2
0C27
0000
0C1C
0D7E
0C34
0B48
0D8F
0B94
09BF
0CE3
0DD4
0BBE
0C47
0EAF
0CAC
0BD3
0C79
0F03
0CCD
0D18
0DCB
0DB7
0B28
0B78
0EDB
09E6
0BF6
0A6B
0B08
097F
0AC6
0FB0
0CA8
0E1E
0DF6
0DD9
0B8F
0DED
0C11
0C9D
0B2E
0DFB
0A89
0B8D
0E60
0C66
0CB6
0D50
0D5F
0A6B
0DF5
0EC3
0AFA
0B4B
0ED0
0950
0CA9
0D59
0E19
0C3E
0DC0
0E8D
0E8F
0919
0D32
0311
0B70
0D8E
0A68
0B61
0CC6
0CC8
0B94
0A28
0C7C
0C3C
0B12
0E51
0BD8
0DC4
0C08
0B5D
1052
0B5F
0CF7
0E2F
0C18
0A2E
0C7D
0D23
0DFB
0DF6
0D8C
0DEC
0C3E
0D1E
0DAC
0EB9
0BD5
0D81
0D29
0CED
09B8
0ED4
0C74
0D64
0C6C
0BCE
0C5D
0D40
0A98
0DE8
0D5B
0B45
0E8D
0D7E
0D3F
0BD1
0C51
0DD8
0ABF
0C42
0DD6
0C9B
0DDD
0F92
0C6C
0CD7
08F3
028F
0BEC
0C02
0C72
09CB
0C31
0BC3
0B84
0C55
0B05
0D5E
0934
0EB5
0C31
0BA0
1042
0855
0FFC
0DEB
0C0F
0E3E
0F3A
0BB2
0BA6
0CC2
0DEC
09AC
0E3A
0C9F
0CD7
0CBF
0BB9
0FE1
0B05
0A1F
0CC0
0D19
0B18
0B5B
0D1E
0DFD
0B50
0D3A
0B40
0D02
0B07
0CB6
0E09
0D43
0C62
100F
0D6D
0E34
0CBA
0C01
0D74
09E4
0BDA
0A98
0E77
0C82
0C37
0E28
0AAD
0116
0D55
0B2E
0BD0
0DDF
0C36
0CEF
0B25
0DEE
0AB9
0E05
087E
0C5B
0BAD
0AF4
0D39
0B64
0CAA
0E58
0A54
0B95
0EB1
0967
0C9B
0D7F
0B3F
0BE9
0B3E
0C5E
0AEA
0D15
0CA6
0D1E
0E6E
09A6
0DD9
0B63
0B22
0F0D
0960
1113
0B41
0E43
0BDE
0B51
0B2E
0AA9
0DD6
0DED
0839
0D46
09B4
0CD7
0C54
0BF1
0CFE
0AA3
0D11
0BA1
0C4C
0C51
0CC5
0BCD
0BD6
011E
0AF3
0DC8
0A2D
0CA0
0D18
0DBD
0A69
0E8C
0CC7
0B33
0D30
0B45
0B17
0C9D
0E01
0D0C
0D30
0BAF
0E3C
0C9F
0E98
0A28
0BB3
0E00
0B71
0C9D
0DB9
0D4C
09F9
0AF4
0E99
0C73
0FA1
0B35
0E0F
0A95
0CED
0CD8
0A4A
0F27
114B
0C29
0E30
0EC3
0B23
0B03
0BA1
0D60
0C02
0BF6
0B3C
0C91
0B29
0CDB
0CD2
0AED
0BCC
0BA8
0C17
0B9D
0D3A
0AAA
0983
01B6
0CD2
0C24
0AD1
0CB3
0B16
0DDA
0A51
0B14
0F91
0B52
0B67
0D01
0C34
0D49
0DB6
0D87
0E90
0B8F
0C63
0DB8
0BB8
0D19
0D3D
0D89
0C72
0B20
0BDA
0D7F
0E74
0BCD
0D46
0CEC
0B70
0D3F
0ECE
0C50
0E10
0DF4
0BE4
0D1E
0F2D
0A45
0BDD
0CC0
0BAE
0EEE
0C71
0D42
0E4F
0CB5
0D42
0EDF
0D53
0F75
0C8E
0B81
0FC8
0DCE
0C88
0E01
0D50
0C33
0BAD
027B
0A08
0B9E
0848
0B2B
07D1
0CD8
0CA1
0ABD
0CE8
0D23
08F9
0AA8
0B27
0B3B
0D8D
0AF3
0CCA
0F4E
0C6C
0CF1
0D40
0C5B
0A9D
0BD8
0DB5
0AC4
0AE3
0CE6
09D1
0EDA
0F3B
0D4E
0C86
0E57
0CCF
0C50
0FAF
0943
0C1C
0CA3
09B4
0E0E
0B35
0C53
0D6F
0BDD
0CB5
0CAF
0E88
0B5B
0D51
0C4B
0C77
098F
0F16
0BC6
0FA3
0CB1
0BFA
0E08
0D9A
0D0C
0D49
01E7
0D0F
0C96
0D23
0C31
0A45
0AC6
0DB6
0A29
0A11
0C8B
08D1
0843
0B1F
0BC5
0D5A
0BD5
0BD0
0F1F
0D94
0B5E
0C02
0D79
0ABE
0C2B
0A94
0A24
0A65
0BC6
0B42
0E22
0AFC
0C42
0BC0
0CE4
0F65
0D3A
0E9A
0CC9
0B9C
0B89
0805
0A11
0C41
0B7C
0C29
0C44
0AA0
0D4F
0AD8
0ACD
0F84
0C54
0DAA
0923
0CB2
0CDA
0CE0
1091
0A50
0C4B
0B9C
0AD1
0A66
0000
0C29
0AED
0E82
0B88
0B04
0DF4
0C49
0C70
0B9D
0BFF
0B1C
0BDC
0A5A
09ED
0BF4
0BC0
0BBD
0B13
1043
0B3A
0D39
0C15
0C19
0B98
0A87
0D03
0A77
0A55
0C58
0CF0
0CFF
0BDD
0C0A
0A99
0CA2
0CB8
0CF1
0FEE
0E59
0DAD
0A60
0AC7
0AC3
0CA1
0C59
0D5C
09A3
0BA4
0D6B
0E43
0B90
10CD
0AED
0A8E
0D16
0E25
0AFB
0DCA
0EEA
0D5E
0A95
0B69
0AE0
004D
0DBD
0F65
0BA2
0DF6
0C23
0A70
0D6F
0D9A
0CE2
0E81
0C2F
0E4A
0C71
0CCC
0C77
0B59
0C51
0B3B
0E7A
0D04
0C8B
0D6E
0D9E
0E03
0D21
0CD5
0D60
0A89
0DC5
0D87
0B38
0DD0
0D56
0CB2
098C
0EDB
0AC8
0C89
0EE6
0E81
0915
0D05
0A66
0D04
0B2D
0E29
0D85
0BA1
0C69
0C13
0BD0
0EFE
0A90
0AFD
0D95
0DE8
0C63
0B5C
0FB4
0BD3
0A17
0D1B
0A6C
0065
0CBB
0BD4
0E94
0B86
0EF9
098B
0D9D
0BC0
0EB9
0DD1
0FA9
0CF1
0FB7
0CDE
0C99
0A49
0C62
0D85
0B94
0E2F
0CD6
0AEC
0BC0
0C55
0B1C
0E58
0A82
0DD8
0B84
0C9F
0DE8
0DA7
0BC4
1174
0E79
0E36
0EC2
0B85
0C0E
0E23
0B34
0C64
0BD4
0D7F
0E92
0CDC
0C5F
0C26
0D4F
0D09
0A69
0C66
0C55
0AC6
0A5B
0E92
0A2D
0DA8
0BCD
0EC4
0965
0CCC
07F1
01C6
0CF5
0CB2
0B35
0D1A
0B63
0953
0B9C
0A32
0CF8
0E20
0EA3
0E9C
0B30
108D
0C67
0B7D
0AA7
0C75
0F76
0C0C
0EB8
0D09
0D4B
0A8E
0A99
0BC5
0A55
0CA4
0E3A
0A68
107B
0D0D
0C7B
0EB3
0E8C
0BEB
0CE6
0E38
0C81
0C9B
0CA2
0AB0
0DBF
0D9B
0C86
0E0C
0C4E
0E8C
0CBB
0DE3
0BFC
0B1B
0C2C
09F7
0998
0BF8
0973
0C8C
0B0A
0D2B
0B9B
0BC7
0B16
0294
0B7B
0AE9
09B9
0D39
0AA3
0980
0A15
0924
0C67
08C2
0C61
0E1F
0AF7
0DAB
0BBF
0B83
0F47
0AF0
0E83
0CD8
0D95
0D14
0EDF
0D6C
0CC1
0BFE
0BA7
0B36
0D3C
0C1E
0BAE
0DEC
0C36
0D74
0DB5
0CBB
0C64
0DB4
0BB1
0D33
0EEA
0BD1
0BEC
100E
0A67
0E30
0EC2
0BF3
0DC1
0D98
1084
0B1A
0FEF
0C72
0A16
0CE3
0A1D
0D15
0A57
0E10
0BBB
0B92
0904
01DD
0A24
0B00
0B94
0C03
08F4
0DE8
0C66
0A1A
0EC5
08F1
0D3D
0ACE
0D30
0A39
0D2C
09BE
0CC4
0D31
0CDC
0C9D
0EA1
0AAC
0E4A
0C7C
0AE4
0DF0
0985
0DFA
0AC6
0968
0C74
08B0
0DB7
0B7F
0B7D
0D3B
0DF2
0CB7
0EF5
0B3D
0EC1
0C58
0DA6
0DA4
0DD9
0AE3
0FAA
0E19
0B8C
0BC9
0DC8
0BA9
0C86
0D23
0B65
0B07
0AD3
0BBF
0C2D
099F
0C6B
0C35
0C56
029F
0B85
090A
0BA7
0D43
0A2A
0EF4
0EE8
0C84
0E68
0E53
0D34
0C07
0E08
0B03
0C57
0D75
0ABF
0DD1
0BED
0B01
0E30
0D5B
0C0B
0E09
0C16
0872
0C6A
0A9F
0E4B
0B61
0C53
0A6A
0AE7
0B6A
0B74
0D66
0BF2
0FC3
0FAB
0F51
0D58
0D0E
0CB1
08F7
0E4F
0BFA
0F27
0CF2
0DAB
0A15
0B15
0AB0
0A03
0891
0C0C
0AF6
0D7E
0B9E
0EB1
0A09
0E31
0ACD
0ACC
01EA
09C6
0CE0
0AE6
09FD
0C83
0D42
0B90
0ECD
08C9
0E2D
0DE7
0A69
108D
0A52
0D77
0B98
0C13
0B94
0CB8
0B4C
085E
0E40
0A7F
0B7D
0D5A
0A76
0DD2
093B
0C50
0B47
0BB4
0C57
0C21
0CE6
0A41
0C59
0BCD
0C38
0E0A
0D8A
0D07
0AED
0E29
0AF5
0C90
0CCD
0BB7
0D59
0FD1
0BDC
0E86
0CA7
0DDC
0863
0D2E
0DFC
0A95
0E10
0F41
0BA8
0D1D
0AC6
0AEA
0000
0BD3
0DDD
0E28
0B87
0D47
0E8B
0B4D
0E25
0BAC
0AB9
0CD5
0CD9
0D65
0EBA
0BEF
0D9F
0B60
0D8A
09CB
0EF9
0A3C
0DD4
09C4
0B49
0D56
0C23
0D8B
0E71
09D5
0A03
0BEA
0975
0CF9
0D3F
0C59
0BE1
0DFC
0BCA
0E4C
0A4D
0F01
0CA9
0DB2
0CA8
0CCD
0E13
0D25
0D0F
0EE8
0D60
0E10
0DC8
0B0C
0BDD
0B02
0C93
0B70
0C37
0BF2
09CE
0B8E
0BBA
0A5A
016A
0E2B
0BBF
0D78
0D01
0C53
0E19
0D5B
0AA4
0DF0
0BB2
0D34
0DDB
0DFE
0D8B
0E8A
0F2E
0D71
0EB4
0C2B
0B42
0E3B
0DB6
0C87
0C5A
0C96
0B56
0C33
0F61
0DB4
0AB2
0D4F
0C67
0AEC
0CEC
09D4
0C87
0BD1
0CCC
0DF9
0C0B
0B8C
0E2E
0B5C
0D9D
0C7E
0CBA
0D57
0C7D
0D31
0D67
0EC6
0F31
0C84
0E9A
0C35
0E52
0B97
0EAF
09D2
0BD3
0AE7
0B9A
09F9
00EC
0AE1
0E54
0C50
0D8C
0D8C
0A79
0C2E
0BB6
0984
0E40
0B6B
0C18
0C66
0D4F
0D81
0F39
0EA9
0EE4
10BD
0DCB
0E42
0BCB
0DBA
0CC8
0DCD
0E91
0B96
0EE5
0E84
0B55
0EAD
0BD0
0D80
0CCD
0B80
09F7
0A14
0AC4
0BB0
0C53
0E0A
0ABD
0DF6
0DC9
0B3F
0C02
0C3B
0DAE
086B
0ED4
0A31
0C31
0E5E
1031
0EDB
1101
0E8A
0EC1
0C54
0C77
0C29
0ADD
0A89
0366
0B03
0D26
0B54
0D96
0CC4
0D3A
0D06
0AE3
0CFF
0952
0D11
0A8C
0B4A
0C23
0C9B
0C2E
0D14
0CB4
0DE9
0E72
0F1B
0C72
0D5E
0E81
0BAD
0E90
0D68
0C34
0C30
0A37
0A56
0D5E
0BDB
0AD3
0B8A
0C11
0A23
0E5F
0A9F
0CE7
0E52
0B60
0C90
0DA6
0D6C
0BF8
0B85
0E13
0CB7
0DA8
0D25
0AEC
0B9F
0CDF
0BA4
10C3
0F8F
0D84
0F47
0AF7
09F5
0BA3
062C
01B7
0A6B
0D5B
0ACE
0DCF
0AFE
0C9D
107B
0B68
0D76
0DB4
0CFD
09B4
0CD9
0CF1
0C09
0C0A
0FCA
0BF3
0F5F
0C28
0F13
0E38
0C63
101A
0DE7
0A96
0D8A
0C16
0C1A
0C06
0A0F
0BA3
0DE1
0B83
09F8
0D39
09B7
0D06
0D53
0BCA
0D29
106A
0D64
0B7C
0D00
0C32
0A1E
0C94
0E47
0CF9
0BE6
0D36
0BAA
0B77
0EA5
0D71
09A1
0D67
0C64
0C3A
0948
0D84
0935
0392
0C76
0EB0
0BCB
101D
0B1E
0D70
0FFE
0E8D
0D7F
106B
0DAB
0D3C
0D7E
0D56
0CA3
0F0C
0B9D
0E51
0D84
0DEB
0D4B
0FD8
0E3B
0B65
1189
0C0F
0C16
0BF8
0BAD
0DF4
0DC2
08EF
0E7F
0D8E
0A56
0E1E
0BFD
0A58
1077
0B32
0B99
0F3B
0E55
0C0D
0C5F
0B4B
0A87
0B5E
0B5D
0B93
0AD1
0E58
09E8
0A07
0D1F
0DCD
0A3A
0AF6
0AAB
0AFD
0B9A
0E0D
084E
026E
0D24
10BF
0D76
0F26
0D42
0D5A
0CB1
0CD0
0BC5
0C82
0DA3
0C45
0F99
0EC3
0C76
0DD4
0B1E
0CA5
0C57
0BDA
0E01
0AA7
0EDE
0A77
0D5D
1006
0B0D
0DED
0AFA
0A29
0DD7
0BA5
0D10
0D28
0B96
0C30
0BB0
0C4B
0BDD
0D29
0E2F
0D9F
0CAB
0C5A
0D24
0867
0BB8
0B86
0AFE
0BB2
0CEC
0DA9
0BE5
09A4
0DBE
091E
0ED7
0B83
09B1
0D41
0BCC
0A64
0B35
036F
0D8D
1054
0D2D
0DD9
0EBA
0E22
0DE6
0E09
0C22
0BDF
0C76
0B66
0AA6
0C60
09C2
0E29
0BC9
0E55
0B24
0E19
0C33
0C40
0DEE
0C92
0BED
0E62
0BFF
0D12
0DCF
0D20
0E7F
0A4C
0F32
0B6C
0E0D
0C97
0B21
0DD2
0AC7
0B95
0D00
0CCE
0CA9
0C10
0CCD
0A34
0B86
0C99
0B64
0D4E
0B8A
0FA6
0D7F
0BDD
101F
0B21
0D81
0E6C
0A37
0BE2
0CD1
096D
09A8
026E
0B8C
0CBE
0CE6
0B40
0BAD
0CE7
0CD5
0E22
0CD8
0E71
0CA2
0D97
0992
0C80
0A0E
0AE3
0C78
0D26
0CC6
0F71
0D6F
0D14
0B16
0B4B
0F81
0BD5
0AF3
0DC9
0B77
0D34
0E82
0D1D
0DB3
0C5D
0D25
0D20
0C8A
0EC9
0AF2
0CB0
0D0D
0D02
0BCD
0C8F
0AF1
0D34
0D98
0D09
0AEC
0DFF
0E10
0BDA
0D11
0CED
0D4D
0DB3
0D9C
0C07
0F1E
0B27
0C16
0CBA
09FF
0112
0EC9
0CA5
0B16
0C88
0B78
0A50
0AEC
0EC3
0973
0DA7
0FC6
0CFB
0F03
0CF4
0CF3
0CC0
0B62
0D4D
0BB0
0B2A
0F6C
0C6D
0DCD
0B31
0D9C
0CB4
097A
0BD4
0D0B
0B0F
0C3F
0B74
0DF3
0D85
0D02
0C9A
0DE4
0ABB
0D2D
0C08
0CB4
0DAE
0DAE
0E7C
0B45
0CCD
0CD9
0D71
0AD0
0B46
0CFB
0F77
09BE
0CC7
0C23
0C78
0C89
0990
0DAC
0D7E
0CC9
0DE4
0AD0
01FC
0DEA
0CFB
0C56
0C82
0E51
0C00
0D1C
0D02
0E2A
0E88
0D96
0EBC
0FC9
0D44
0C71
0BFE
0C65
0CD0
0ABC
0B39
0E2A
0D0C
0B21
0DB6
0CA9
0CF8
0968
0C36
0DD4
0D12
0E7A
0DF3
0C26
0CEB
0B1B
0E4A
10BA
0A68
0D49
0CB0
0AE8
0E72
0C39
104B
0B90
1226
0BC4
0E98
0CCF
0CA0
0C74
0CF3
0D32
0977
0B9C
0A3A
0DCE
09A1
0B7D
0DA5
0BC2
0A52
0BF5
02D2
0A79
0FC2
0DCE
0C05
0F15
0D26
0E11
0BAD
0DD5
1025
0D8E
0F72
0F24
0E19
0DED
0973
0D1F
0BF0
0908
0BA0
0DF8
0B2B
0D2E
0BB8
0D9E
0B93
0942
0C46
0C6E
0D01
0E35
0FFE
0CBC
0CB4
0CCB
0ACF
0D4E
0D30
0A42
0CB9
0A9F
0ECF
0D73
0D06
0D32
0E37
0EBD
0D59
0DA2
0ED3
0D94
0A86
1150
0CFB
0D6D
0BDF
0DF0
0B8D
0C9B
0CDC
0EF6
0B61
0891
02B3
0E82
0D4D
1171
0CF8
0EA8
0EF8
1017
0AA2
0EB0
0E37
0DDA
0C98
113C
0B2A
0FBA
0E22
0C15
0BB0
0959
0AD3
0B25
0D65
0BF4
0AFD
0E5D
0D5A
0B7D
0C02
0D4C
0B54
0E98
0D4A
0EA5
0BC4
0E0F
0BFC
0B73
0D20
09EF
0A75
0BCE
0E0A
0E2E
0C5B
0D93
0DE9
0C95
0B96
0C0E
0C17
0E5D
0B03
0CF0
0CC5
0D08
0D20
0C7A
0D09
0991
0BA5
0E42
0B88
08F6
034A
0C5E
0EFF
0F7F
0DE6
0F27
1013
0D41
0CF3
0FA1
0E03
0E0B
0CA5
0F03
0C0E
0D4F
0F77
0F6C
0AF4
0D59
0B7B
0B61
0B4B
09AD
0F6A
0BB0
0E32
0D44
0BFA
0E1E
0C88
0DF0
08E9
0DB2
0E75
0C35
0D0A
0E56
0C38
0BEA
0A45
0950
0C8D
0C37
0A85
0AE5
0CF3
0A79
0BFB
0B8E
0A76
0D5A
0C4F
0CCE
0CEE
0D47
0C95
0A30
0BE5
0D5D
09B5
0EE0
0C0D
0965
041F
0AE4
0F07
0DAB
0CBC
0EF6
0F68
0B94
0EBD
0A24
104C
0DAE
0AF8
0D78
0D82
0AFD
0B3E
0F3F
0D65
0BC1
0CF4
0ED0
0A8D
0968
0C33
0E12
0B78
111E
0C50
0D28
0D27
0FF8
0B74
0BB4
0E75
0D67
0C83
0F21
0DA2
0C20
0F23
0A29
0E0F
0DDA
0BE2
0A0D
0CF9
0948
09FA
0C29
0A6F
0CD3
09EB
0BD7
0D10
0C99
0CCC
0D0E
09A8
0C63
0C7F
0D31
0E02
0A6C
0320
0C0C
0A5A
0AAF
0B3E
0DE6
0C2A
0C51
0FD4
0B3F
0EB9
1098
0CE7
0DC7
0E8A
0CDB
09A0
0BEA
0DCB
0C07
0B7A
0F62
0A18
0BFC
0D25
0B29
0D23
0E2D
0D54
0BF2
0EEB
0A07
0CAF
0E59
0A46
0D17
0D0E
0CFB
0D5F
0D72
0D44
0BEF
0DA8
0CAB
0B5A
0C14
0D0B
0AB5
0D2D
0B6B
0C93
0CB9
0969
0E08
094F
0DA4
0A81
0E7E
0AEA
0A9F
0C80
0D16
0D8A
0B27
0275
0C89
0CA5
09B9
0CE6
0958
0A8B
0BBB
0C9D
0DAA
0D13
0DCF
0E52
0ECE
0C86
0EC9
0C9E
0C7E
0D6E
0E88
0B8D
0E24
0BC1
0BF3
0B51
0DC5
0B89
0DD7
0C8D
0955
0F2A
0BAF
0AA3
0E06
0B8A
0D61
0C98
0EEC
0B0B
0DD1
0E85
0BD2
0E77
0D40
0AE1
0EAD
0EF6
0A5E
0EEC
0FAA
0AAF
0E83
0B5E
0C71
0C78
0D8A
0E69
0CB4
0B0A
0E17
0D07
0B17
0B40
0B7F
00D1
0DC7
0F1B
0AC3
0D84
0C2A
09E0
0D70
0B7D
0AB7
0E6F
0C2B
0C36
0F77
0C5A
0D61
0F6D
0C1F
0E96
0D1E
0F0B
0E6C
0BB2
107E
08BE
10AF
0AC2
0F1D
0E28
0C04
0A49
0ECB
0AA6
0AD2
0D20
0C2C
0C46
0F03
0ED3
0A99
0F03
0BDB
0F43
0C5F
0B04
0DF3
0E71
0B75
0DFC
0F2A
0C73
0C6A
0CD4
0BD2
0C8C
0C48
0DD9
0E4D
0D64
0C3E
0FCE
0AE4
0C0D
0A41
0000
0DCB
0D8D
0EE5
0C5B
0F98
0A71
0FBA
0D3E
0C32
0D21
0E5E
0BC7
0F93
0DD7
0BE6
0DF8
0D30
0C78
0BB3
0DF1
0E52
0CE0
0D2D
0CF5
0DD4
0EB5
0B1C
0C4D
0F1B
0C3F
0B16
0FE8
07C7
0C30
0DC5
0949
0B83
0DA4
0A7D
0DB6
0E39
0F1F
0E3E
0CF7
0D8D
0DB9
0B28
0D57
0ED6
0F52
0C8D
0CF7
0B98
0CC3
0CB5
0BAF
0DE3
0BFA
0BD8
0C97
0E97
0A6F
0CC2
00E8
0D31
0B65
0FF6
0C52
0DB7
0E90
0DD9
0E71
0C25
0A82
0E45
0C56
0CC3
0D39
0D55
0C41
0B21
0EA5
0B4C
0E5F
0E19
0EB7
0DD0
0FFB
0D5E
0E21
0F52
0BFF
0C84
0DF2
0A5B
0E70
0C3A
0805
0DCB
0AA2
0AF4
0BA1
0BD6
0CBD
0D5A
0D14
0CF8
0D23
0E50
0CA6
0DCE
0CD6
0DE1
0F57
0B66
0F1A
0CC7
0E0C
0E93
0E7B
0C3E
0FB0
0C7C
0B48
0E41
0B9A
0C97
02CC
0D64
0C08
0ABC
0F7D
0C13
0CA1
0FA6
0A9E
0C98
0ADA
0A30
0D8D
0B34
09EE
0CA7
0C89
099B
0ED5
0A8F
0BFC
0E19
0B1F
0D3D
0B82
0E6E
0D47
0FB7
0E8A
0B24
0F6F
0C28
0959
0F2E
0BAB
0C71
0EA8
0ABD
0E31
0C4B
0B6D
0D65
0BD0
0E2B
0ABB
0D26
0C17
0EE9
0AFC
0F2B
0CA8
08B6
107B
0AC9
0D90
10BB
0C35
0B5D
0F4E
0C6A
0CCA
0D01
0B74
0A94
0148
0BE5
0ABB
0B00
0BC6
0A9C
0CCA
0DC3
0ABA
0DCC
096C
0C7E
0AD1
0B64
0DFE
0C13
0B99
0D5E
0A7B
0C8A
0A1D
1108
0A9C
0DC3
0C63
0C5E
0C67
0B8D
1075
0A80
0C8A
0D93
0AB4
0BCE
0BFE
0BC8
0E2D
0C86
0D4F
0E9B
0AD8
0F29
0B79
0CB2
0B3D
0D71
0BA4
0E59
0DDF
0E17
0C61
0C61
0ACD
0D11
0D43
0E56
0E5F
0ADF
0B9F
0E84
0A09
0F41
0AEC
0B5F
0138
0EFC
0B8B
0C36
0DC2
08E2
0D84
0C0D
0AAC
0C92
0D49
0BEC
0FC2
0AAF
0F2B
0E04
0AD3
0E16
0BF9
0D55
0E35
0E88
0E7C
0BF8
0BD4
0DF1
0A62
0C61
0D0B
09EC
0CC7
0C84
0B08
0DE8
09FE
0E2B
09D3
0B11
0D70
0D62
0CE2
0E1D
0C7C
0A20
0D7D
0A77
0DE3
0E69
0F2E
0ED8
0E52
0E3D
0BDA
0FE9
0E2A
0C85
0D80
0C6E
0C11
0BC2
0CBD
0AE0
102A
0A52
01C0
0C8D
0D78
0E39
0D41
0AE8
0C4C
0E73
0B7A
0AEB
0ED2
0CE9
0C49
0F18
0B31
0C93
0BBC
0BFE
0AA2
0CDC
0F27
0D35
0BA4
0D41
0998
0B0D
0A8D
0B11
0D18
0BA2
0D96
0BE4
09D5
0EA7
09D6
0C43
0C8C
0A66
0DFA
08DF
0DC9
0BF1
0AA3
0C24
0CB9
0D21
0DEF
0E3A
0F95
0BA4
0E22
0D6C
0C6F
0D99
0EC6
0D23
0DDD
0CC9
0D0E
0B79
0EB9
0AD9
0BF9
0C83
0185
0D5F
0DF6
0D70
08E5
0E1F
0B57
0D1D
0A54
087E
0BF0
0C90
0912
0ED8
0D1B
0C95
0E8C
0B76
09A0
0B7E
0B2F
0F18
0B91
0CE4
0CE4
09C4
0C08
0D40
0A8F
0D41
0DF9
0CA3
09B8
0E36
0D04
0DF8
0AFF
0BFE
0BA8
0C81
0C58
0A57
099C
0D69
0BE3
0C2E
0EBD
0F5D
0C37
091C
0CE2
0A5F
0CBC
0E5D
0D10
0D02
0C46
0BB6
0B80
0A05
0CA4
0C18
0B06
0C0A
0245
0DBC
0D99
0F7B
0B4B
0D11
0C36
0BD4
0B1D
0AD7
0B32
08C3
0D0E
0B0A
0E88
0D84
0B99
0EE1
0DDA
0C6E
0D55
0D26
0CF8
0EE4
0F92
0B64
0BB0
0E8F
0A9B
0E85
0DC2
0D67
0E1D
0DA9
0AFE
0E84
0A5E
0EE0
0A31
0D54
0B8B
0AC8
0B50
0924
0D01
0F6B
0C36
0D0D
10DC
09D1
0BB2
0BFA
0C2E
0D40
0C66
0EA5
0D2F
0B1F
0DBD
0A0C
0BDD
0C35
0DEF
077A
0489
0C49
0D03
0B4D
0F5A
0C84
0D39
1015
0CC5
0D5D
0D53
0AF1
0B7D
0BA3
0B57
0DE5
0AF6
0D2E
0B86
0BF0
105F
0A12
0BC2
0E30
0A8F
0AB8
0DD6
0B75
0CDE
0D69
0C49
0A12
0F53
0C6B
0D12
0DBC
0BF7
0CA8
0D88
0CAE
0E4F
0CE7
0D27
0923
0B8A
0D00
0AD3
0A3A
0D69
09C0
098C
0B8E
0B0B
0CDF
0D64
0DD5
0C9E
0C4F
0D78
0C8E
0CA4
0DF8
0E79
0995
0016
0BBA
0B8E
0A17
0CDB
0B5F
0B2B
0ED6
0C31
0DFB
0AC8
0CA7
0BC6
0950
0E19
0AE6
0C81
0DF3
0AC3
0D4F
0D79
0CC3
0D6C
0E24
0E0E
0A2A
0CD3
0A02
0DF6
0C01
0D23
0B19
0CBB
0C49
0D15
0DA0
0C59
0E8B
0C56
0B26
0C04
0DC5
0C91
0CBA
0C18
0C51
0C2B
0B09
0CB6
0AEF
09B3
0CB5
09CF
0B69
0C9A
0E80
0C36
0DB1
0C08
0CC6
0B6E
0C7E
0B26
0C4F
02B0
08F8
0AE9
0C7A
0B69
0D5F
0B14
0CA2
0C59
0E1D
0D11
0DF3
0F08
0D01
0E3C
0C9A
0A41
0C21
0996
0BCE
0BFD
0DB7
0DBE
0D5C
0F0F
0DC4
0E65
0C02
0E77
0C35
0CB5
0C48
0B14
0C91
0C7A
0BFB
0B7F
0D43
0DD6
0D3C
0B19
0C69
0B7B
0BD1
0A34
0B70
0A9C
0BE0
0D83
0C8F
0B02
0BAC
0A61
0AF5
0A7A
0C8C
0B73
0DA9
0C16
0D5F
0BE7
0E6E
0C1B
0B0C
03EA
0000
0000
0000
0000
0000
0000
0000
00C2
0000
0000
0000
0000
0000
0000
0000
0000
0000
0000
010E
0278
0000
0000
0000
0000
0000
0031
0000
0000
025B
0000
0000
0000
0000
0000
0000
0000
0000
0000
0000
0000
0000
0000
0000
0000
007E
0000
0000
0000
0070
0017
0000
013E
0000
009C
0148
0000
0000
0000
0000
0000
0042
0000
0000
0000
0000
0000
0000
0000
0000
0000
0000
0000
0000
0000
0000
0000
0000
0000
0000
0000
0000
0000
0000
0000
0000
0000
0000
0000
0000
0000
0000
0000
0000
0000
0000
0000
0000
0000
0000
0000
0000
0000
0000
0000
0000
0000
0000
0000
0000
0000
0000
0000
0000
0000
0000
0000
0000
0000
0000
0000
0000
0000
0000
0000
0000
0000
0000
0000
0000
0000
0000
0000
0000
0000
0000
0000
0000
0000
0000
0000
0000
0000
0000
0000
0000
0000
0000
0000
0000
0000
0000
0000
0000
0000
0000
0000
0000
0000
0000
0000
0000
0000
0000
0000
0000
0000
0000
0000
0000
0000
0000
0000
0000
0000
0000
0000
0000
0000
0000
0000
0000
0000
0000
0000
0000
0000
0000
0000
0000
0000
0000
0000
0000
0000
0000
0000
0000
0000
0000
0000
0000
0000
0000
0000
0000
0000
0000
0000
0000
0000
0000
0000
0000
0000
0000
0000
0000
0000
0000
0000
0000
0000
0000
0000
0000
0000
0000
0000
0000
0000
0000
0000
0000
0000
0000
0000
0000
0000
0000
0000
0000
0000
0000
0000
0000
0000
0000
0000
0000
0000
0000
0000
0000
0000
0000
0000
0000
0000
0000
0000
0000
0000
0000
0000
0000
0000
0000
0000
0000
0000
0000
0000
0000
0000
0000
0000
0000
0000
0000
0000
0000
0000
0000
0000
0000
0000
0000
0000
0000
0000
0000
0000
0000
0000
0000
0000
0000
0000
0000
0000
0000
0000
0000
0000
0000
0000
0000
0000
0000
0000
0000
0000
0000
0000
0000
0000
0000
0000
0000
003D
0000
0000
0000
0000
0000
0000
0000
0000
0000
0000
0000
0000
0000
0000
0000
0000
0000
0000
0000
0000
0000
0000
0000
0000
0000
0000
0000
0000
0000
0000
0000
0000
0000
0000
0000
0000
0000
0000
0000
0000
0000
0000
0000
0000
0000
0000
0000
0000
0000
0000
0000
0000
0000
0000
0000
0000
0000
0000
0000
0000
0000
0000
0000
0000
0000
0000
0000
0000
0000
0000
0000
0000
0000
0000
0000
0000
0000
0000
0000
0000
0000
0000
0000
0000
0000
0000
0000
0000
0000
0000
0000
0000
0000
0000
0000
0000
0000
0000
0000
0000
0000
0000
0000
0000
0000
0000
0000
0000
0000
0000
0000
0000
0000
0000
0000
0000
0000
0000
0000
0000
0000
0000
0000
0000
0000
0000
0000
0025
0000
0000
0000
0000
0000
0000
0000
0000
0000
0000
0000
0000
0000
0000
0000
0000
0000
0000
0000
0000
0000
0000
0000
0000
0000
0000
0000
0000
0000
0000
0000
0000
0000
0000
0000
0000
0000
0000
0000
0000
0000
0000
0000
0000
0000
0000
0000
0000
0000
0000
0000
0000
0000
0000
0000
0000
0000
0000
0000
0000
0000
0000
0000
0047
0000
0000
0000
0000
0000
0000
0000
0000
0000
0000
0000
0000
0000
0000
0000
0000
0000
0000
0000
0000
0000
0000
0000
0000
0000
0000
0000
0000
0000
0000
0000
0000
0000
0000
0000
0000
0000
0000
0000
0000
0000
0000
0000
0000
0000
0000
0000
0000
0000
0000
0000
0000
0000
0000
0000
0000
0000
0000
0000
0000
0000
0000
0000
0279
0000
0000
0000
0000
0000
0000
0000
0000
0000
0000
0000
0000
0000
0000
0000
0000
0000
0000
0000
0000
0000
0000
0000
0000
0000
0000
0000
0000
0000
0000
0000
0000
0000
0000
0000
0000
0000
0000
0000
0000
0000
0000
0000
0000
0000
0000
0000
0000
0000
0000
0000
0000
0000
0000
0000
0000
0000
0000
0000
0000
0000
0000
0000
00F1
0000
0000
0000
0000
0000
0000
0000
0000
0000
0000
0000
0000
0000
0000
0000
0000
0000
0000
0000
0000
0000
0000
0000
0000
0000
0000
0000
0000
0000
0000
0000
0000
0000
0000
0000
0000
0000
0000
0000
0000
0000
0000
0000
0000
0000
0000
0000
0000
0000
0000
0000
0000
0000
0000
0000
0000
0000
0000
0000
0000
0000
0000
0000
0000
0000
0000
0000
0000
0000
0000
0000
0000
0000
0000
0000
0000
0000
0000
0000
0000
0000
0000
0000
0000
0000
0000
0000
0000
0000
0000
0000
0000
0000
0000
0000
0000
0000
0000
0000
0000
0000
0000
0000
0000
0000
0000
0000
0000
0000
0000
0000
0000
0000
0000
0000
0000
0000
0000
0000
0000
0000
0000
0000
0000
0000
0000
0000
00B0
0000
0000
0000
0000
0000
0000
0000
0000
0000
0000
0000
0000
0000
0000
0000
0000
0000
0000
0000
0000
0000
0000
0000
0000
0000
0000
0000
0000
0000
0000
0000
0000
0000
0000
0000
0000
0000
0000
0000
0000
0000
0000
0000
0000
0000
0000
0000
0000
0000
0000
0000
0000
0000
0000
0000
0000
0000
0000
0000
0000
0000
0000
0000
0000
0000
0000
0000
0000
0000
0000
0000
0000
0000
0000
0000
0000
0000
0000
0000
0000
0000
0000
0000
0000
0000
0000
0000
0000
0000
0000
0000
0000
0000
0000
0000
0000
0000
0000
0000
0000
0000
0000
0000
0000
0000
0000
0000
0000
0000
0000
0000
0000
0000
0000
0000
0000
0000
0000
0000
0000
0000
0000
0000
0000
0000
0000
0000
0000
0000
0000
0000
0000
0000
0000
0000
0000
0000
0000
0000
0000
0000
0000
0000
0000
0000
0000
0000
0000
0000
0000
0000
0000
0000
0000
0000
0000
0000
0000
0000
0000
0000
0000
0000
0000
0000
0000
0000
0000
0000
0000
0000
0000
0000
0000
0000
0000
0000
0000
0000
0000
0000
0000
0000
0000
0000
0000
0000
0000
0000
0000
0000
00CA
0000
0000
0000
0000
0000
0000
0000
0000
0000
0000
0000
0000
0000
0000
0000
0000
0000
0000
0000
0000
0000
0000
0000
0000
0000
0000
0000
0000
0000
0000
0000
0000
0000
0000
0000
0000
0000
0000
0000
0000
0000
0000
0000
0000
0000
0000
0000
0000
0000
0000
0000
0000
0000
0000
0000
0000
0000
0000
0000
0000
0000
0000
0000
0000
0000
0000
0000
0000
0000
0000
0000
0000
0000
0000
0000
0000
0000
0000
0000
0000
0000
0000
0000
0000
0000
0000
0000
0000
0000
0000
0000
0000
0000
0000
0000
0000
0000
0000
0000
0000
0000
0000
0000
0000
0000
0000
0000
0000
0000
0000
0000
0000
0000
0000
0000
0000
0000
0000
0000
0000
0000
0000
0000
0000
0000
0000
0000
0221
0000
0000
0000
0000
0000
0000
0000
0000
0000
0000
0000
0000
0000
0000
0000
0000
0000
0000
0000
0000
0000
0000
0000
0000
0000
0000
0000
0000
0000
0000
0000
0000
0000
0000
0000
0000
0000
0000
0000
0000
0000
0000
0000
0000
0000
0000
0000
0000
0000
0000
0000
0000
0000
0000
0000
0000
0000
0000
0000
0000
0000
0000
0000
0095
0000
0000
0000
0000
0000
0000
0000
0000
0000
0000
0000
0000
0000
0000
0000
0000
0000
0000
0000
0000
0000
0000
0000
0000
0000
0000
0000
0000
0000
0000
0000
0000
0000
0000
0000
0000
0000
0000
0000
0000
0000
0000
0000
0000
0000
0000
0000
0000
0000
0000
0000
0000
0000
0000
0000
0000
0000
0000
0000
0000
0000
0000
0000
0102
0000
0000
0000
0000
0000
0000
0000
0000
0000
0000
0000
0000
0000
0000
0000
0000
0000
0000
0000
0000
0000
0000
0000
0000
0000
0000
0000
0000
0000
0000
0000
0000
0000
0000
0000
0000
0000
0000
0000
0000
0000
0000
0000
0000
0000
0000
0000
0000
0000
0000
0000
0000
0000
0000
0000
0000
0000
0000
0000
0000
0000
0000
0000
0000
0000
0000
0000
0000
0000
0000
0000
0000
0000
0000
0000
0000
0000
0000
0000
0000
0000
0000
0000
0000
0000
0000
0000
0000
0000
0000
0000
0000
0000
0000
0000
0000
0000
0000
0000
0000
0000
0000
0000
0000
0000
0000
0000
0000
0000
0000
0000
0000
0000
0000
0000
0000
0000
0000
0000
0000
0000
0000
0000
0000
0000
0000
0000
0000
0000
0000
0000
0000
0000
0000
0000
0000
0000
0000
0000
0000
0000
0000
0000
0000
0000
0000
0000
0000
0000
0000
0000
0000
0000
0000
0000
0000
0000
0000
0000
0000
0000
0000
0000
0000
0000
0000
0000
0000
0000
0000
0000
0000
0000
0000
0000
0000
0000
0000
0000
0000
0000
0000
0000
0000
0000
0000
0000
0000
0000
0000
0000
0000
0000
0000
0000
0000
0000
0000
0000
0000
0000
0000
0000
0000
0000
0000
0000
0000
0000
0000
0000
0000
0000
0000
0000
0000
0000
0000
0000
0000
0000
0000
0000
0000
0000
0000
0000
0000
0000
0000
0000
0000
0000
0000
0000
0000
0000
0000
0000
0000
0000
0000
0000
0000
0000
0000
0000
0000
0000
0000
0000
0000
0000
0000
0000
0172
0000
0000
0000
0000
0000
0000
0000
0000
0000
0000
0000
0000
0000
0000
0000
0000
0000
0000
0000
0000
0000
0000
0000
0000
0000
0000
0000
0000
0000
0000
0000
0000
0000
0000
0000
0000
0000
0000
0000
0000
0000
0000
0000
0000
0000
0000
0000
0000
0000
0000
0000
0000
0000
0000
0000
0000
0000
0000
0000
0000
0000
0000
0000
0071
0000
0000
0000
0000
0000
0000
0000
0000
0000
0000
0000
0000
0000
0000
0000
0000
0000
0000
0000
0000
0000
0000
0000
0000
0000
0000
0000
0000
0000
0000
0000
0000
0000
0000
0000
0000
0000
0000
0000
0000
0000
0000
0000
0000
0000
0000
0000
0000
0000
0000
0000
0000
0000
0000
0000
0000
0000
0000
0000
0000
0000
0000
0000
0070
0000
0000
0000
0000
0000
0000
0000
0000
0000
0000
0000
0000
0000
0000
0000
0000
0000
0000
0000
0000
0000
0000
0000
0000
0000
0000
0000
0000
0000
0000
0000
0000
0000
0000
0000
0000
0000
0000
0000
0000
0000
0000
0000
0000
0000
0000
0000
0000
0000
0000
0000
0000
0000
0000
0000
0000
0000
0000
0000
0000
0000
0000
0000
003D
0000
0000
0000
0000
0000
0000
0000
0000
0000
0000
0000
0000
0000
0000
0000
0000
0000
0000
0000
0000
0000
0000
0000
0000
0000
0000
0000
0000
0000
0000
0000
0000
0000
0000
0000
0000
0000
0000
0000
0000
0000
0000
0000
0000
0000
0000
0000
0000
0000
0000
0000
0000
0000
0000
0000
0000
0000
0000
0000
0000
0000
0000
0000
0000
0000
0000
0000
0000
0000
0000
0000
0000
0000
0000
0000
0000
0000
0000
0000
0000
0000
0000
0000
0000
0000
0000
0000
0000
0000
0000
0000
0000
0000
0000
0000
0000
0000
0000
0000
0000
0000
0000
0000
0000
0000
0000
0000
0000
0000
0000
0000
0000
0000
0000
0000
0000
0000
0000
0000
0000
0000
0000
0000
0000
0000
0000
0000
0000
0000
0000
0000
0000
0000
0000
0000
0000
0000
0000
0000
0000
0000
0000
0000
0000
0000
0000
0000
0000
0000
0000
0000
0000
0000
0000
0000
0000
0000
0000
0000
0000
0000
0000
0000
0000
0000
0000
0000
0000
0000
0000
0000
0000
0000
0000
0000
0000
0000
0000
0000
0000
0000
0000
0000
0000
0000
0000
0000
0000
0000
0000
0000
00A2
0000
0000
0000
0000
0000
0000
0000
0000
0000
0000
0000
0000
0000
0000
0000
0000
0000
0000
0000
0000
0000
0000
0000
0000
0000
0000
0000
0000
0000
0000
0000
0000
0000
0000
0000
0000
0000
0000
0000
0000
0000
0000
0000
0000
0000
0000
0000
0000
0000
0000
0000
0000
0000
0000
0000
0000
0000
0000
0000
0000
0000
0000
0000
0000
0000
0000
0000
0000
0000
0000
0000
0000
0000
0000
0000
0000
0000
0000
0000
0000
0000
0000
0000
0000
0000
0000
0000
0000
0000
0000
0000
0000
0000
0000
0000
0000
0000
0000
0000
0000
0000
0000
0000
0070
0000
0000
0000
0000
0000
0000
0000
0000
0000
0000
0000
0000
0000
0000
0000
0000
0000
0000
0000
0000
0000
0000
0000
01C2
0000
0000
0000
0000
0000
0000
0000
0000
0000
0000
0000
0000
0000
0000
0000
0000
0000
0000
0000
0000
0000
0000
0000
0000
0000
0000
0000
0000
0000
0000
0000
0000
0000
0000
0000
0000
0000
0000
0000
0000
0000
0000
0000
0000
0000
0000
0000
0000
0000
0000
0000
0000
0000
0000
0000
0000
0000
0000
0000
0000
0000
0000
0000
0000
0000
0000
0000
0000
0000
0000
0000
0000
0000
0000
0000
0000
0000
0000
0000
0000
0000
0000
0000
0000
0000
0000
0000
0000
0000
0000
0000
0000
0000
0000
0000
0000
0000
0000
0000
0000
0000
0000
0000
0000
0000
0000
0000
0000
0000
0000
0000
0000
0000
0000
0000
0000
0000
0000
0000
0000
0000
0000
0000
0000
0000
0000
0000
0000
0000
0000
0000
0000
0000
0000
0000
0000
0000
0000
0000
0000
0000
0000
0000
0000
0000
0000
0000
0000
0000
0000
0000
0000
0000
0000
0000
0000
0000
0000
0000
0000
0000
0000
0000
0000
0000
0000
0000
0000
0000
0000
0000
0000
0000
0000
0000
0000
0000
0000
0000
0000
0000
0000
0000
0000
0000
0000
0000
0000
0000
0000
0000
0002
0000
0000
0000
0000
0000
0000
0000
0000
0000
0000
0000
0000
0000
0000
0000
0000
0000
0000
0000
0000
0000
0000
0000
0000
0000
0000
0000
0000
0000
0000
0000
0000
0000
0000
0000
0000
0000
0000
0000
0000
0000
0000
0000
0000
0000
0000
0000
0000
0000
0000
0000
0000
0000
0000
0000
0000
0000
0000
0000
0000
0000
0000
0000
0191
0000
0000
0000
0000
0000
0000
0000
0000
0000
0000
0000
0000
0000
0000
0000
0000
0000
0000
0000
0000
0000
0000
0000
0000
0000
0000
0000
0000
0000
0000
0000
0000
0000
0000
0000
0000
0000
0000
0000
0000
0000
0000
0000
0000
0000
0000
0000
0000
0000
0000
0000
0000
0000
0000
0000
0000
0000
0000
0000
0000
0000
0000
0000
007D
0000
0000
0000
0000
0000
0000
0000
0000
0000
0000
0000
0000
0000
0000
0000
0000
0000
0000
0000
0000
0000
0000
0000
0000
0000
0000
0000
0000
0000
0000
0000
0000
0000
0000
0000
0000
0000
0000
0000
0000
0000
0000
0000
0000
0000
0000
0000
0000
0000
0000
0000
0000
0000
0000
0000
0000
0000
0000
0000
0000
0000
0000
0000
0011
0000
0000
0000
0000
0000
0000
0000
0000
0000
0000
0000
0000
0000
0000
0000
0000
0000
0000
0000
0000
0000
0000
0000
0000
0000
0000
0000
0000
0000
0000
0000
0000
0000
0000
0000
0000
0000
0000
0000
0000
0000
0000
0000
0000
0000
0000
0000
0000
0000
0000
0000
0000
0000
0000
0000
0000
0000
0000
0000
0000
0000
0000
0000
001D
0000
0000
0000
0000
0000
0000
0000
0000
0000
0000
0000
0000
0000
0000
0000
0000
0000
0000
0000
0000
0000
0000
0000
0000
0000
0000
0000
0000
0000
0000
0000
0000
0000
0000
0000
0000
0000
0000
0000
0000
0000
0000
0000
0000
0000
0000
0000
0000
0000
0000
0000
0000
0000
0000
0000
0000
0000
0000
0000
0000
0000
0000
0000
0000
0000
0000
0000
0000
0000
0000
0000
0000
0000
0000
0000
0000
0000
0000
0000
0000
0000
0000
0000
0000
0000
0000
0000
0000
0000
0000
0000
0000
0000
0000
0000
0000
0000
0000
0000
0000
0000
0000
0000
0000
0000
0000
0000
0000
0000
0000
0000
0000
0000
0000
0000
0000
0000
0000
0000
0000
0000
0000
0000
0000
0000
0000
0000
0152
0000
0000
0000
0000
0000
0000
0000
0000
0000
0000
0000
0000
0000
0000
0000
0000
0000
0000
0000
0000
0000
0000
0000
0000
0000
0000
0000
0000
0000
0000
0000
0000
0000
0000
0000
0000
0000
0000
0000
0000
0000
0000
0000
0000
0000
0000
0000
0000
0000
0000
0000
0000
0000
0000
0000
0000
0000
0000
0000
0000
0000
0000
0000
0000
0000
0000
0000
0000
0000
0000
0000
0000
0000
0000
0000
0000
0000
0000
0000
0000
0000
0000
0000
0000
0000
0000
0000
0000
0000
0000
0000
0000
0000
0000
0000
0000
0000
0000
0000
0000
0000
0000
0000
0000
0000
0000
0000
0000
0000
0000
0000
0000
0000
0000
0000
0000
0000
0000
0000
0000
0000
0000
0000
0000
0000
0000
0000
0000
0000
0000
0000
0000
0000
0000
0000
0000
0000
0000
0000
0000
0000
0000
0000
0000
0000
0000
0000
0000
0000
0000
0000
0000
0000
0000
0000
0000
0000
0000
0000
0000
0000
0000
0000
0000
0000
0000
0000
0000
0000
0000
0000
0000
0000
0000
0000
0000
0000
0000
0000
0000
0000
0000
0000
0000
0000
0000
0000
0000
0000
0000
0000
0000
0000
0000
0000
0000
0000
0000
0000
0000
0000
0000
0000
0000
0000
0000
0000
0000
0000
0000
0000
0000
0000
0000
0000
0000
0000
0000
0000
0000
0000
0000
0000
0000
0000
0000
0000
0000
0000
0000
0000
0000
0000
0000
0000
0000
0000
0000
0000
0000
0000
0000
0000
0000
0000
0000
0000
0000
0000
0000
0000
0000
0000
0000
0000
0020
0000
0000
0000
0000
0000
0000
0000
0000
0000
0000
0000
0000
0000
0000
0000
0000
0000
0000
0000
0000
0000
0000
0000
0000
0000
0000
0000
0000
0000
0000
0000
0000
0000
0000
0000
0000
0000
0000
0000
0000
0000
0000
0000
0000
0000
0000
0000
0000
0000
0000
0000
0000
0000
0000
0000
0000
0000
0000
0000
0000
0000
0000
0000
0000
0000
0000
0000
0000
0000
0000
0000
0000
0000
0000
0000
0000
0000
0000
0000
0000
0000
0000
0000
0000
0000
0000
0000
0000
0000
0000
0000
0000
0000
0000
0000
0000
0000
0000
0000
0000
0000
0000
0000
0000
0000
0000
0000
0000
0000
0000
0000
0000
0000
0000
0000
0000
0000
0000
0000
0000
0000
0000
0000
0000
0000
0000
0000
003F
0000
0000
0000
0000
0000
0000
0000
0000
0000
0000
0000
0000
0000
0000
0000
0000
0000
0000
0000
0000
0000
0000
0000
0000
0000
0000
0000
0000
0000
0000
0000
0000
0000
0000
0000
0000
0000
0000
0000
0000
0000
0000
0000
0000
0000
0000
0000
0000
0000
0000
0000
0000
0000
0000
0000
0000
0000
0000
0000
0000
0000
0000
0000
0000
0000
0000
0000
0000
0000
0000
0000
0000
0000
0000
0000
0000
0000
0000
0000
0000
0000
0000
0000
0000
0000
0000
0000
0000
0000
0000
0000
0013
0000
0000
0000
0000
0000
0000
0000
0000
0000
0000
0000
0000
0000
0000
0000
0000
0000
0000
0000
0000
0000
0000
0000
0000
0000
0000
0000
0000
0000
0000
0000
0000
0000
0000
0000
00AB
0000
0000
0000
0000
0000
0000
0000
0000
0000
0000
0000
0000
0000
0000
0000
0000
0000
0000
0000
0000
0000
0000
0000
0000
0000
0000
0000
0000
0000
0000
0000
0000
0000
0000
0000
0000
0000
0000
0000
0000
0000
0000
0000
0000
0000
0000
0000
0000
0000
0000
0000
0000
0000
0000
0000
0000
0000
0000
0000
0000
0000
0000
0000
0000
0000
0000
0000
0000
0000
0000
0000
0000
0000
0000
0000
0000
0000
0000
0000
0000
0000
0000
0000
0000
0000
0000
0000
0000
0000
0000
0000
0000
0000
0000
0000
0000
0000
0000
0000
0000
0000
0000
0000
0000
0000
0000
0000
0000
0000
0000
0000
0000
0000
0000
0000
0000
0000
0000
0000
0000
0000
0000
0000
0000
0000
0000
0000
0000
0000
0000
0000
0000
0000
0000
0000
0000
0000
0000
0000
0000
0000
0000
0000
0000
0000
0000
0000
0000
0000
0000
0000
0000
0000
0000
0000
0000
0000
0000
0000
0000
0000
0000
0000
0000
0000
0000
0000
0000
0000
0000
0000
0000
0000
0000
0000
0000
0000
0000
0000
0000
0000
0000
0000
0000
0000
0000
0000
0000
0000
0000
0000
0000
0000
0000
0000
0000
0000
0000
0000
0000
0000
0000
0000
0000
0000
0000
0000
0000
0000
0000
0000
0000
0000
0000
0000
0000
0000
0000
0000
0000
0000
0000
0000
0000
0000
0000
0000
0000
0000
0000
0000
0000
0000
0000
0000
0000
0000
0000
0000
0000
0000
0000
0000
0000
0000
0000
0000
0000
0000
0000
0000
0000
0000
0000
0000
01D7
0000
0000
0000
0000
0000
0000
0000
0000
0000
0000
0000
0000
0000
0000
0000
0000
0000
0000
0000
0000
0000
0000
0000
0000
0000
0000
0000
0000
0000
0000
0000
0000
0000
0000
0000
0000
0000
0000
0000
0000
0000
0000
0000
0000
0000
0000
0000
0000
0000
0000
0000
0000
0000
0000
0000
0000
0000
0000
0000
0000
0000
0000
0000
00F5
0000
0000
0000
0000
0000
0000
0000
0000
0000
0000
0000
0000
0000
0000
0000
0000
0000
0000
0000
0000
0000
0000
0000
0000
0000
0000
0000
0000
0000
0000
0000
0000
0000
0000
0000
0000
0000
0000
0000
0000
0000
0000
0000
0000
0000
0000
0000
0000
0000
0000
0000
0000
0000
0000
0000
0000
0000
0000
0000
0000
0000
0000
0000
006B
0000
0000
0000
0000
0000
0000
0000
0000
0000
0000
0000
0000
0000
0000
0000
0000
0000
0000
0000
0000
0000
0000
0000
0000
0000
0000
0000
0000
0000
0000
0000
0000
0000
0000
0000
0000
0000
0000
0000
0000
0000
0000
0000
0000
0000
0000
0000
0000
0000
0000
0000
0000
0000
0000
0000
0000
0000
0000
0000
0000
0000
0000
0000
01CD
0000
0000
0000
0000
0000
0000
0000
0000
0000
0000
0000
0000
0000
0000
0000
0000
0000
0000
0000
0000
0000
0000
0000
0000
0000
0000
0000
0000
0000
0000
0000
0000
0000
0000
0000
0000
0000
0000
0000
0000
0000
0000
0000
0000
0000
0000
0000
0000
0000
0000
0000
0000
0000
0000
0000
0000
0000
0000
0000
0000
0000
0000
0000
0000
0000
0000
0000
0000
0000
0000
0000
0000
0000
0000
0000
0000
0000
0000
0000
0000
0000
0000
0000
0000
0000
0000
0000
0000
0000
0000
0000
0000
0000
0000
0000
0000
0000
0000
0000
0000
0000
0000
0000
0000
0000
0000
0000
0000
0000
0000
0000
0000
0000
0000
0000
0000
0000
0000
0000
0000
0000
0000
0000
0000
0000
0000
0000
00A9
0000
0000
0000
0000
0000
0000
0000
0000
0000
0000
0000
0000
0000
0000
0000
0000
0000
0000
0000
0000
0000
0000
0000
0000
0000
0000
0000
0000
0000
0000
0000
0000
0000
0000
0000
0000
0000
0000
0000
0000
0000
0000
0000
0000
0000
0000
0000
0000
0000
0000
0000
0000
0000
0000
0000
0000
0000
0000
0000
0000
0000
0000
0000
00A8
0000
0000
0000
0000
0000
0000
0000
0000
0000
0000
0000
0000
0000
0000
0000
0000
0000
0000
0000
0000
0000
0000
0000
0000
0000
0000
0000
0000
0000
0000
0000
0000
0000
0000
0000
0000
0000
0000
0000
0000
0000
0000
0000
0000
0000
0000
0000
0000
0000
0000
0000
0000
0000
0000
0000
0000
0000
0000
0000
0000
0000
0000
0000
0000
0000
0000
0000
0000
0000
0000
0000
0000
0000
0000
0000
0000
0000
0000
0000
0000
0000
0000
0000
0000
0000
0000
0000
0000
0000
0000
0000
0000
0000
0000
0000
0000
0000
0000
0000
0000
0000
0000
0000
0000
0000
0000
0000
0000
0000
0000
0000
0000
0000
0000
0000
0000
0000
0000
0000
0000
0000
0000
0000
0000
0000
0000
0000
00FE
0000
0000
0000
0000
0000
0000
0000
0000
0000
0000
0000
0000
0000
0000
0000
0000
0000
0000
0000
0000
0000
0000
0000
0000
0000
0000
0000
0000
0000
0000
0000
0000
0000
0000
0000
0000
0000
0000
0000
0000
0000
0000
0000
0000
0000
0000
0000
0000
0000
0000
0000
0000
0000
0000
0000
0000
0000
0000
0000
0000
0000
0000
0000
0000
0000
0000
0000
0000
0000
0000
0000
0000
0000
0000
0000
0000
0000
0000
0000
0000
0000
0000
0000
0000
0000
0000
0000
0000
0000
0000
0000
0000
0000
0000
0000
0000
0000
0000
0000
0000
0000
0000
0000
0000
0000
0000
0000
0000
0000
0000
0000
0000
0000
0000
0000
0000
0000
0000
0000
0000
0000
0000
0000
0000
0000
0000
0000
0000
0000
0000
0000
0000
0000
0000
0000
0000
0000
0000
0000
0000
0000
0000
0000
0000
0000
0000
0000
0000
0000
0000
0000
0000
0000
0000
0000
0000
0000
0000
0000
0000
0000
0000
0000
0000
0000
0000
0000
0000
0000
0000
0000
0000
0000
0000
0000
0000
0000
0000
0000
0000
0000
0000
0000
0000
0000
0000
0000
0000
0000
0000
0000
0000
0000
0000
0000
0000
0000
0000
0000
0000
0000
0000
0000
0000
0000
0000
0000
0000
0000
0000
0000
0000
0000
0000
0000
0000
0000
0000
0000
0000
0000
0000
0000
0000
0000
0000
0000
0000
0000
0000
0000
0000
0000
0000
0000
0000
0000
0000
0000
0000
0000
0000
0000
0000
0000
0000
0000
0000
0000
0000
0000
0000
0000
0000
0000
0000
0000
0000
0000
004A
0000
0000
0000
0000
0000
0000
0000
0000
006B
0000
0000
0000
0000
0102
0000
03A9
0000
00AA
02A4
0000
0000
0022
030F
0000
0131
0000
0000
0000
037D
0000
013C
0000
0000
002E
022F
0000
0000
0000
0000
0000
0000
0000
00E3
0000
02EC
0000
0000
0000
015E
0299
0052
0000
02F6
0000
0000
0000
0000
0000
0000
0000
0172
001C
0132
0468
0044
0161
000E
0176
0000
0063
0392
01EC
0494
03F5
0139
0480
00E6
048E
0114
0000
0029
02EF
018E
032F
0000
0359
000C
0263
0000
0000
02EA
00FD
0280
0000
014D
033A
0000
0326
001D
0000
0000
00B2
0304
0024
0000
01EF
06B9
0000
000C
0381
0000
00DD
00E7
02F8
0000
0000
00BC
05BF
0000
0274
0339
0000
0000
0000
0000
0000
0000
01C5
0124
0000
0085
0000
0270
04E9
0000
0552
0000
0046
01E3
0175
0135
0000
009C
0233
005D
0000
01D1
0000
0385
0000
0484
0000
0000
0000
043E
0264
047E
010C
0000
055B
00A5
0035
022C
0000
01A1
02DB
037D
0000
0000
065C
003B
008B
0000
033E
010A
0000
0207
0283
0000
013E
0000
0457
0000
0001
0000
02FC
0000
0312
0000
0000
0239
0271
0000
0000
0587
0000
038D
013D
0168
0000
042A
00F5
0000
0078
012D
0000
0000
0138
0068
0000
0000
0327
01E7
0219
02BF
01DA
0039
030C
03D1
04DD
0000
0516
00A9
0535
0000
0000
0415
03A2
0101
00EF
01BB
0000
020F
04ED
0134
0000
0232
0464
0000
0000
0523
0000
009B
00A7
0024
0000
0158
0000
0171
0242
0000
0007
0000
017F
0000
0552
0000
0000
00A9
0000
0000
0000
0000
02E2
0000
0483
0000
02EE
0000
02A8
0000
0440
0000
00EE
0000
0342
0000
0000
01B6
0000
0168
0110
0410
058D
0000
00EF
0033
029C
0000
0000
0390
0328
0000
0000
0071
0000
00F5
0000
03C5
0000
013E
016E
021C
0000
00D2
0571
0000
0209
0000
0007
0000
02AB
0249
0000
0000
0000
0000
0000
0118
0000
0000
0000
00FE
01A5
0000
02F7
0000
0000
0000
02EE
0000
0238
0000
0208
0111
0181
005C
00A9
017A
0135
0000
01C1
0000
0336
0000
0000
03A4
00EA
0135
0000
0741
0000
0109
010C
047B
04CB
0000
0283
0401
0000
048D
02B3
01EB
036C
01F4
0290
0000
0000
026C
04F0
002A
0000
0312
007E
0469
03FA
04BD
0000
0000
00BD
0000
01C3
028D
01A2
0016
0000
0088
001B
021C
02D1
026E
0280
033E
0000
013A
0000
0302
04AC
01D0
014D
0000
046B
0000
00D1
0000
05BB
0000
0338
0000
0000
04BD
0000
0038
0000
040D
0000
0000
026B
0000
0215
0000
0000
0328
0158
0053
0538
00BC
0086
0231
00A4
0000
00D2
0582
037C
0000
0000
044D
04B5
00FC
02BE
0000
0000
0000
04EE
0195
0000
0341
0000
01AD
0235
05CE
0059
03FE
00BC
0000
016F
050C
025D
0020
0510
0108
0000
0000
0000
0000
0000
00B9
0000
00F4
00DB
01BC
0000
0449
0000
021F
002B
034E
0000
0143
0182
0000
06E8
00D9
012C
00D1
0000
0120
0000
0013
0000
0000
002F
0000
004E
0000
0114
0216
03D5
0000
0000
0507
0389
0262
0000
0000
0000
0000
026F
0084
0000
004A
0429
01FF
0422
004A
0343
0013
000D
02A9
0000
0155
0247
0000
0000
0263
0132
0000
016A
01A9
0162
0471
0000
0067
0000
0110
0000
0521
00AE
0000
0088
03D8
0213
0000
0089
0126
0000
02AB
0000
0036
0120
0406
0258
0000
04CC
0000
00E8
0000
0408
00BB
0613
0000
010C
00B8
0000
01E2
0000
0000
0000
0000
0070
0422
0000
0000
0000
0000
0632
01E3
0000
01A9
0000
0000
002E
0000
03BB
004C
0000
0000
0000
0641
013E
0285
01F6
0000
03D0
0000
0000
0000
0000
041F
04A2
01E7
0391
0000
0414
00E5
02DD
0000
0279
04C6
0000
026E
0000
00AC
0236
023E
0000
0000
05F1
0060
0298
01B5
029D
02CC
021E
0127
0252
0000
0000
014F
0283
0243
0000
033C
0253
025C
00E5
013C
0218
052C
0157
0215
0000
013B
01B7
0000
0000
0000
02A3
0161
0000
06C8
0000
067E
042A
0000
0000
00E0
02BE
034D
0000
022D
02DB
052A
03D3
0034
0000
0000
00A8
0659
0000
00FC
0000
0454
0000
0000
03B3
0000
070C
0000
0000
0000
00BD
029E
0000
078D
0000
0599
0000
01DC
0000
0032
0000
0122
0000
0000
01A2
025B
044E
0000
0000
0000
0000
0000
0124
0000
0000
028B
0000
0000
01A7
02C5
0375
0008
0000
023F
02B1
00CE
00F1
0000
0000
0000
0537
0000
005E
00EB
03B1
0000
0000
0000
0000
0000
0413
003A
0356
0000
0155
0027
0000
0000
057D
0184
0000
007D
0000
0225
0242
03CB
0000
0082
0177
0000
002B
0000
008C
0181
01AD
006C
06F1
0000
017A
0102
02CA
0000
0000
0000
0098
0000
0000
0404
0159
041B
0000
0000
04CC
0213
0000
0042
0000
0000
017A
0000
0146
0000
0388
003E
061A
0000
01DE
0000
044A
0000
0000
006E
0000
0000
06F2
0166
0000
0189
0000
0000
0010
0000
02B9
0616
0000
02CB
0108
0309
0000
01EA
0065
0331
0000
00F0
0000
012A
0433
0000
0234
0000
039D
0000
0000
040A
05D9
0000
0224
0000
0000
0346
0074
00D3
01F6
0000
0133
032A
03D9
0311
0000
0000
04D7
0000
0259
0000
0445
0208
0116
00A7
0000
0000
0131
0000
0152
0000
0513
00B5
00C4
0392
0460
0307
0000
0000
0000
01F7
0000
04EC
03A6
03BA
0000
0000
022B
0170
0000
0000
0151
0000
006D
01AE
016C
0205
037F
0227
0219
027D
0000
0315
0000
084D
0000
0000
0000
0137
0000
01E1
01B9
0000
00A8
0000
0160
0000
00AD
0000
0000
00B0
02CC
021B
0339
0235
044A
010A
0000
039D
0000
0516
0000
0000
01E6
028D
0026
00A2
0000
058C
0000
0006
0000
00CB
0107
01F0
0000
01DB
00DB
045C
0000
0000
03AF
01F7
0000
0000
0152
0000
0000
014A
0190
0000
02E2
0000
0014
02E6
0311
0000
044D
00B0
0198
0000
023D
0000
0000
030C
0000
0000
0071
0106
04E6
0448
0000
00D6
0000
0144
0147
03A6
0000
0000
0072
0000
0000
01E6
03CD
02F3
030C
0022
00DF
04CE
0000
0000
0000
0676
0122
0000
0000
026D
03A3
0069
03F9
0000
0146
0000
0000
003A
032E
0000
0000
0000
0332
0000
05DE
0000
01FC
0095
02B2
0000
0000
01A8
0000
0000
05B7
0004
0000
0031
0000
025B
0000
0132
02F9
0123
0085
0000
0387
0000
0000
0000
0298
077C
0000
0324
0000
0667
0000
0351
0314
01A3
023D
0000
0000
0000
0000
0366
0000
0000
03DA
0009
021E
0000
02A0
01A1
0215
01C8
0000
0011
0100
0000
00F7
0182
046D
0113
012C
02ED
0089
0130
0308
01BD
0000
0580
0000
031A
0000
0243
003A
0243
010E
0038
0000
0000
0435
00A7
0000
0000
0260
0000
0000
0135
0614
01F5
0000
0166
045E
01B1
0000
0000
0000
02C1
00CA
0000
0000
0000
0295
0000
0019
0000
028C
002C
027A
0000
05C8
0293
0252
0000
0112
0133
00BA
0000
0000
0000
0112
0240
02FF
0000
0327
0000
0015
0000
01BB
0347
0000
0077
013D
02CE
016B
0000
0351
0000
04AA
039F
04A0
0000
0480
0000
0179
013C
0016
0062
02FF
0338
0000
0000
05F2
0000
0000
02B7
02CB
0170
0000
00C9
0625
007C
0115
01F4
0275
0000
0131
00C8
01ED
0404
02F8
065B
0000
02CD
00C6
01A4
0000
00EC
02C5
007F
0000
01CC
0000
0247
030A
0000
0000
0000
0000
0154
0000
0000
0370
0076
01C5
0000
03EC
023D
0000
0414
02BA
00EA
0294
01F4
0000
0000
0000
0155
0000
0000
005E
0000
002D
0137
009D
01C4
0000
0264
0000
0308
01D2
0000
0330
0000
0673
0000
0000
0000
0438
0000
0000
00DE
0000
0071
0685
05A2
0000
0000
0000
0352
0000
00B5
0000
01BE
0000
0000
036A
037A
063C
008C
0000
010E
02EA
0133
017F
0006
0339
0359
03E7
010E
0000
0015
004E
0000
0153
0000
0000
0010
0000
0214
0000
0000
0187
0077
03ED
006A
0073
02E8
0000
020C
0000
0564
0000
0250
0000
0000
0233
00F0
0301
01BE
0000
01EF
0211
0095
0000
022C
01C9
003F
0012
0000
0000
0000
001F
042D
0094
0086
0000
0134
0000
04AB
0000
06A6
0000
0000
0000
044F
00D4
0000
0000
03F5
001C
0231
0000
0000
0000
0023
024B
01E4
0418
0000
0000
00C9
0192
020A
0000
0000
02F6
0000
0000
00DA
0000
074C
0000
0340
0000
03A6
0050
0000
028D
0000
0385
00F8
0000
010E
01C4
0000
05BF
0000
0000
01F3
00F8
0345
025A
0401
0175
0287
0324
0000
0535
0000
00C1
031C
016C
0167
0013
03CF
01EA
01ED
013C
062E
0000
0000
000C
06CC
0000
0311
0000
0000
0000
0279
046A
00E4
0000
0000
00E6
031D
02E9
0000
0000
00A4
0000
02BB
0000
0065
0000
02D6
0000
0000
01C4
014C
017F
0073
02EC
0283
0127
013E
01E9
0000
03BD
0000
039B
01D3
0000
01DB
0385
0000
0000
0000
06A5
0000
02B5
00EB
030B
0000
0000
028E
0175
0235
0000
0183
047F
0000
00F7
01B1
0000
021D
0000
077E
0000
00A3
0000
0619
0197
0580
00EA
0000
00AE
007A
0304
016B
0000
0000
0044
019C
012B
0000
0000
0000
002E
0547
0000
0000
03B3
03C8
0000
0000
0064
00A2
0000
0000
0000
02F6
0000
0000
0000
0096
0000
0000
0543
0000
0000
0293
018D
0193
0000
022E
019C
0000
00FC
01FC
02CD
0000
023B
0000
0103
0254
0000
022E
0000
01BD
033F
0000
01E4
0000
0053
0203
0000
017F
02BD
0000
028E
03D5
0628
01B9
0000
0236
047E
02F1
0160
02A0
0000
039D
0000
009C
0446
0000
031A
022E
0000
0000
0377
0000
0281
0301
0000
0104
0000
0238
0299
03E6
0000
0000
01F6
0000
0000
0337
0271
0000
0000
033B
013F
0000
0038
0000
02B3
0000
00D7
0000
0073
0000
0040
0000
0462
0066
0000
0000
0030
0000
05D3
0000
0495
0000
01CB
0000
00AE
0372
0000
0000
0000
0000
00FE
0000
00A2
0000
013D
0000
03B1
02F5
0000
0196
0000
03A5
0056
0000
01CB
0146
04F7
000B
0000
0000
0164
00A0
0124
0000
0000
0256
035C
00E7
0000
024C
0000
0496
01C3
00AF
0000
0000
00E0
02FF
02CF
01CA
01AD
026A
02F4
0156
0000
00F5
038F
00A9
00A0
0236
0370
02BE
0217
01DB
0230
013E
0151
0433
0000
08A5
0000
0000
0000
03EB
01DF
0000
007E
0163
0000
06F0
0000
00DD
0155
0478
0000
01BF
009F
03F2
022E
044F
0152
0011
0000
0000
063B
0175
01B1
0000
026D
0192
0214
0247
02F1
0000
03CB
0000
0194
006D
000D
0000
0218
051F
0000
01EF
0000
0220
0295
00B1
0000
0484
020A
053C
002D
0000
00F6
013B
0000
0120
013D
0000
0000
0460
026C
0000
0000
0000
0530
01E7
0275
0000
026F
0000
00DF
0000
0591
0000
022E
00B1
007C
0000
0449
0126
03DF
02D5
021C
0000
0000
0258
0293
041A
0000
012C
0178
053D
00AC
0000
0000
00C0
0055
04F2
0000
0112
0000
0799
0395
0642
0023
0000
0000
0420
0000
0000
00DA
058F
0260
0000
00B6
0136
014D
016A
0000
040F
03DE
0000
0004
04F2
0188
0000
0000
0489
0000
0252
0000
003F
0000
0000
0000
0037
00E3
0000
0399
00CB
0000
0000
03E2
0000
01F6
0076
0000
0000
0000
02F6
032B
0000
00DD
0000
02D2
0000
0000
0000
0000
02B6
007A
02A6
02FA
0000
0000
03D7
0258
0000
0000
001D
0020
00C6
0000
0000
0599
04BE
058B
0000
0000
0000
0000
0438
0000
0000
0000
0000
0000
0830
0086
0000
0000
037C
023C
0000
0000
01F8
022C
0000
0000
0000
0000
0000
0095
0071
0000
00F9
0000
0439
0000
039A
0000
030C
0036
011C
03D4
00E7
0000
0000
026F
0451
03C3
0127
0334
0000
05C8
0078
01B9
0107
0000
0247
010A
0000
0000
0000
0000
01EE
01C8
00B2
033C
0562
0000
0000
0000
02ED
02FB
03E4
0496
0000
031D
0132
0000
0A7C
0000
0025
0000
066F
0000
0000
0000
037A
0000
0000
0000
0000
0210
00E3
0418
0000
0561
0000
0000
0000
0000
0000
03DB
0000
0491
007F
06A6
0000
0000
0000
0000
00E4
007E
001B
0000
00F0
0000
0069
0000
0000
009B
0000
0291
0218
0149
0000
0217
00B1
0567
020F
0325
0147
0000
0065
01E0
0162
0000
017E
01DD
0000
0043
05E7
0000
036E
0000
011D
0000
02DA
0000
009A
0389
00F5
010C
0000
0000
0000
03FB
01FA
0323
0000
03C4
0032
0218
0000
0142
0126
0350
013A
0000
0204
00FD
0000
0000
0039
02F1
06CC
0000
0000
0000
0000
03BA
0169
00F6
0000
0246
0000
0368
0000
0000
006F
0562
02B5
0187
0000
0000
0000
03A5
0000
02DA
007F
0028
0000
0000
0000
0000
01A4
0000
0000
007B
0000
0411
004B
02D2
0000
043A
0000
0097
0000
0000
03C8
0219
01F9
0000
0279
00CE
0000
0000
0000
06F6
0000
0471
0000
0277
041B
0326
0000
0000
02B5
0042
015A
0329
0000
0268
0000
0447
0000
00B4
0182
0000
03FB
0000
0400
0000
02D0
0318
0167
0000
0000
0000
0000
03ED
0004
0000
0183
025C
0000
0592
0158
0455
0000
03FB
0000
05B0
0382
0839
0200
0303
0326
0000
0000
00A5
0179
001B
012F
02E1
0000
0000
0667
0000
0000
0295
0000
0435
0000
0000
005B
0000
0040
0000
025D
0000
06C3
0000
0000
0303
0000
04C0
02D7
0000
0436
0000
0090
0201
02C6
02F8
0000
01DC
0000
0126
0000
00B2
0000
04B2
0091
05D4
0069
023E
0000
02D1
0000
0124
0196
0293
0000
0337
0201
05E2
0000
03BC
0000
0000
0000
042A
0000
0116
0000
031B
01EA
0258
0195
00B3
0377
00B1
0000
0435
0337
00E2
00A6
0086
03DE
024B
0652
0000
0530
0000
034C
02FB
013E
012B
0000
0000
017C
0354
0000
034E
002B
0000
0217
0000
0000
0144
027D
0376
017B
0000
02C7
0000
0396
0000
00D9
0169
0000
00B9
0000
0226
0036
0000
02FC
0000
05D8
0145
01F5
0000
0000
0000
0085
0000
0000
0319
00DC
0000
026E
0000
0000
0376
0000
0000
0436
0014
050A
0000
01FA
0000
0137
0157
012E
04D8
0000
0236
0000
023E
0000
027E
04FA
0000
0622
0419
00D1
0243
00D7
04AA
019B
024C
0000
00B4
0000
0000
0000
0000
00EB
0173
03CE
0016
0000
0000
0000
0000
0190
0000
04B1
0224
0314
02C2
0491
02B6
00A7
0000
03CB
0000
0291
043C
0000
0000
000A
0000
0121
0000
0240
013B
0177
0000
0000
0304
0000
0000
00CC
0000
0121
0000
0145
0149
01BD
014E
0104
005F
0000
0000
0363
0097
0000
0036
0000
0000
00C7
000C
0000
0000
00E0
00B3
0330
021A
0004
022D
02CB
04E4
0226
0092
0000
0063
049C
0020
045F
007A
0000
0000
0000
0000
04E9
01B9
0000
0244
0000
0085
0179
0000
021C
0000
0000
0000
0000
01FF
0112
04AE
0000
02CF
0296
03DB
0000
013F
0000
029F
0000
042E
0000
02BD
0000
0034
0000
009C
01D1
03A2
027E
0000
0181
00C6
0000
0000
04E8
02E2
026A
0000
0404
0000
0718
0000
01D2
01A2
04CE
0000
0000
0000
00FB
0000
0265
0276
00A3
01E1
00C9
00BC
0078
042B
0000
0000
0000
0000
0000
0000
0537
01C8
0000
00D4
0256
0000
01BC
024C
00E9
0373
0000
0141
0295
01F6
00F5
0000
01C0
032A
0237
0219
0051
0082
03E7
01AD
0380
0000
01A7
0642
0000
00E5
0000
0171
0242
0233
0181
0408
0000
0000
00D7
0150
0000
02FE
005F
0219
0356
015D
0000
018F
0144
0000
01E9
0000
0000
0000
0348
0000
050A
0122
0461
0000
0079
0000
0429
0135
06B1
00B3
0249
0000
02D1
0000
028A
0198
024A
0000
00C6
003C
0000
031F
0000
039E
0221
039D
02B1
0000
0000
00C4
0000
0000
0000
0109
0000
031A
0000
0000
02FA
0117
003F
0163
0000
00C0
030B
0000
00AE
056F
00C4
0242
0338
0000
0071
0000
0000
0054
0000
0119
0000
02A1
01CE
012C
004C
019F
00A5
0000
0000
0000
0000
00A3
02F8
0252
0069
0228
0000
00EA
0279
0000
01A6
0079
0000
0000
0301
0000
0000
0168
0000
0000
0098
0000
0000
0000
0060
0011
010E
01EC
0000
028A
0193
0000
0272
0000
0316
047D
0000
01C1
0000
0058
0109
01B5
0000
0191
0000
0000
0000
0000
0000
0466
0076
0153
0000
01AD
00FA
0440
0166
003E
003D
05A9
026C
0507
011A
0399
00D7
009F
049D
003A
0000
0104
0127
0000
0000
00B3
0000
0145
0000
0179
049C
027C
016D
0218
03A4
0000
0430
0000
0118
0000
05C7
020E
05FB
0000
0151
00D8
0207
0050
0159
0177
0000
0000
00B2
0480
0000
00DB
023F
0171
015A
0000
0376
008A
0336
0129
0000
0132
0000
0000
0279
0142
05D5
044F
0438
0000
0000
0741
0000
01F0
023A
0119
0000
0000
0000
0211
018D
0331
0000
010A
0000
0000
0055
0000
0000
00D6
01A4
0000
0000
0000
011E
00E3
0512
0189
002B
009D
00E3
0000
0000
01CA
0000
0235
0000
01D8
00F1
00CA
0000
0073
0000
0000
0000
0196
0222
0025
0000
0000
0000
02E9
0000
0122
0139
037A
0000
0000
0325
02F0
0403
0000
0000
0000
01FC
0000
0000
0000
0327
0000
0000
01F1
0091
03E3
0435
0000
0000
0089
0000
01BB
00A7
008B
04A9
02E2
07A9
024B
00A8
0227
02B4
0455
003A
0223
0000
0352
0423
0000
0000
0119
0314
0000
0195
0000
035D
0000
0000
0205
049B
05BF
013C
0000
0000
00A8
0000
03CF
0000
03F8
005B
0000
01B6
0000
048E
0058
07D5
0000
0458
0000
0000
0000
0356
0000
0000
0000
03D0
0142
0000
012D
0373
0137
00A3
0000
0000
026F
0250
0000
0278
023F
01F3
0000
0270
000A
0221
0000
038A
0000
01A3
0000
0000
0047
0000
0206
0000
065B
0000
0000
0000
00A1
0691
0000
0000
0116
05B6
008A
033D
0000
0587
0000
004A
02A3
01A2
0107
00C8
0000
05DA
0000
0249
0000
02C3
0100
029B
0180
0000
04F5
0279
056C
0000
05AD
0000
0298
0000
013E
00DA
0647
0000
0000
0000
0000
013D
0543
0000
03C5
022E
038F
0000
00F5
0075
0000
0102
00F2
0000
03AC
0000
016E
03A8
0095
0000
0070
0245
0000
0000
01D5
01A7
0000
0000
03A5
0436
0064
0000
0000
0000
0358
0000
0064
0221
0000
0000
0000
0519
030C
01EC
00B1
0000
008F
0000
00D9
0000
06C3
0000
03BF
0000
00F4
01E8
00D1
002A
0000
010B
03AF
0000
0000
0000
023C
009C
020E
0000
015E
006C
02A9
0000
01D9
0000
04E9
0000
02EB
0000
0213
0000
02CD
0252
04C0
0000
0075
017D
0153
0000
0000
077D
0000
004B
0571
0533
0000
0000
01D0
0000
0062
0244
03E0
043D
012B
0000
03B5
0000
025F
0000
0000
0000
01B8
0319
0000
0000
0194
0000
0000
0000
0000
0000
0000
0249
0000
0000
037C
0000
0000
0215
00A9
0282
0000
0000
0000
0266
0022
007C
0000
0436
0000
0000
0096
01E9
0000
0000
02FA
00E9
01F9
0000
0118
0497
0000
0000
042A
0095
067E
0000
0708
004B
02BF
0000
00D1
0203
00D2
028A
01EE
0000
0000
01F0
0000
0498
043F
004A
0000
0000
0266
0000
0130
0000
0570
0364
0000
03C2
00FF
0323
009C
0217
0234
0000
0282
050A
0000
0000
00B3
0000
0000
0000
0000
0161
0039
0253
0000
0122
0526
0000
0024
0393
0000
0000
02D7
03C8
0000
0000
02A2
0569
0023
0000
0093
0088
02BB
0000
010E
0000
0000
0000
0000
0000
02CD
0342
0030
00B6
0000
0146
0012
03E2
0425
0270
0000
0266
030A
0050
0000
01E9
04CB
0000
00F2
0000
0128
0000
03FD
0000
0136
00AA
0042
04C8
0000
0000
0099
0000
0000
0000
0000
01F8
0000
01D7
0068
04E4
0495
0000
0000
0099
00E1
01EB
02D6
0198
0000
0000
0490
03CD
0000
012D
01E7
05AC
0000
0197
0000
03D9
0000
0000
0000
0000
04F4
0000
0093
0000
0148
0000
0103
0047
0174
0000
0000
0000
0289
02F4
0443
0269
0526
0000
016D
01ED
067E
0000
001E
0000
0000
0416
01E4
000A
0052
0000
03C6
02A1
0000
02CB
0000
0308
00B0
0000
0019
0147
0000
0000
0000
0000
053B
0124
00C1
00D8
0262
0156
03EA
0122
01A1
0000
0625
0000
0188
01FD
0000
000F
02FA
0183
0160
00C6
01FB
0000
0000
0330
016F
0260
0338
03CE
039A
0000
0000
02F2
0546
0000
02D2
0000
00E2
0000
0000
0094
0099
0043
0000
03FD
0215
04FE
0000
00A2
0000
0000
0101
0032
0000
0000
02C0
02A2
0437
00DA
0472
0181
001C
00C7
016A
0350
024A
0148
0000
0000
0114
0000
00F1
0000
01C9
0000
08B2
0000
0000
02CD
014F
0000
025F
0220
0000
023F
0000
0000
01B4
050D
0000
0456
0000
016D
0000
0000
0000
045E
0310
0000
044B
0000
0020
00F9
0000
039A
0064
0000
042B
002A
0000
008D
0157
0000
0345
0000
031E
0027
01F2
0000
06B7
01E5
0000
0438
007A
0000
0387
0000
03DD
01BD
0000
0000
0000
03AF
00D1
0057
0000
0000
0170
0346
0023
02D0
0000
0044
0000
032E
0014
0833
0000
01F9
011C
0252
0000
047A
0000
0036
006B
00DF
0000
012A
0000
04BE
0138
0000
0000
025F
0000
0035
020A
0216
01F8
02A4
0000
0478
0000
0000
04EA
0000
01BE
0000
0226
0000
00F8
01A0
0000
00A6
0000
0062
007B
0000
0000
02EA
0000
0000
0000
0130
0000
0610
0000
01CA
0000
049A
0000
0272
00DA
0000
043D
007A
0000
0218
0014
0130
033D
0000
0413
03D1
0091
00E7
0000
00A9
0072
0000
00F9
0000
0000
0203
00F2
0000
02AE
0484
0000
0335
0000
0395
01BD
0176
01AF
0169
0000
012F
00D6
0279
0000
0193
0000
0000
0000
0057
01EC
0000
007A
0013
0371
0000
00A9
012A
0399
0061
00F7
01E4
01CF
0000
02F2
0000
0693
0000
017C
0000
0000
0293
0000
0237
0000
0560
0297
0000
0212
013B
0000
0696
00BA
0060
0439
0000
0715
00AB
0414
0000
0387
0000
0206
0000
0252
042E
0000
0048
0070
0000
0359
0316
0000
0000
006D
0000
06BE
0000
0205
0000
0297
0000
0000
02C9
0000
0000
022E
0235
0037
01FA
0000
0620
01FC
039F
0000
00E7
0176
0000
0391
0000
042C
0211
0164
01A4
0179
00C2
0000
011D
0000
0000
00C9
0000
0383
0000
03A7
0000
0000
0000
04E4
0000
048A
0000
0000
0000
0000
01C3
0156
0206
0528
02D4
0000
0000
01A3
054A
02F2
0276
0000
0000
0280
00E6
0093
01D2
0000
0000
003B
0055
0000
0234
01D0
0372
0121
0000
0000
0133
00B1
07E1
0009
0000
0000
0000
028B
0088
049F
02E3
0000
0347
0000
0000
0000
0000
0000
04C2
00C9
00BB
02A0
00BC
0169
0147
00ED
03AE
0000
026C
0000
029C
0000
01CA
0000
021C
0000
02AE
0408
0373
0000
0000
0000
0000
0304
046C
0000
00F7
0000
0000
02FE
05D0
0000
03BE
0000
001E
0000
0000
0000
008F
0359
0000
0484
0053
0000
02FC
0482
0000
040C
0000
0295
01BC
0000
0000
0000
0000
0068
00F8
0000
0000
0000
01D7
0229
026D
016C
0000
019E
0000
04C8
022F
0000
004C
0000
02E0
027E
0000
0000
0000
0056
0000
0257
043F
0263
0000
0000
0000
0000
0000
0424
007B
0079
0000
0000
0000
02DC
01FA
0092
0000
020E
0000
01C8
0000
0259
0000
02FD
0000
0000
01F9
0000
0000
046A
00B0
0000
0202
0000
0343
0183
02E8
01AF
0071
04A6
01FE
0000
01F0
02EB
0541
06E7
0000
0119
0000
04CE
00C9
0000
00DA
01E5
0000
00B8
0000
031F
006B
00D1
0000
0387
0261
0451
0159
00FB
034D
0000
0029
0000
0258
02E3
0236
008A
0000
0000
032C
0078
0126
0000
0104
002F
0219
0000
0000
0000
0098
0000
0000
062F
069F
00C3
0388
01BB
01CF
0000
0000
03F9
0000
0049
022D
0066
03AF
02BC
0000
0000
0000
0493
0000
03EF
0000
0000
0000
02FD
0190
00FD
0157
0000
0000
029B
02A9
03A9
0128
0000
0334
0000
0174
05EE
0000
0000
021F
0000
0000
013A
0433
0108
0160
0000
02CD
0000
0635
0000
02F8
00C8
058C
0000
011F
01FA
0000
0000
001F
0000
0241
0661
01B0
0000
004E
02BF
0000
0000
028E
03EB
0242
0031
005C
0000
0435
0121
0000
0034
028B
00A4
0000
0000
019E
0000
00D1
0000
0000
0000
027A
03EC
0000
00CA
00CE
01DB
02C6
0000
0375
0000
03A8
00AC
00FE
0000
01DF
0000
0000
06E4
0000
01C5
0292
0000
007D
0000
01FF
0000
0000
0000
01DC
00A6
0000
0000
0000
00A2
00F5
0403
0000
0332
0000
0000
0000
01CB
00EE
00C7
0670
03BF
0000
00DE
0000
0265
0182
02B1
0000
0000
04AC
01FD
0168
0000
0658
0000
0210
0000
0000
01A8
0382
0000
0000
0257
02AD
04A8
0000
028F
0000
0243
0000
02A9
01DA
0047
0000
056C
016A
026D
01A6
0323
0000
0119
0000
02D0
0000
0356
0067
0267
0000
0264
0000
00F8
0000
0000
0000
01D3
022F
0000
00B8
0222
0270
02C0
020C
033E
0000
0285
0000
0000
0000
0000
011C
006E
0245
0000
054F
0000
013B
0000
04F7
0000
0103
0000
0000
003C
0243
0000
0001
0000
02D6
0000
0202
0000
0000
0147
0000
0082
01C4
0000
00F2
041B
0000
01FA
01DE
0000
00C9
0000
0000
0000
0000
0546
0000
047A
0000
0142
0000
008B
0000
0000
0000
0000
0000
0000
0000
0000
0000
0000
0000
0000
0000
0000
0000
0000
0000
0000
0000
0000
0000
0000
0000
0000
0000
0000
0000
0000
0000
0000
0000
0000
0000
0000
0000
0000
0000
0000
0000
0000
0000
0000
0000
0000
0000
0000
0000
0000
0000
0000
0000
0000
0000
0000
0000
0000
0000
0000
0000
0000
0000
0000
0000
0016
0813
0615
0554
073B
0611
056E
0502
067E
0402
053F
0766
0503
050A
05AA
04BA
06E3
0511
0605
0676
0585
0389
05B8
052D
0775
04B9
069E
0462
0689
050D
01FD
0371
0446
04CD
058B
0479
066D
0381
05DF
05BE
04D1
05F0
046E
05F8
0639
0565
035C
0816
06C0
03F7
06D3
053E
0573
03A7
0670
066A
0593
0436
060F
0471
0526
0773
052B
0404
036B
0486
0181
004B
0301
0191
00D1
0297
0032
0057
0364
0015
03B4
02BF
0025
01D6
0330
03F3
0301
033E
03B3
0350
034A
045E
0000
0173
01EF
053C
01EF
01FF
00E2
0376
03F5
0518
00F7
0236
02E3
02B8
056C
01CA
010C
001D
0275
046C
0100
0000
0368
036A
0264
03CC
02F4
025A
0420
0341
040D
0154
035C
03FB
0314
0000
0367
0130
0042
0000
02A6
0503
010A
0589
059D
02A1
02BC
04BD
0030
0585
0231
054A
04BA
03DC
066D
043C
0203
033E
04AE
035F
00AF
042E
0531
0039
04C3
01D3
03BC
03C4
034F
0000
020A
047A
05C9
02D4
027C
02F0
046C
03E7
0196
00FF
034A
0440
04FB
040A
0095
031F
06A9
0525
0083
0188
04CF
0274
0160
0585
0104
022E
0118
02DF
03A9
0366
03B1
0317
0095
0074
01B6
0221
03FF
0119
0479
0312
02D7
007E
0289
07C8
01E0
0236
04A1
0000
0414
01D0
03E3
02AF
019A
00C8
0692
02B8
00B7
0243
02D5
03C1
0157
0422
0000
04F1
02C8
02B2
04E2
05B4
0433
02D6
0633
03F8
0000
045E
04D4
0582
04E8
0084
0113
03ED
01D0
0374
0052
028F
03EC
0730
01DC
0216
04DB
02C5
0398
008C
035B
02DA
0052
04AC
0517
015A
0094
024C
01F6
0494
0235
0263
0252
0497
0686
0000
0275
04E5
0000
06EF
0503
0000
043D
018A
00F6
03B2
04DC
020D
011D
0487
047F
018D
062C
0000
0729
0479
031A
0517
013F
0198
01C5
0802
02F9
0000
01F3
0742
0631
016B
0257
02C3
0385
0497
0478
0324
0141
05C9
059D
0000
01B6
067B
03C7
03A0
01D3
034C
012C
0354
03D6
074C
02A0
02C1
0000
0251
070A
0284
03EF
0389
0016
03C5
0016
0088
052A
0181
04E8
027C
00EB
037C
030C
043F
05B7
03CF
043E
0000
047E
0470
00D8
02AA
0000
01D8
061C
0094
025F
05F4
017E
022F
01E7
0558
007B
0251
016C
034C
0253
01E7
02F2
03FF
03A9
0035
047C
0309
0000
0295
03AF
0178
0000
0364
0695
0000
0378
02CA
0404
0233
077B
01B3
0063
0000
0293
03FA
0022
0220
0000
01DA
0275
065F
0078
04F2
05D6
0000
0134
03A1
04A2
02B8
022B
044B
02D4
0417
0032
036B
0372
03C7
01D2
04D5
0088
02D6
0214
005B
049E
039A
02C5
0389
04A2
042A
0109
00E5
06A5
032C
019E
0247
05AD
0527
0000
05B1
05FC
0044
0741
03D0
0088
0000
063B
0370
0469
040D
0022
0540
0368
08E2
0480
0238
0084
0115
03DC
02DA
06D4
03F8
03F9
01DC
061E
0088
03B7
06A9
0183
058A
05C5
0228
033E
00DA
018E
0406
0618
0378
0460
01EC
050F
04A3
02A9
0358
0433
0385
0000
0434
02B7
0328
0273
0208
0590
02D9
0122
0266
0351
011C
01D4
0399
0054
0538
052D
0283
04E5
01EC
0236
0328
00A3
0390
06E6
04DB
043C
0000
04AB
042D
0406
00D3
024A
00D4
0000
0370
02E1
03C8
00C3
0000
0242
06B6
0355
06AC
057C
014B
03A4
00A9
0413
04E6
0465
00ED
0541
0351
0000
01DA
023B
0000
0306
01A4
025F
0491
00A8
0236
021F
052B
02E6
0075
04E1
02B3
03CD
01FB
02CB
02BA
03F3
03FE
02CE
0106
0206
0617
00A3
01C4
021B
0000
0565
024C
0246
03B3
01F1
0202
0681
0324
01E5
0474
03EF
03C6
0000
0164
055C
02BB
0000
02DE
04E4
0429
069B
03CE
0283
03D5
0239
029B
02DB
0153
03F0
03AA
01DF
0319
0000
03AC
046A
05D0
01C5
0287
05C6
0200
037F
0251
018A
0573
05F6
04E2
01FC
0084
015C
06FD
02E0
00D8
02D7
0558
0018
024D
0111
0069
0835
0509
0209
026D
0475
015B
0169
050E
025A
075A
00E4
01D6
0143
01BD
02BD
033E
02D5
0000
0189
0182
071F
025A
0060
031E
014C
01D1
059E
0000
0035
06AD
0105
04AC
000D
0182
076E
00BA
0208
020D
042A
06D9
04A1
0213
0082
03FA
04A5
01B9
02ED
0000
03AD
0704
01EF
02CB
021B
00E1
060B
022D
035A
024D
064F
03E8
02E8
0032
0274
0472
03C7
02AC
004F
03AC
0593
044F
0372
019C
05E6
0361
029B
0536
0197
014B
0177
02E5
06A6
042F
031E
0394
04B1
018D
03F2
0667
05F8
04DC
012D
025B
0478
04B2
02FA
0000
0214
0703
02B3
016A
015A
03F2
05DD
0294
03B5
0000
03F5
0558
0385
0570
02FD
01CD
0753
0303
0171
045A
0000
01AA
04CF
0567
00E9
0576
028B
025E
0026
0095
050F
044B
03B0
0280
02FF
03CA
03FC
01F0
031D
059C
01CA
017A
01E8
01AD
038B
01C3
02C2
03CA
0293
01AF
033B
043E
0712
0000
005B
0560
023E
01FB
02FC
0000
0576
02E2
0000
0332
05A9
0535
012F
01B2
026C
034B
051A
0000
0237
0251
02D0
02A5
0449
02BE
010C
0688
042D
0000
0432
0182
009A
0372
0462
0259
0718
01B1
0202
031C
0111
03C5
060F
020C
00B5
02FC
0093
0578
044F
007A
03F5
00E7
03C0
0073
0318
02F1
041B
03E2
03CC
0380
034C
032A
0000
08D3
005D
0000
01F6
021B
024F
051D
030E
0621
0331
0071
037A
0379
070F
0024
0132
046C
012E
04D6
0144
0178
06A6
038C
0353
03C5
0000
02A4
01E9
028F
000E
0327
03F0
0339
0000
047A
03EE
0613
0000
02C1
0120
02BA
0248
037F
0190
0551
0568
0168
0475
05AF
002A
0283
06A0
02E4
00C4
0340
014D
0407
0400
0120
029E
0377
06CD
0000
0366
0656
02F9
0000
02DC
032B
0102
0735
00B7
01B4
02DE
012B
064A
083E
02F2
0116
0097
0057
0425
04B9
011E
0423
055B
0004
0319
00AC
0425
0548
02C0
0369
00A6
0745
0621
00B5
030A
05A8
0498
03F0
017E
024D
04BF
01CD
052C
0479
0500
043E
0000
0053
05D3
00CA
0000
044A
0577
0000
05B1
037E
054A
0308
058B
03F5
017F
0360
005D
008E
07A8
0436
0000
035B
0000
06BC
0580
02A3
01CD
03D1
0206
0196
0305
017D
00DA
0209
03B1
060B
049F
03C3
02BE
09A8
01D0
01A8
0423
02D5
0562
024C
02A0
0000
0312
053C
0038
00C4
01C5
033A
04A1
0000
014A
0625
017C
04A4
0305
0050
04AE
0218
0050
05F7
0664
021B
0290
04B8
0000
0189
0618
03EA
0000
036B
0494
01F4
02D4
04D2
0000
0274
0659
0116
033C
0000
0344
0211
045B
0380
0244
0352
019F
033D
0593
04F1
0253
03EB
02F4
0245
04D3
0000
02AF
0033
0068
02BA
01D2
03DF
05E6
005C
05F2
00C2
04A4
0342
01D0
01B7
05B4
0533
0384
0000
04CA
03F5
040E
0311
0258
02C9
023D
01AB
04BB
0322
0308
0000
034F
0262
0007
068B
0697
0000
0231
05AA
03C0
0000
06CF
006B
014E
04E1
0579
0267
014D
0487
00E1
04D5
0103
02CF
06CF
046B
00F6
01A0
0539
011E
0000
0262
0568
0815
0000
0000
07D5
02F5
01F0
055C
05A4
03F5
00D1
027F
00F2
00F3
023E
05D5
0000
050D
0419
039A
008E
034F
057D
02F4
01CA
048F
0000
033D
0235
0333
038B
03AA
015E
0536
050B
00F7
02B4
0494
02B0
027E
045D
0549
0000
049A
0315
0114
0658
0326
021D
013B
0147
01D4
02C9
02A4
04CB
004F
02C9
0000
0132
07CA
032D
020C
029B
06FF
0638
003B
005D
0247
0468
0174
071A
0000
01FF
00CD
027E
032B
026D
013A
05AD
039B
046B
02DF
0188
064D
0184
03AF
0147
02A9
0357
0000
0384
0182
058F
07A2
0231
0000
030C
03C4
002F
02DD
058C
01E1
013C
046A
06F0
0000
0343
0162
0395
0329
07D2
0355
0275
01BD
05B6
0170
0000
05B0
054A
032A
0450
0374
018C
0228
02A2
0393
00B9
05E0
0112
0113
0103
0668
0340
0449
01B3
04CB
04DF
00BA
045C
03FD
0261
05CF
0455
024C
014D
02C8
0454
0398
0132
0525
03D0
00DF
012D
073A
0000
05E0
0443
0000
0000
02DD
0480
0353
0000
0614
0326
020F
04D4
02D2
01FE
02B0
0000
05E7
059E
03CA
02BE
012D
01C8
04B1
00DC
0000
00CF
03A2
02E8
0007
01F0
0422
04BE
046E
0000
03CF
0460
02DA
01DB
0232
06BD
02AE
0274
01B0
01F4
02E1
0591
0073
01B8
01BC
0087
03FE
062E
05CF
034D
00B5
0566
0000
032C
03C5
0155
01BB
03AA
014E
071A
0653
0642
024A
0053
05A6
054C
0000
042D
0578
0165
07D7
034E
0133
0011
02BF
0493
01EE
0231
0027
01A4
00B7
07ED
02CE
0000
00BB
0301
06AA
065D
02D8
024F
045C
02A7
0202
04A6
04F2
0206
0273
022E
0346
035A
04F5
0226
0374
02EF
02D2
03BA
039B
0439
01A9
0410
05EC
0018
0000
0000
0295
0292
05DB
0689
0200
00CD
031E
03D5
05A1
013C
02CB
020E
0000
04B1
037C
0044
0133
0385
04AA
03BE
04B3
0086
0000
023E
0570
02EE
044A
031A
008A
01DB
04DB
05D0
0000
0291
035D
0185
04A2
0233
00C9
02A5
05FC
0369
030E
0315
04ED
02E9
007F
03D5
0399
0597
024F
003B
0591
0250
0000
0499
02AF
01CF
023F
0494
02ED
0190
0736
0437
0688
028C
02A9
048B
0150
029E
0639
03B2
0084
040F
0285
0317
0572
0502
031D
00C2
01AC
0777
0260
02D9
00E4
0144
0345
04A7
0454
0661
01B9
0153
031E
0516
080B
0028
0066
05F0
01C1
0000
070E
0157
0356
039A
019C
0268
00C8
047C
0367
0298
03AC
04BC
01D4
03EA
03A1
0455
03B8
019A
0375
0339
0605
0000
03F2
04DA
0000
01B8
03F2
0508
0029
0095
06BB
039D
0416
020B
0445
0000
0347
02AC
023C
036C
0153
0251
01EA
0547
0491
00D1
034C
0207
002A
0879
01CE
060B
0337
0247
0000
04B1
0411
05DD
00F8
0000
032A
03BD
008D
0188
022D
0395
00D4
02A1
071C
0099
0387
04A7
0469
009A
013D
03C3
0000
053A
028D
03FB
03F3
000B
0192
0555
0000
0023
05BF
0402
002F
0080
049E
002C
07D7
04F9
0314
0227
0000
02D1
0749
0227
0486
0257
0000
020B
0554
0000
02E4
0459
02E1
02EF
049B
01DD
04E8
019C
0254
03B4
010F
0409
036A
0332
0900
0553
00A6
0074
06CA
0501
036B
02C8
079B
0000
061F
045C
00DB
0304
0558
02E9
038D
0000
02B1
03BD
0368
05C4
0459
0366
0000
0397
054B
0701
0000
00BA
032C
014F
0364
0749
0121
0433
0000
0218
04FB
043D
0063
022F
03E8
00CE
061E
0000
002F
03AD
021E
01A4
02EB
0458
038A
01F4
0227
0000
05A0
0258
028F
02F3
0062
027B
0201
0501
0547
0000
0000
0604
01D1
014A
0000
0209
02BC
0538
0129
0680
01C8
025E
027F
0383
02F3
03DD
0214
023B
0585
049F
024D
0000
0290
042B
067E
0000
0009
0476
04D3
0525
0419
0000
0275
0177
05E2
0528
0484
0000
0000
04F8
034D
05DC
0608
008B
080D
03FD
0000
0000
069B
04C7
045E
0343
0371
068E
03EB
015A
063D
0505
0421
01C5
026C
0542
07DD
0070
0171
033A
0461
0000
01F2
01AF
04FF
0000
083B
003C
0000
06F4
03A3
022D
0271
05B8
0335
0529
031F
01BD
00A3
000A
028B
077E
022F
0276
0484
0385
0251
019B
02CF
030C
04E4
0401
00E4
050D
00D3
01CB
0591
05E5
029A
01C3
0051
0339
04C8
0196
0021
05FF
038C
0779
064A
0213
0040
013E
0131
0264
035F
031D
0056
012E
05A4
0651
0000
0000
0236
09C3
01F8
0393
00EC
021A
02A5
0684
021C
0210
0056
0307
01F9
0149
04CF
0335
0546
0418
0318
02A8
0301
032B
0448
0381
05E2
02C8
02B2
01AD
0541
04EC
012F
02F5
0309
02A2
068F
0359
01AB
033B
069E
0388
0288
0351
0167
0156
0415
0000
02BA
0433
06B9
0283
0000
0246
0541
030B
0215
042E
0488
0533
0000
01B2
089B
026A
0284
00FC
0860
01A8
0000
015D
0402
007B
04CD
0050
02D8
0000
03F8
041B
0135
03CA
04D6
02B3
0261
031C
00F6
024D
00A2
040C
0290
0590
014C
037C
01A3
0315
0071
0000
0221
02E3
0342
034B
0498
0364
0071
056A
0143
031F
02A2
0461
02CF
0221
012C
0399
028F
06BA
043F
01F2
03F2
032A
02BF
023F
04D6
03C6
01A3
0021
010D
0157
0662
0254
0269
02F6
043E
00D6
0000
076F
008F
01F2
0291
0474
0143
0339
03A4
028B
034F
04EC
0193
045A
0579
0000
0268
043B
05EF
00D1
03DF
04DD
03CE
01E3
0319
021C
0818
03FD
03F9
039E
00E3
0463
03B6
01A9
04E4
011E
01EA
0440
0319
016B
0118
01DB
0629
03E0
037D
0375
001F
00FE
02A0
0352
03C4
04BF
05B2
005F
0223
04DC
0352
04C7
0355
0237
0000
04D9
055A
0194
0219
05A7
00F8
0000
0507
0011
0350
05B5
04BA
0454
0606
02CB
0245
02C3
0000
0667
0000
05A9
0000
0418
06AD
05C7
0000
01C3
022B
0475
035A
01DA
0136
015E
023B
038A
02A4
0030
02CB
0094
00F2
03C8
082D
01BB
0252
05F6
0501
0302
0546
013D
0000
0475
0402
0552
02B8
02DE
0040
029F
02AC
038E
05F0
01E3
01ED
01D1
0382
070D
02B5
0180
06DE
033E
0000
0336
0385
03D1
0219
0694
0316
0282
0535
01E7
0540
00CC
050C
0345
0549
028C
0207
0104
0421
0000
0307
004D
047B
05F4
052C
0193
01BF
04C8
0369
0415
031F
0380
021B
0355
0523
0529
0000
0012
05A2
0485
01E5
02DB
0069
0000
03E8
059E
028A
0246
0377
0303
02B5
00EF
0113
02B2
0135
01FE
033B
041E
01CF
04AB
020D
04EB
0000
01D8
04E8
0231
042E
01E0
0600
0606
0098
0478
01B1
04C1
012D
011D
053F
0562
025E
0417
023A
04EB
0519
038C
00EE
035D
062B
00E1
0325
0509
02CA
0223
00DF
060C
02AF
03CE
045D
01AE
0509
0264
0301
03C5
0561
04CA
039D
01AE
032D
019A
0432
020E
023F
0208
069B
034D
0000
0681
0418
00AC
038F
019B
0405
0327
09E2
04A8
03FC
023C
0428
016F
0000
01E1
0634
0319
0430
01D4
0000
06ED
0274
0000
00BE
0575
0583
01A2
04A4
0068
0358
0339
0000
0156
0392
0301
0232
029F
00C4
0209
0672
020C
0561
03B0
022D
0174
010F
069A
04C3
0442
009F
041B
0000
027C
002D
0274
0000
04A3
05D9
04C2
036F
03AB
00CA
0000
05B7
02ED
0451
03DB
0364
023F
0580
04DB
022D
0000
015F
0088
0080
04DC
044B
00EA
02F3
0619
06AC
0000
0661
0325
01A7
05B9
001F
072E
029E
01DD
02EA
036A
0571
025B
058E
040A
04E2
045E
026D
0501
029A
0269
0000
0290
04EB
041D
00C1
049A
0197
0141
03EB
0107
0263
0199
0633
05EF
0325
03BE
0505
038C
0379
020F
01F2
02C7
02A1
0134
0309
037C
01C3
01AB
0337
010A
0521
04C3
0029
01F2
01A7
0138
0461
00A3
03DC
01FE
0456
053D
0101
0034
0256
038B
00C7
0178
049F
040A
0103
0561
027C
0222
0189
041E
02AA
04D7
00A7
00ED
02A9
0328
01A3
05B2
0508
01E4
0584
045D
0425
003A
03E7
05A8
05F1
032B
01E4
016F
04AF
009C
003F
01A6
030D
0537
01FD
0225
022C
0324
00B5
0385
0356
0216
05DC
040D
01E5
06E9
04C5
03B7
001E
04FC
0201
00FB
01D3
06BF
0065
0000
0522
0310
01DD
0498
04CD
025B
044C
0233
01CD
0322
0171
009A
0152
0288
0426
033B
048C
015F
0625
02DE
057E
00C3
001D
03FE
030B
0434
0000
00FA
0000
0371
0453
0270
01E9
0185
02D1
0458
01CF
0446
0609
0512
063F
06B4
0303
01B3
015A
01E1
0520
04EA
033D
030E
01D8
0000
0360
01B4
07F2
0015
03EE
03A3
0000
026E
0617
026C
0174
01B7
0661
01FD
036D
038F
0540
03B8
0200
05D8
03E0
02AC
0163
047C
0352
0301
051E
053B
0000
03BE
0020
01C8
0184
01A8
0434
067C
0159
012E
0463
0237
0138
0371
0595
02B1
03C2
0238
0407
05BB
034E
03E0
03F3
0328
04D8
0000
0068
0361
02F9
0291
0234
032E
0200
05A8
0208
0272
0546
0524
0000
01C3
0258
0000
018C
03E2
03F0
033B
0000
01FA
057E
0371
04F1
032E
021B
0000
04E0
01CF
030B
030F
02AD
022D
031E
03CF
0545
0000
0401
0312
03A2
054D
0446
01A0
05CC
02B7
021C
02AE
016F
04DA
03FA
0382
02B6
0476
0228
0288
0207
02B3
0000
05CF
0099
04D7
0384
047F
03E7
04C2
0000
00D7
0230
0250
0454
0277
027D
0217
064A
0412
039D
0280
01F3
0153
0609
051E
03A4
0323
045F
016F
04C7
0473
0173
06DC
0000
028D
0485
02D8
02D8
0274
0332
03FC
03F7
057C
01A5
017F
02C0
0211
03F6
0227
00A9
037A
00F1
01F2
033D
0279
0592
0200
01B5
04F8
0330
00B6
055B
0168
05E7
0315
04DE
024B
049D
016C
00B6
038F
0431
0000
02D0
040C
027E
03A9
0748
0383
0070
0899
0102
0000
02C8
05FE
0025
042C
01E4
0000
0281
067F
0000
0199
0584
0101
04DB
0214
0000
04A3
02FE
0079
0159
027D
01CE
0000
05E3
01C6
0000
0339
02B1
03A1
037B
02DC
0214
04CE
0241
01CE
0312
0395
03A3
02BC
0223
031E
0281
03A1
03F3
0334
0116
0196
006D
021E
01E4
019F
0374
08CE
0000
01AF
02A0
032E
0665
0565
03E2
0000
0767
0458
0287
02E7
0748
0258
0467
0453
01BC
0087
04FC
00C1
0396
0199
01AA
037E
01C5
0000
03F4
0535
057E
058D
04D3
04CF
010B
0356
0445
00A5
02FC
0593
04DF
05FE
0329
01D8
057F
0301
0390
01F1
0291
0520
0000
0153
0461
06A4
0355
0224
048D
01AF
03D4
03B0
0294
053D
04CE
01B8
05B4
0000
0000
019E
07A7
0128
04EA
0609
0211
0004
04CB
0513
00FA
02B7
0586
0062
02C8
01B8
0059
05D0
0549
0405
0000
0170
0398
0429
0195
002B
03DE
02BB
0362
0000
02A2
01C0
042C
038D
04E6
029A
0104
0250
0000
0148
0000
08C8
005D
0420
00FF
00FC
06E7
01E2
01DD
040A
0262
024F
0277
0334
0676
0000
020E
02D6
02C2
0622
0000
00C4
050E
029B
031E
04FC
0366
03CB
0532
007B
0000
0543
0242
02A1
0000
04A0
022B
0000
02CE
03EA
0340
071D
0452
0014
03AC
00C4
03C0
0785
0236
04A9
037A
06BA
049F
03E8
0336
0427
066C
0332
02B9
0235
0338
028D
04E9
0177
02FE
0311
042C
03F9
0309
0328
03EC
00AB
00F8
0544
04A4
085B
0279
01B6
0026
0272
031A
0197
059D
02BA
023B
0237
02C3
040D
06BA
04E1
02F1
0135
040B
02E7
0000
034D
02A6
0301
025F
05E6
027D
02A5
030C
01A0
04FA
02C7
003F
04DE
0000
018C
07F1
0438
0493
0448
0263
0124
02AB
0549
0000
057F
023C
00DC
03BA
018E
0293
01F3
0000
0391
02B3
041C
0213
0411
00AC
023E
077A
014F
0067
042D
0733
043A
0188
049D
0388
0156
0285
0590
05AC
01CD
004E
0417
0365
0382
02B5
03AB
00AD
04A9
066A
0025
0357
03F1
0451
053D
00F7
0490
02A0
0166
03A3
0288
0292
0473
025E
0036
0238
004A
075D
05BF
016D
0341
048F
0164
03A9
0000
0446
03FB
00BB
042A
035B
050B
0166
025B
0613
03DE
0075
007C
06F9
01D3
028D
05B5
0175
0312
014C
0656
01D1
02E5
00F5
0325
01E7
0359
00CD
04C2
01FB
0000
03AF
02DE
0428
03F7
0596
021C
00CC
04C8
0000
0129
015D
040D
051E
00D5
04B1
0381
04CB
01D7
0288
018D
04FD
03AA
03C3
01C4
00AC
01E6
05CA
028E
0275
0367
023A
024F
04E1
0000
037C
054A
0186
029A
0449
009D
0347
0358
06C7
03AE
0000
0439
03D2
0502
026F
0177
0736
02D1
04AE
0627
02DC
0041
033F
0431
0116
00B1
087D
0481
0365
03F3
02A7
0195
02A8
0324
0562
0000
0302
03D0
0249
0000
02D2
05A5
0136
015F
0278
0377
0000
04DA
0340
02A2
00C9
0300
0460
01B4
047A
0000
04CB
01C1
01AF
02A5
033A
03F8
0117
0204
0781
0235
0236
03C5
0267
0000
01D4
049C
032D
00D8
0472
04B1
03F2
0000
032A
0488
055D
02CD
02BC
0328
03BA
0209
025D
0129
0270
05CF
02DB
017A
0096
0272
0293
007B
050D
04D1
0272
002F
043C
021D
0057
0605
0334
07C7
0167
0362
05C0
04BA
0446
03E2
0173
0322
0399
05BE
0606
04D8
0000
019B
0228
03AB
0298
0000
02D0
04AB
00F5
01D3
032F
04E8
0043
04DE
011B
0234
01DE
04DA
02A9
0140
0325
05E7
0270
047B
0000
042D
0193
0238
054B
01BF
0123
026A
053A
00FD
02D3
05A8
0191
0020
05CD
030A
02B3
05AF
043C
063F
022A
01CF
041C
04AD
0364
0195
05EE
02D7
0000
0440
019F
016E
035A
033D
01A8
025C
0447
02CE
038A
0000
011C
03BE
0448
00E3
01D0
012A
0484
02B4
0161
07AC
05D3
022F
0379
023C
02F0
05A3
04EF
01DE
0072
03D4
02C0
04BF
03B6
0000
01BB
0985
02C3
025F
0229
03B2
01E6
03C4
0114
006F
05C4
0419
0000
0330
0429
0097
04D1
0152
0253
022A
003A
0000
02E9
067B
02CB
082F
026C
0361
039A
0000
0535
0602
00D4
01A4
04BC
02F2
03EF
036D
01F6
024C
00DB
0352
0451
0665
015A
0491
05F6
0000
02B3
04F5
0000
01E3
0000
0251
051C
0533
01BE
0027
04AE
0524
0517
0300
0184
0105
043F
027F
00B2
062F
03F1
0000
024B
05BD
0366
034A
053C
013A
0314
0402
04E1
0210
05C9
043D
065A
0461
02B6
0226
0701
040D
01B7
029B
0156
03A7
007B
02F1
0409
005E
0306
0370
05FD
0449
0228
03E6
0241
018E
0119
0104
0379
0180
024C
05E5
028B
03DF
0615
0266
0175
034B
0433
044E
0458
015B
0288
019A
04E0
01CF
022E
017A
0343
0316
064A
0311
0217
02E1
0459
0199
023D
0354
0179
0449
008A
01EF
01C8
067A
0418
00DE
0377
02C0
0120
0310
0163
0082
0525
0303
0000
056E
03B7
01AF
0434
017C
0267
02BE
01BE
0770
02E8
0000
0347
02B2
0311
04AD
02BA
011F
04AF
0510
02D6
060E
034A
01FB
03EC
0247
00FD
046E
00F3
059B
019F
00C1
020C
0533
0213
0420
0000
0491
012A
05DD
01C7
0000
05A8
039A
018A
0029
04ED
03A1
04BD
02BC
0247
0413
0625
02BE
01E2
0348
0067
03F9
02BD
0658
01F8
0477
039E
0191
0000
0440
0189
017B
02F6
040B
01D5
03C5
05E7
0180
02A3
01E8
011C
04E6
0000
03FB
01F3
00B4
0369
01D2
03E6
00B0
00C1
0305
04B6
017F
0000
0026
0546
0000
03BC
039A
03A3
023C
030B
024E
019F
06FA
0517
0467
0177
03FB
01F0
043A
0223
0150
0424
0166
0000
0587
0000
0649
047B
023C
019C
0372
02CE
03F2
02A0
021C
0000
01AB
04C7
001A
0274
088C
0192
036A
02FE
00CA
06B8
05A3
01FB
04D0
00F2
0308
033E
01DC
0477
0383
00E3
00BB
04BD
011D
02D6
034A
02B2
03BE
0430
019E
01C7
0319
0557
0637
03C1
028E
0391
02B5
0156
03AA
0439
053E
017C
02E6
0000
01D2
02AF
00EC
049F
0230
05C3
0293
01C6
01CB
0547
0254
06B1
0126
05D5
01FC
04BF
05A2
04A9
0162
0352
0405
0234
0214
07A2
02EC
035D
020F
0000
0440
03AB
02E5
0558
0000
0000
0203
0365
074B
0374
0269
0000
02E2
036E
01C0
032C
02F6
0062
05AC
04A3
00E5
04F7
0379
0426
05BB
0299
01FC
03FF
013D
02F8
0397
0182
0253
053B
02C8
04CA
01F2
00C1
029D
0343
04B5
00C6
0247
0180
043F
02F1
054A
0067
0000
00C5
03E7
0504
01D5
0123
0065
015F
019B
058C
047E
04F7
03EF
05AA
0000
0108
0701
0235
04F5
05A4
0117
0000
0425
0355
035C
02F8
0166
01A8
00D9
040F
04B4
02B3
0458
0337
032D
0007
012E
02E0
036C
068B
0303
011B
0423
026C
01E9
051F
04F6
006C
0581
04EF
0222
0000
0000
02BB
0628
070D
0419
011F
0520
03DA
035F
035B
0358
0505
012E
02A1
0408
043C
02F2
02EC
02C4
03D0
05BD
0474
05D7
0487
0136
0149
0000
0547
03C2
01AA
03A0
0000
0000
04F2
0471
01AE
0217
03FC
04DB
01A1
00AB
0409
007C
051F
037F
0000
0549
0362
02CC
06F0
0210
029E
02DF
0000
06D2
0337
0140
0390
0000
006A
06DC
01AF
0185
0030
0426
0535
01D9
0427
03DD
0245
0425
0183
04E3
0340
0231
00FE
021A
0310
059F
0000
01B8
050C
017E
0009
0776
0562
035A
01E9
0000
00DA
01B1
05D1
0215
0369
039E
0216
02A0
04E1
0354
02A0
02AB
031A
033F
0000
0221
0224
04D2
04BB
0000
02E9
0550
042F
01AB
0000
02D6
0529
0000
0600
02C3
02C5
06D6
039C
0000
05FA
060A
02D9
025A
0562
0418
04F4
02C2
039A
014C
026D
05EF
026C
0000
03B6
04B6
03D8
0116
026B
03CD
0423
0455
036B
00B8
078A
0368
01AF
0315
0525
0000
0000
071B
0220
0355
0734
01E3
0195
01DF
038A
0229
0243
02E0
0355
0285
0559
0000
0165
0465
02A0
004C
05C6
0741
0287
03A9
03D3
0463
0125
01AF
03C6
04BD
00FE
0468
0195
05B1
04C4
0388
012C
02A1
033C
04E8
009F
0122
0615
00A5
048F
0528
008A
0423
04BC
01F8
00E3
030B
05F4
0597
0076
03FE
0000
019D
03C9
0319
023B
0313
0275
01D2
04EC
0547
029A
06CA
0139
020F
0536
067C
033B
0161
03A6
063D
0151
041C
0000
0304
0240
044B
0000
0274
0829
02AF
02F2
011E
04DD
04E4
0000
030F
052B
03E6
0499
00D6
0079
01DB
02B0
039E
02C6
02AE
06DA
0000
00B1
02E8
05DA
0137
040B
00AC
0000
04AC
0323
03A4
0444
01A9
04CE
0000
057C
01C3
01A2
0746
00A1
0154
042F
0000
021C
04F8
00B7
0321
0284
02F1
04AF
0208
0378
017D
0067
0537
02F5
013C
029C
05B5
0000
005D
057F
0530
0219
05A4
00D8
0000
01F9
0136
038E
0039
0333
055D
03C5
0422
0069
0006
03E3
03FA
03AC
0560
0000
03E2
04EE
01B9
0000
05D6
009D
0292
0356
0000
0117
0856
0000
0070
006E
040F
04CB
022F
004D
0000
048C
01D6
0125
0513
03E9
03CB
02AA
047C
03A9
008D
047F
040F
0099
00BB
0442
01EC
029D
0233
03A9
0149
02C6
0091
0185
0332
001B
0000
016B
024C
0000
0016
0444
02AB
0287
0076
042F
0152
0000
0150
0000
012F
02B9
0000
0234
0092
0000
00DB
015F
0000
0378
027D
0000
0026
01B6
0000
01FA
00E1
0000
011C
0196
01AA
00BA
0000
0378
0000
03B2
0000
0058
022E
01CF
0000
0493
0170
0000
03E4
01C9
00A2
017F
011B
0252
0000
0291
01B3
0000
040A
02C4
0000
0000
01FB
0641
08D0
0B81
0960
0AB9
0B15
0B08
0993
0B3A
0C7C
0B77
09E3
0764
077D
09D2
07E3
08AD
0A6C
0A03
07DB
0A97
0C0D
0998
0B7C
0DFA
0AA9
0AB0
0C44
0A0F
0A09
0B09
087D
07BA
09A2
0C8A
078D
0D99
078B
0916
0B3A
0C98
0C7D
08F5
0BDC
0880
0A3E
08E6
0B1F
0B8F
0A7E
0EF7
09CB
0BD8
09F7
0C5D
0C0F
0C93
0A59
0C84
0B64
0A67
0CB1
0D48
0A36
0616
0774
07F8
0937
0B62
0B83
0864
0B97
0B53
09FF
0AC5
088B
0A6A
082C
078B
08C3
092F
084E
0896
0DC7
0B31
0BA6
0902
0B82
0A07
0EE3
0A3B
0C41
0C53
0D49
0823
081D
0852
0662
0695
0687
0A1A
07A9
09E0
089D
08DE
09E4
08A3
0922
091C
0751
07C2
0A71
0BB8
097E
0E4D
0BE4
0B05
09AD
0C61
0D4B
0DA4
0AA5
0A3D
092B
0A35
0C4E
0CEF
0930
05D1
09E0
0B85
0CFB
0948
0CDA
0CE1
0D27
0780
0A1E
0D21
0BDE
0E07
0C1D
0917
0966
0968
0EC6
0BBA
09CE
0B6E
0E65
0ED1
0B7D
0D65
0B3F
0C04
0CB1
0CC0
098C
0A6E
0910
07EB
07BE
0C90
0753
0957
0B6D
0914
087F
0B32
09B0
0969
0CCD
0B19
09B6
08EA
091B
09F1
0A2E
0A4F
0D43
0C41
0C66
08FC
0BF0
0EE1
0EAF
0AE8
0DEC
0B4C
09C7
09E8
09D8
093C
08F4
083E
090C
0DCE
0C95
0A6C
0A9F
0DAD
0C74
0D39
0BFE
09BC
08D2
101D
0DA5
09DE
0966
09B9
0A42
0D5B
0FB2
0D3F
0DC8
0D03
0D96
0BBC
0D92
0D04
0E75
088C
0923
0D60
0AAB
0956
0B79
0CB8
0C5B
09DA
0A6B
0C68
0BE4
0D3E
0B21
0B38
0D0C
0A99
0C4F
083E
0AB8
0EDF
0EAC
0AB3
0BCC
0E8A
0D1D
0C54
0CC3
0A20
0C68
0B7B
0D0A
0CA4
0B6B
0814
0A6F
0BAC
0C82
0961
0D93
0D65
0A0D
0DA3
0CF5
0AFB
0C39
0DC1
0F89
0D8E
0BD3
0A41
09DB
0AC0
0CAD
0BB8
0C29
0CF9
0E42
107F
0BD7
0F10
0CBE
1101
0ED4
0B40
0975
09BB
0CD0
0BC6
0BD1
0A02
0CE0
0C0C
07DB
0B0F
0C51
0AEE
0C0E
0D94
0C7F
09A4
0C4C
0D1B
068F
0775
0C5A
0CF2
09B9
0BC6
0D42
0804
0BB8
090F
0998
0963
1081
0D6E
0C21
0AD4
0A12
0A54
098F
08B1
0C99
09AA
0B9C
0AFA
074E
0D03
0C18
0A88
0B4E
0AD7
0F3B
0BAB
0D76
09B7
094E
0905
0C11
0BBE
0EC1
0A4F
0D11
0BA7
09B8
0E69
103F
0DD0
0CF5
0B12
0C5D
09F7
0FA2
0EE4
0AF9
0891
0A19
0B97
0A5C
0AB3
0DAD
0BDB
0A05
0D25
0962
067E
095E
0AE6
07F7
083C
079E
0A8B
0A95
0B90
08F8
085B
07FE
0B60
0B1C
0EAB
0BB0
06B1
09B5
063F
0910
07C5
0B91
0A80
0991
0850
0BF3
0A17
06C3
0870
0C49
0A39
0DF3
0986
0A6F
0828
0DCB
0C9A
0E6F
0B8A
1050
0C84
0C3D
0948
0C45
0DAD
0EF8
0E70
0E05
0D65
0DBB
0E08
0C93
0D29
0B11
0DAE
084A
089C
0DC7
0C2B
0C26
0E49
0B3A
0E8C
0EAB
0E00
09CE
0998
0A09
0916
094B
0AFF
0C3B
0740
09C6
0A58
0B6E
0A1C
0D7E
0EFB
0C6F
0682
0B6C
0D5F
09AF
0938
069B
07B7
085F
0BC7
0BC8
0D1B
0BA7
08F0
0A8D
0AD7
08F7
099B
0DFA
0E79
0C81
0BBD
0B37
0B08
0E64
0CA9
0F96
0B5E
0C65
096F
0BB8
0E48
08AF
0C7F
0C6E
0DA4
0C1B
1014
0E21
08FC
09B9
089E
0C51
0AC4
0B9C
0EA4
0D27
0EC8
0E06
0D3A
0D4A
0AFF
0C9F
0BF1
06AA
09B4
0C19
0D2F
0929
0A5B
0BEC
0DA4
0C56
0D1B
0CFE
094C
09FE
0A61
08B9
0874
0A91
0A1D
0A57
0CB9
093E
0B2D
0B83
0E4C
0A3F
0DA9
0FAD
0A36
098A
06ED
09CD
0C20
08E4
09FC
0F08
0E89
108A
0CBF
0B6D
0A61
099E
0D03
08B4
0A68
085B
0EEE
0E01
0C84
0CEF
0A52
0C1B
0A72
0980
0829
0C03
0BAF
0929
0DE6
0D89
0D7F
0CAD
084F
08B9
0A7A
0B0A
09CD
0BC7
0D3F
0E7E
0B56
0A11
0A2D
0BEF
0B1C
0C8E
07A3
0944
0C6C
07F5
0903
0A1F
092F
0B03
0ACF
0A91
0EEF
0AB9
0B94
0F6F
0C8D
0C3E
08A9
0955
0B6D
0DDE
0B8A
08A4
0C19
0ADB
0B9A
0B96
0C00
0BDF
0DCF
09C9
0A24
0A10
0A80
0B5C
0AE8
0D3E
0B08
0E0E
0C19
09D6
093C
06EA
0A50
0C08
0C3B
0AE9
0AA4
0C2C
0A44
0EFD
08DC
0E14
07B3
07C2
0C2D
0F2F
0E71
0A8C
096E
09D8
0BCC
0AD5
0CEA
0AF4
0586
0700
0A1C
0C9D
0A61
0AA4
0A35
0D19
0C98
0E2D
0BE4
09BA
0C6F
0C29
0C43
0DC5
0E3A
0974
0E1A
0DB6
0D24
0C2B
0969
089A
0C84
0A87
0D61
0D0B
0E0C
0F44
10F7
0B11
09A5
08AA
0C93
0C86
0FE7
0D54
0E8F
0A0C
0A15
094C
080B
0A5E
0A16
0DC1
0AFA
0B13
09E2
0DA8
0D69
0B80
0C09
0BA4
099F
07C7
099E
0CB0
0F79
0B12
0B0F
082C
0EE2
0B7B
088B
0BE7
0CF5
0BAB
0B09
092C
092C
0CE0
0D4F
0C0B
0A49
0D76
0A4A
0C61
0FC0
0AD9
0F6F
0BF7
0DB8
0D3E
0B62
0B56
0C8E
0DBF
0E06
0B15
0DE0
0EBA
0E8D
104C
0B11
0CB3
0A9B
0A50
0B6C
0EF1
0EA9
0E8C
0E44
0B1C
0B84
0B27
0638
098E
0A68
0988
0A7D
0E79
0C16
0A3C
0AB4
0CF5
0E30
0ACC
089A
09E2
0A90
0947
0CD4
0D43
0ADE
0956
0D1E
0B25
0AC1
0A9F
0BE9
0AF4
0A10
0875
0B38
0B1F
0AE9
0A31
0BE0
0C72
0B6F
0C9A
0E2F
0A85
0D9E
0B03
0C3D
0C86
0A6C
0DA0
0C2C
0FA1
0D8B
0D01
0C04
0A57
0B02
0BE4
0AFC
0888
0A99
0AC2
0B27
0C25
0DCC
0E09
0EA7
0D26
06C1
06DF
0920
09C2
0A20
0BDD
0F43
0A0B
0BA7
0983
0C0C
0BDB
0A80
08A0
0EA9
0C57
08EA
0A68
0A6B
0FB7
0788
09D5
0B09
0C34
062B
09FF
080E
0CC8
0DC5
0AE9
0C38
0A17
0C69
0CC6
0D4C
0EC7
0C83
0951
0816
0C04
09C9
0A15
0BCE
0E2C
0AD5
0E4D
0952
0D4B
09FE
0F23
0A24
0B3D
0CBE
0ED2
09F0
0E28
0776
0A90
0B1B
0C48
0C30
0CDD
0AD7
09F6
0C24
0BAC
0CDC
0891
096D
0AFE
0A5E
0B63
0CE2
0D12
0AD2
0A66
0BAA
0DDB
0B3C
088C
09A3
0B78
0A38
09ED
0B2A
099D
0D5E
0AED
04DB
0A92
0BB4
0BEC
0C0F
0B4E
0AD1
09CC
0DAA
0ED0
0BDE
0B03
0AEA
0D63
0B4A
0AB0
09E6
0D38
0E6E
0DD7
0CE3
0BAF
0904
0C8C
0B41
0BED
096D
0E06
0D3E
0D96
0C57
0858
0A2E
0C4D
0B24
0982
0CC6
0A75
103C
0BE5
0C66
0B5D
0CD7
0B26
09A2
08F2
0966
0B44
0E7D
09E0
0D26
0BE7
0CF9
0A69
0BFA
107E
08FD
097B
0AD5
0BB6
0B40
0CEF
0C1C
0DB0
08A1
09A8
0930
0D52
0CBF
0BB6
0B8A
0901
0986
0C6D
0CD3
0E97
0F85
0A5A
079A
0E4A
0CC1
0D60
0BA9
0DAF
0B48
09ED
0DD7
0B97
0B21
0C4B
0A94
0DD8
0D23
0BA1
0A51
07A3
0D07
099F
0A30
0BC5
0BF4
0B70
0C72
0B84
0D22
0DBB
0E4B
0C9D
0CB1
0CBB
0772
0923
09D1
0ACB
0CB3
0CFE
0858
0CE4
0E2B
0D1A
0B90
0E10
0C7A
0A53
0C45
0AE1
0D17
0B2C
04F2
0C43
0F58
0A68
0A72
0FAB
0C06
0881
086C
0DF4
0DB2
0AE2
0878
0ADF
1199
0940
093E
0B2D
0B1C
09B8
0DDA
0F2B
1052
0DD5
0F95
0D13
0AA7
0B08
0CBA
0A81
0E7F
0A30
0917
087C
0F0F
0C55
0BA8
0C9D
0C6F
0C37
0EE5
0C7E
0CFB
0BEA
0CE8
0B45
0BBD
0AB9
0B1D
0C4F
0B59
0ABD
0A08
0A91
0BEB
0CC6
102C
09EF
087F
0B8A
07DD
0D60
0BE6
0C61
0749
069B
09E8
0B63
0E11
0CE2
0AC4
087D
08C6
0961
09E6
0BA5
0D56
0CFD
0C3F
0B41
0D01
08F6
0C11
0DE5
0B5A
0B88
0A75
0E3F
0ADF
0A6F
080F
0B49
0BBE
0E95
0818
08FC
0C70
0DA8
09D9
0C47
0C84
0F24
0D06
0DD3
09FF
0BDF
0DFE
0F44
0EAB
10C1
0D7A
08CC
0934
0DA2
0D8C
0C1B
08F3
090C
0943
0B16
0C84
0AC7
0A66
0ABD
0B6F
0BD4
0C26
0CEA
07E8
07FF
0CC0
094B
07CD
0D76
0CA9
09AC
0849
0C8F
0C35
0A67
0D46
0AB4
0C42
0893
0F15
0A8F
0BF6
084B
0C18
0D07
0BDB
0C28
0A3B
08CD
0A74
0A25
08FB
0C09
0B95
103E
0B81
09E9
0C4A
0C24
0C8E
0BBE
0B10
086F
0CB7
0D28
0B71
0B60
09E9
0D0A
0B51
0B31
0AC1
08AB
0B9B
09F3
0CDD
0B27
0B2D
08AF
0E95
0D98
0CA4
0CE9
0C83
0D7A
0AED
0BE2
0821
0871
0B66
0B27
0AB0
0942
093B
0CF9
089F
090D
0862
0B70
0B4B
0BEB
0CF0
0BF6
09EB
0D9E
0C8F
0A9B
0C57
0CD4
0877
0E2D
0D4B
0C2F
06EB
0968
0E88
0E1A
0B54
0BEB
0C0D
0CD5
0B45
0CCA
0C82
0B41
097E
0AEB
0A71
0CDC
0A05
0AB6
0AB7
0CB3
0BBD
0E12
08CC
093D
0C85
1108
0BC9
0B34
09D6
0B81
0A75
0CD5
0C6B
0D03
0A41
0CF2
0AC6
0AA3
0825
05F3
08FF
094E
08F5
0C93
0ADA
08EC
07CB
0A45
0D39
08A5
0EBF
0D38
0B92
09B4
098B
0C7B
0DF9
0CB4
0C2A
09ED
0A6F
0A6D
0AA7
0CD6
0C55
0A73
09FE
0829
0ABC
08D4
0EA0
0D03
0D16
0765
0A21
0BC5
0DE8
0C4D
0D7A
09C8
0960
097E
0C2E
0B4E
0962
0E1A
0AD9
0E0D
0E6C
0D3B
0BB8
0BF5
0956
0678
09A3
0A64
0B82
0AA5
0DD8
0B88
0C32
0A2D
0694
0AFE
0B49
0A85
0929
09CB
0BBF
0B17
0DAD
09F3
0A31
0790
0836
09C2
08F3
0D9E
094D
0A79
0E28
0B53
0C2D
0E6C
0A89
0B80
0A9D
0A2A
075A
07E0
093E
0B24
0DBC
0A5D
0BBE
0BCE
0903
0B3A
0C40
0B43
0BAC
08FF
0C15
0A85
0D8F
0B7D
0A8F
08A5
09D6
0C79
0CF7
0AA0
097E
0970
0A67
0A28
09C6
0D1D
0972
09BC
0926
0A6A
0EA6
0C61
0D66
0C78
05D0
0862
0AE1
0AA6
0C14
0BCF
0D53
09D5
0C95
08FE
09D6
08F1
0B24
0C34
0AE8
0C8A
0BD5
0C32
0B40
0C34
0BE9
0DCE
0BA4
08C6
09CF
0D7A
0AE0
0BE5
0E74
0BAE
0826
09A8
0AFA
0E70
0E3C
09E2
0A99
0826
0CD0
08E5
0FE7
11B4
0DF4
0A00
0A14
0B0D
0C12
09E5
0E7D
0953
0A77
0AE2
0C8B
0CB1
0C93
09E2
08E1
0A51
0864
0BE7
0BD0
0BB9
092A
08AA
0636
0A00
0CE2
0A51
08A7
081D
0D6D
07F2
08AE
0C8E
0F2A
0AE0
0966
0970
0B40
0CE2
0943
0D43
0B41
0D50
0A26
0E32
0BA9
0A49
0BF9
0AD4
0C62
0BC9
0825
085C
0B19
0F25
0D6F
0E60
0AA6
0BEB
0CDD
0BB3
0ED4
0C04
0C9E
0CB0
0DFD
0C59
0C2E
0936
0A99
09B1
0E6A
0BDD
10EF
0B4B
0D0E
0937
0DE4
0F1E
0C71
0A26
0C3C
0B87
0B59
0A9F
0CED
0BB4
0768
077C
0A81
0A1E
0B83
07C0
0915
0BCD
0A2C
0CA7
0B67
086A
09C3
0773
0872
0C57
0CE1
0CF3
0C10
081B
09D6
0D94
0D1B
0BCF
07E3
096B
0768
0AF6
0C9F
0E89
0A5A
07C7
0A0F
0D0D
0E42
0F3A
0B70
0C03
0AB5
09E8
0756
0BBC
0C29
0A42
0B57
0B7F
0BB1
0AB4
09A8
09BF
0988
08C7
0D66
0C80
0A65
0DC9
0B55
0F2D
0A4B
0BF5
0CA0
0FC6
0F88
0D24
052D
0A3E
0CB0
0B01
0737
08CE
0AB3
0C8D
07E3
0783
0A27
0B29
06E1
0702
0AE7
0B3E
0BAC
0A72
0D3F
0C56
0D49
0978
0810
08B0
0A73
0A8E
0C44
060E
074B
0748
0C99
0DDE
0E62
0C79
09FC
0E0A
0A3E
0D37
0A44
07A6
0B47
0B3E
08EB
0A38
0AF8
0A62
07E2
0874
0A7E
0CDD
0A07
0D50
0B64
08FD
098E
0D26
091E
0901
0F3C
0CEA
0A9B
0743
09CC
0B0D
0995
08D9
0BE9
0B51
0E71
084E
08EE
0ACC
0C84
0AF1
0990
0704
08A2
096A
06C8
09BD
0AEF
0A74
0A09
0CC4
0891
09E4
0CEE
0CC3
08AF
0930
07BC
08CD
0A85
0C35
0A45
0C39
09E1
079D
07C0
0E40
0C0D
0EE3
0D9A
0D71
0A25
07E2
09C2
09CF
079D
0A46
0F21
0AE5
0777
0C3A
0B82
0CA1
0C10
0DC3
07A0
08AC
0C86
0F76
0CCD
0B65
07F2
0C12
0A9C
0CAD
06A3
0B31
0ADA
0B8B
0C9B
0AB8
0A64
0A57
0D30
0BE4
0CEC
0B82
0AA6
08DC
097E
0AC8
0A5C
0AF6
091E
0BD6
0EE0
0E6D
0ABC
080D
0CF6
0EFF
0DF3
0A2E
06A6
06CE
0C2D
0C19
0B91
0C11
0981
07D0
0D5C
0E09
0D9E
0D59
0EDA
09E2
089E
07BE
0DBB
0B39
098A
080B
0C1E
0B50
0950
09A7
0F72
0E40
0B53
0972
0B73
08D4
0BB7
0C7A
0FB3
0AFE
0A2A
0924
098D
0A58
0DDA
0B74
0BD7
0996
0A8E
0C0A
0AB8
0D99
0F5C
0D56
0AE5
0DC6
0D7B
0BDF
088D
0B0E
0A67
0BCB
0B6F
0C31
0B6F
0C98
0AC4
08CA
0947
0AE9
0B0F
0971
09F9
0C85
0EA5
0BA4
0C20
0BDB
0AE5
0CA8
0E0A
0EC0
0CD6
0BBA
091E
07E6
085F
0BE7
0EC2
0D76
0720
06B9
0E4E
0C27
0C5C
0B84
0895
0860
087F
0D78
0C24
0C12
0B00
09E1
0A11
09FE
0636
09C0
0933
0C3F
0AEB
0C8E
07B4
0844
0B62
0C04
0B28
0E5A
1069
0AE7
0C15
0AEA
0DF9
0705
0906
0CB4
0FA6
0D41
0A82
081A
08A1
09F7
0D67
0A9A
0BE7
0AF0
0C65
0C96
0FD0
0B8C
0F63
0BDB
0C55
0BA1
0B61
0969
0DE5
09A7
088F
09E6
0C92
0C74
0C7B
09BD
0B49
0C72
0AA5
0854
0A66
0B14
0828
0859
0D37
0A16
0A0B
093C
0F20
0870
0AC4
0932
05A4
0A33
0C2D
09C9
0A9B
0A97
070C
07A3
0856
0B68
0BF4
0B30
0AB1
0B88
0F28
0F00
0897
0A9D
0C24
0E53
0B14
0F19
0B33
0B61
0BC6
0AD1
0AC8
0919
08C4
0CB3
0AA8
0AAE
0D5F
0CA0
0AA2
0BCA
0DA3
0B95
0B69
0B8D
09BE
0BDC
0E11
0A5B
0A77
08F4
0C9C
107B
0F66
0A8B
0C90
0E8B
0CF6
0C88
0F76
0914
0ABD
0913
0E81
097A
09B0
099B
0C9C
0961
0602
0819
08B9
09AE
09F2
0B6D
09DD
0CE5
084A
07E7
0B21
09C3
0E0F
0856
0ABC
0A13
0B03
0AFD
08F1
0AD4
0DD9
0CDB
09C2
0D43
0C6C
09D0
0B3A
0975
0864
097D
0844
0AE4
077F
0914
0C70
0E45
0B02
0A31
0B3D
0DFA
0F4E
0DB3
0B32
0941
0DC2
0D40
0D1D
0ACF
0B9A
0C4F
0C32
0D5D
0D79
0B40
0991
0750
0B63
076B
0820
076D
0C62
0B42
0AB4
0A4F
04D2
085B
0A7C
085F
0A81
0C75
09DB
0C23
0845
0FFD
0A68
0AF9
0A65
0DCA
0A1B
0CF4
071C
0AE4
0B8E
0FAC
086B
0E35
0D95
098A
0B74
0AB2
0B2D
09B6
08FD
0AD7
0983
0B46
0A0E
0857
07C5
099B
0C25
0D44
0E65
0DCE
0C7F
0C1F
0C65
0BE9
09AB
0B0B
09CB
0C62
0F04
0C28
0841
0A98
0B68
0987
0B02
090F
0882
073F
0BB5
0A56
0980
0C4D
0F70
0BA1
04F3
07D3
097C
07D1
0AB9
07E7
0A0F
0DB6
0D67
0A09
0A8C
0D00
0B18
0CBC
0B52
0A4F
0B2F
0B5C
0972
096F
0883
08E7
0C01
0D08
0C08
089A
0A27
0B6E
0997
0C4F
0B34
0A39
0816
094B
09FD
09DC
0BFE
0CB9
09C4
0C89
0D80
0FD1
0A10
0B58
07DD
0C49
0CA8
0CE1
0D8C
0D65
0C11
0C71
0B12
0D93
05E7
0A59
0AFB
0E57
0AF0
104E
0D09
09F1
08A2
0A93
0920
0953
0916
092D
0A28
0A77
0E7B
09CB
0B34
0AFD
08A6
0DE3
09E0
0DA2
0B5B
0BAF
09D5
09A1
0B6E
0A1C
0D90
07F6
087B
0A4A
0A2D
0F5E
0922
0ACE
09BE
0635
080D
0B05
0C66
0852
0B49
0A01
0B08
07D4
0C1D
0D59
0C87
0D77
0BB9
0D6A
0BC4
0A92
08D1
0EC8
0CD5
11E0
0B97
0C86
08C3
0ABE
0A7B
08B1
0893
0AB5
0B57
0A9E
07A5
0C3B
0A9D
0A09
07D6
0A13
0AFA
0D6E
0BE1
092F
0DF9
0BA6
0C19
0AC7
0B33
0A57
0B1F
0F69
0EF1
0E37
0CEF
0A9A
0E5F
0C31
0BB2
0ACB
0A8F
0A34
0B65
0B8F
0AEB
094C
0CF8
0EC3
0B18
091F
083E
0AD7
0A85
0B6A
08E5
0C26
0B81
0CF2
09FF
0AC7
095B
0A47
09F4
0CBB
0C40
0BE6
09FA
0E27
0BC1
0CEE
0D43
0CF7
0AEF
0B44
0C5D
0B09
0A53
0BDA
09F1
09D0
0950
0BE6
07BF
097C
0C5F
09DC
0A3F
0ABF
0952
0A93
0BBF
077B
0AC6
0BB2
0C34
09CF
0D45
0C71
108E
0CD9
0D3F
0A10
0DCC
0E66
0F41
0D4D
08F7
0A81
0DC7
0FCC
0D41
0DCD
0A9A
0B0E
0B9C
0BD9
0AB6
08BC
0854
098A
06C2
08F7
0B58
0A32
09C1
0C48
0FD3
0C57
0814
08F6
0AA9
0AB8
0D42
0CCD
1018
0C99
0E57
0AB2
0E8A
0CC7
0F5F
0D38
0B87
0AEA
09DC
094D
03EF
082E
0C41
0CE1
0B0E
0A47
0C7B
0B6A
0961
0A7C
090B
08FE
09D5
0B86
0A86
0B70
0C36
0E69
0BBD
1069
0D00
0D52
0A13
08D8
0ECB
0B95
0A6D
07D0
0D2D
0D42
09A7
076C
0829
0C4F
0D7C
0A12
083F
08F9
0B5C
0B53
09FC
0DC9
0DDF
0A49
09DB
0AE0
0D80
0B4D
0C0D
0AFC
09F3
0BBD
07CB
0B64
0C94
0E25
0F50
0FFD
0FE7
0CBA
0884
0777
0971
092F
04ED
0773
0993
0B29
0D1D
0CA1
0B3D
0DE6
0C8A
094E
0B4A
0C95
0AF8
08B5
0A0F
0B3D
0C63
0C06
0D92
0C3D
0BD4
0E2F
0ECF
0B76
0D9B
0C76
0B91
0CA6
0890
0ABF
0B16
0939
094F
0BB3
0BCA
09D2
0AC8
069B
0958
0CD9
08B5
0ACD
0A98
0BD0
0E20
0CF5
0B4B
07FC
0C72
0B4F
0C85
0C25
0D7B
07B3
0AB0
0CAA
10A1
0DE1
0B51
0ACA
0C99
07D3
0969
079F
05DB
0852
0C77
0BAA
0BAD
0DA1
0B6D
0FAA
0E00
0FD0
0C96
0BBB
0ADB
0CCC
0928
0DFB
0D3B
0EB2
0C05
0DF3
0E40
0EAB
0E14
0DC0
0AF8
0C4D
0C27
0B22
0B31
09FB
0C3B
0B36
0892
09FA
0CB7
07D5
0BB6
08D8
0A35
0B11
0ED2
0B71
0D9E
0CFF
0C9A
096F
0982
09CD
08C5
0B55
0C27
08FA
0931
0B36
0A7E
0884
0A89
09DB
0A88
0B0A
0B61
098B
0D15
0BC3
08DB
0852
0F0D
0C9E
10AC
0C5F
0AC7
0D43
0D65
0A9B
0B19
0EB0
0D66
0C81
0D2E
0B4C
0A85
0AA1
09FC
0B19
0B4B
0BD0
0ADD
0B9C
09C6
0F9E
0CA8
0A43
0BD8
0CC4
083B
0A87
0982
0C11
0B63
0C43
0968
0B60
0978
0AD4
0A35
0A69
0B96
0EA1
0D60
0C91
089F
0625
0911
0A8B
0CB7
0A99
0BAF
06A5
088D
0AD1
0DAB
0A51
0B4C
088A
0CE8
08C6
098E
0744
09AB
0A94
0F8B
0DBC
0F3F
0E40
0D36
0AF5
0BA1
0C40
0B16
0C84
0974
0BE9
0B5B
099E
0C65
0B23
0AD7
0C0C
0C14
0CB7
0B14
0BE5
0C53
0ADF
0E65
0FC1
0B71
07F7
0BDF
0F46
0C6C
0B00
0B14
0A40
0C33
0935
08C4
091A
0CBA
0C06
0EC0
0CE5
0B3E
0B50
0979
082D
0620
0C08
0C20
0B9C
0BC3
1036
0A5F
0D37
0D21
0D4F
0D2D
0952
0594
0865
0C57
0BD2
0BAF
079E
0ADE
0BB8
0C20
0AE6
0A15
0AF7
0CD4
0BF8
0B9B
0989
0AA7
08BF
0B1C
0A0C
0D53
0BD7
0BB5
0AEF
0B4C
0EE9
0D14
0C0E
09DF
0C54
0D7C
0870
0A00
0DAF
0C33
0BFC
0974
0DD0
0E54
0C54
0CCE
099A
0C4C
0CE0
07E5
0AF2
0AC8
0C89
0941
0A96
09B1
0D5B
0B99
08C7
0A77
0F7B
0E7C
0CD9
0955
0B4B
0C59
0C1D
0BCF
092D
0A1D
0B01
0AFF
0835
07DD
08CE
0AE7
0A54
099D
0AD3
07C7
0815
0B4D
0BB6
0B79
0D0E
0D6C
0C28
0CE6
08ED
093C
0843
0FA5
097A
0C72
0B10
0C12
0C9B
099F
0CA5
0BB3
0B14
0ABA
07BF
0814
0FE6
0C60
0C2E
0A01
0B3F
0CE0
0AE9
09D8
0A3B
0C0C
0C29
0B20
0AD9
0D51
0CEC
0B6A
080F
0B2E
09B9
0B43
090F
0DCE
09DD
09F9
08F9
0B50
0D86
0A96
0CE6
0B49
0954
0A68
0C11
0758
09DB
0C57
0847
0C11
0B8C
0E07
09C0
0C33
0D41
0F81
0E71
0DFF
0D0F
0CBD
0B69
0C4E
0B35
07EB
0970
0A73
0E5A
0E94
0DB5
08B5
096A
0DBB
0B45
0A81
0A33
0D4A
0A67
0B0E
0D59
0D46
0D71
0B7F
0EF5
0D01
0C0F
08D5
095E
0DCB
0E43
0E83
0A86
0C6D
0CAF
0E26
0A7C
0B8C
0825
0D2C
0BBC
0B6F
0BBD
0891
0D33
0B1F
07F1
0A6E
0BA8
0E00
0BD7
0698
0887
0E63
0F2B
0A6E
09D5
0CFA
0B34
0DD3
0C56
0F59
0DC4
0DCF
0E3A
0DDC
0BCA
07DB
062B
0C39
0C7A
096E
0A6A
0B2D
0AC8
0BD7
0C21
09ED
084A
094E
098D
0BB1
0ED9
0CFB
0AA9
0BE1
0D11
0989
0CB0
0C78
09D4
0BA0
07AF
0DF3
0B50
0F17
0CD5
0F15
0E77
0E0B
0DA9
0E4B
0D58
0C91
0DB3
0B5D
0B30
0B35
0D51
0AA1
0A99
0991
0D60
0D0B
0B7F
0631
0AA2
0D80
0F63
0D77
0D72
0A98
0F6D
0C4A
0A0B
0E62
0EDE
0E30
0FD5
0C62
0D56
0BDA
0B71
0A3F
09C3
06CB
097C
0C5E
0D45
08E5
084E
0D34
080F
09E4
0979
0CA2
0C25
0FB4
0E6A
0AEA
086E
099A
0B38
0AF8
0AEF
0A78
0924
0A87
0D5E
0ECD
0AFA
0BE0
0CF1
0DF2
0C64
08D2
0C8E
099A
0F5C
0B90
0D00
07CC
0A86
0A78
0AD5
0AB3
0C01
09D0
08AC
04BF
0A11
0E39
102E
0D79
1070
0E2F
0DE3
0AE6
0EB9
0E3F
0C53
0A71
0F89
0C9E
0F18
0F0C
0C50
0934
0689
0967
0D46
096A
0A8D
0B51
0D23
0DC5
0E7E
0831
09F5
0CB6
10E4
0A6D
0BF4
0A60
0C82
0DC4
0BBE
0AF0
0B78
07B3
05DD
0831
0DC7
09E5
0BFC
0BDD
0B40
0AC8
098E
09EC
0BEA
0B05
08CC
0D0D
0BFC
0D99
08FF
0A0F
0B87
0807
0C6D
0DF2
0C5D
07A5
0952
0B16
10C4
0F06
0D30
0BE5
0F56
0C28
09DF
0B61
0DB4
0AA0
0C71
0CC6
0B5C
0864
0E2F
0E7B
0D9D
07D0
06DB
09D3
0C6A
0C15
0CBA
0B12
0E84
0DE2
0DA7
09DF
0C42
0E1A
0A78
0C5E
0BBA
0ADA
0CE0
0EF2
0C3F
0AC3
0985
0A33
0CEC
0CBE
093D
0B83
089F
08A2
0811
0A3B
0A56
09E7
0D54
0AE0
09C8
0CD5
0D1F
0A02
0A20
0A41
0C7D
104B
0B2A
0580
08A1
09C1
0B6E
0A60
0C7F
0FCB
0B49
0B34
0A7A
0EB5
0EBE
0F2C
0B59
09E3
09B5
0B99
0C3C
0BDC
09D2
0AD9
0B49
0D91
082A
099E
0C26
0BA1
0D93
0A6C
0B7B
0BA4
0C6A
0AC4
0B69
0A36
0B6B
0C20
0E1C
0C8C
0AC7
0CE1
08D1
0991
0CDA
0D09
0B63
07AA
08AE
09F1
0B1C
0A36
0C75
0A03
07C4
095D
0EC1
0C20
0B0A
071D
0911
09DD
0BF5
0E16
0D11
057A
07C7
09B2
0AE3
0994
08DE
0BCB
08C7
0C1B
0DA8
0C3E
0CF7
0D14
0C75
0BD9
0C66
09DD
0A0A
0C9C
0F04
0C1A
0C21
0B2E
0AF3
0ADA
0942
09AC
0DCD
0F1D
0969
0A58
0BE7
0A7B
0D36
0A90
0BB2
0AF9
0E29
0B8E
0D9C
0B31
09A6
0B42
0BF1
0B4B
09CF
0E7A
0C22
0C3B
0D3A
0A8A
0E34
0941
0C73
0A9D
0BDD
0AB1
0AA6
0B6A
0B04
0B64
0952
0E07
0BA4
0933
0A1E
0E03
09BC
09DB
07EB
077E
0A82
0D28
086D
0A5D
0B1C
0CBC
1054
0CC3
0D3E
0AC7
0D67
0D20
0DBF
0D1D
0FCA
0BC9
0A1D
0B08
0C62
0AE5
0B36
0DA8
0ADE
0955
0C13
0862
0B83
0AB8
0B9E
087A
0DC1
0D91
0D26
0E42
0C46
0C91
0D55
0B30
0C48
0CE1
0BA5
0C16
0DD1
0CB3
0D15
08B2
0B28
0943
0B21
0BE9
1027
0DCA
0B43
0A2F
09E1
0BAC
0CFC
09FB
08BB
0C9A
0B2C
0B48
0CF2
0A81
0B27
0B23
0B70
0D78
0D4F
0AFB
1161
0DFE
0CF6
0B37
0B8F
099E
0D4C
0C4D
0F73
0A53
0DA8
0896
0C1D
0EA5
0C7C
0B26
0BBD
0B6A
0952
0D24
07B2
09AB
0C3D
0C20
0BF5
0C22
09A2
0DA5
0CA2
0D8C
0CAB
0BCD
0A28
0E95
0BF5
0BB8
0FC8
0C59
0C79
0B9A
0908
0967
0D1C
0BAA
0BAD
0998
09FF
0E5A
101A
0B45
0A8B
0ABA
0B32
0B53
0F9B
0DDF
0CB3
0BE1
0A93
0F11
0C93
0AE7
0B48
0C1E
09C4
0B16
0B07
0D1F
096B
0EA3
0A06
0C61
0D11
0D16
0DEC
0D0D
0CE7
09D2
0D78
0CE5
0DBA
0C09
0877
0C33
0B95
0866
0A7D
09D9
0774
0B20
08AA
0DBC
0994
0FB4
0D14
0C1A
0A5A
0CE1
09CF
0C74
0C91
0DCD
0E77
0C6E
0B6B
0D00
0CAB
0B3E
0AB5
0E08
0DE5
0B73
084B
0BBD
0CA1
0664
0CD8
0BBB
09BA
0AA4
0DC2
0CC9
0D27
0AE3
0B16
0882
08AC
06FD
0AA3
0AD5
0B49
0C43
090D
0B41
09AA
0CAE
0C79
0DFB
0BFE
0AD9
0C3A
0D4E
101F
0E19
0988
0EB5
0A16
0C1C
0A26
0A0E
0762
0B5B
0C47
0E70
09B7
092A
0B7E
0CB9
0D4C
0C31
0BB9
0C2D
0C0D
0B9D
0B86
0E59
0CB7
0D6C
0A90
09E5
0C4B
0F10
0EC1
0D3C
0AA6
08B5
0DD2
0EAA
0D61
07EC
0A7C
07DB
0A30
0CA3
0B2C
0AAA
0D5C
0B54
0AFE
0ABA
08E9
0949
0A8F
0D19
0AD4
0BB3
07BF
0B26
0BAC
0A7C
0C23
0A09
0AFA
0BD9
0FDB
0BFF
0C3D
0C45
0D6A
0999
0A2A
08BF
0CA3
093D
0CA6
0B8E
0C3F
0A70
0C08
09F8
0DFC
0CA3
0D5F
0834
0B61
0A57
0C6E
0BE3
0CCA
0F59
095A
0B9B
0CBA
0ADF
0E10
0EB4
0A0B
0B39
0D85
0BE6
0B8B
0A60
0A5E
0529
0A72
0DE5
09EF
0852
08E8
0BA0
0EB1
0B37
0BE7
0901
08FF
0E43
0C28
0BF9
0CC6
0A34
0A23
09E8
0CA9
0A6C
0DE2
0F5D
0FAF
0CBD
08DE
0802
095C
0DF8
07EF
0B93
0C16
0BED
09E8
084D
08B7
09B3
0AAA
0A0A
0D66
0AF9
0B89
0923
0B4F
0B4B
0A83
0953
0FCF
0F55
0F8A
0E12
0A97
0B3E
0D11
0F4E
0CCD
0B62
0942
0A43
0C9F
09CC
097F
0D6D
0DBF
09D7
0C40
0C94
09E0
0D78
0910
09E7
0CFF
0AAB
0B2D
0D3A
0A27
0A84
0A79
0957
0C2E
0AD6
0BC7
0B6B
0A22
0AA0
0C2D
0BDD
0B47
0568
0859
0C27
07FB
0BC4
0CBC
0DDE
0A5F
073A
0D53
0A39
0A8A
0A74
098B
0D28
0BA7
089E
0A6A
0D16
099A
084F
0BAF
0D3E
0DEF
0C85
0EF5
0BD4
0C8C
0B6F
096A
0B0F
0D2D
0E45
0D80
0854
0835
0CA8
0DBA
0CCC
0AB4
0762
098D
0CBF
0EAE
0C2B
0877
0826
0C54
0BD3
08D6
07F1
0825
092C
0D19
0DE7
0AF2
09CF
09B4
07BC
08B4
0B6B
0C15
0C21
0C5A
0A85
0889
07E3
0A8A
0CDE
0977
0AAD
0D72
0AFC
08FF
0A40
0C6D
0E46
06A9
06F2
0877
0CB5
0C77
0725
091F
0D56
0A2A
08B2
0E09
0E6E
0AE6
0C05
0B78
0814
0B7C
0F4D
0D94
0B00
09A5
0A0D
094A
0B0D
095D
098C
0B0A
090B
0D5E
0BE6
0F11
0B6F
0B6F
099A
089D
08F4
09DA
07C4
0C56
0A94
0AB5
0C3E
0DA6
0A6D
0B37
09D4
0C88
0BF7
0EC2
0C10
0D3F
0D5B
0DA4
0826
0A86
0AFA
0D2E
0C10
0BA0
0941
0F7A
0E02
0BAB
074F
099B
0B8D
0B96
08AF
0D03
091E
087F
07D1
0DCC
0EC9
0D92
0EC1
09D6
0A1C
0816
0BEA
0D65
0A65
0AF0
0BED
0C26
0CFD
0822
07C1
0E46
0E2F
0B76
07DA
0997
0B0B
0D09
0BDB
0965
0C57
0E34
0F8F
09A8
0BE1
09B3
086A
0829
086C
09B0
0F08
0EDC
0BCB
0919
0AF0
0AC5
0C08
0EE0
0B60
0B58
084D
0A90
09C1
0D9A
0DDD
0D8D
0BAE
0A46
08D8
0E35
0DAE
0D04
0A0F
0894
0E16
0A4A
0996
0822
08AC
0B50
0C2F
0B9C
0DFD
089E
09E9
0958
077F
0908
0F10
0F84
1029
0951
0BE3
0982
0E29
08AC
0DCC
0A45
0624
0678
0A20
0959
0A8F
0E82
0B83
0C07
0B1F
0A37
0906
0831
0945
09CC
0BBC
0DED
0B63
0B84
0B8B
095F
0C42
1020
0AE5
0BC3
0C50
0C86
0AA5
0B7A
0AC1
0C4B
0D9C
0A09
0A2A
0ED2
0E28
1000
08CE
0B19
0CAB
0D52
0C5A
0C3E
0D51
09D0
0815
0A19
0C39
0943
0B93
0B82
0765
06FB
08C0
0CBA
0B5C
0B90
0CA9
09F0
0B42
0ACB
0BC6
0A1E
0C54
0AF9
06EF
09F3
0BB8
0A89
0B44
0BD8
0953
0C02
0C0D
0EB2
0C9D
0C33
0EEA
0C2D
0C77
0C15
097D
0DE7
0CB8
0953
0B8D
0C43
0F56
0E7E
10CE
0B9D
0EDC
0C24
0CED
0B77
0E6C
0B6A
0CB2
09E7
0B5A
0CB3
0CE9
0C8F
0BB0
0BBD
0BAC
0C87
0E2D
0A12
0A7A
0BB5
0A2A
0AD5
0DA7
0D25
099C
0AFF
07D7
07D3
09C6
0F6B
0CAD
0DAD
0D40
0BBB
088C
0D5F
0FCA
0BFF
00C1
0105
0224
0307
0093
027F
01C2
04B8
03ED
05B2
04CA
0346
0317
00D4
02D7
028A
013F
01BD
0003
035F
0305
0349
03A1
04A2
0390
03D6
0365
02DD
02C9
02D1
0187
0281
0245
019A
0270
042B
02C9
04D6
01A7
03C9
0198
041D
01C2
0272
000B
0158
02D4
039B
0339
01B8
021E
0151
007C
0289
00D5
043D
037B
03C9
0171
02FC
0469
0398
01BC
0330
03E1
0304
0433
02EF
0607
02D7
0464
0330
0566
055E
015F
0448
01E1
0387
04B8
02EF
043B
0278
0570
0404
0573
03E0
0471
05C7
05DB
031A
05B1
0544
04AA
049D
0469
03C8
01ED
059A
00BD
05A4
0234
023A
0492
04B2
047E
035B
0400
034E
02D0
03D3
03B3
0567
01F4
0750
0545
03AD
04AE
0525
0675
05FB
02D5
062A
0524
0250
041C
06B6
0426
035A
059E
0364
0753
052D
05A9
0270
07F8
055F
042A
054F
01A9
0565
06E5
0502
061B
0405
0731
0355
0675
05AB
04C9
055B
0938
0752
0421
0466
04ED
0639
04A0
0384
0468
04D5
0323
078D
0354
03BC
023C
0451
07C4
0689
02F0
035C
059D
0510
038D
0611
0592
03B3
05D5
0521
03CD
0228
07D1
06B5
047F
03E7
0693
0617
0709
04A4
06D3
0521
0127
00AC
02F1
0361
042A
0463
05D0
0276
046E
02FE
02EB
02F5
0452
045C
03C1
04C0
0565
046A
0788
049E
048E
0503
0592
02FF
06AD
05A4
03FF
0284
060F
03A6
02DC
0251
03C8
05B0
0377
042D
03EF
0424
0533
01D1
0642
05CF
0038
02DB
067E
0320
0207
0412
084A
0311
0355
0668
0499
0000
06D6
06E6
040A
0175
0596
026D
0549
0364
05C7
0429
0255
00BF
0383
0293
05E8
0438
0529
0318
030A
05B3
0202
0577
0741
035A
05BB
0504
0402
04B7
0645
040E
0436
043A
05F4
02A6
03A8
0600
0334
0709
02EE
0710
028C
0110
0639
04C2
04C6
03F0
061A
03C7
05A4
04C8
0418
04B5
0163
0601
06D0
02EA
04D8
0375
083F
0401
0252
0548
0278
03BA
03AE
0760
0499
0108
05DC
01AD
059A
01B8
061C
0199
03C2
0333
0227
0336
0713
035B
05E6
01CA
0294
0633
025D
0643
0316
0372
0611
0113
05F1
01DD
0778
029B
04AB
04A1
05ED
0146
0575
0000
05A3
0637
0354
049A
01F4
0276
0934
04F3
0782
007B
0730
067B
0403
0224
01A5
073A
0577
0260
0400
04BC
0000
07B9
0359
02CB
0335
0709
037B
023C
0277
0543
0308
030D
0527
03EA
00F0
03B1
0372
0367
02F3
03A9
035A
0000
055F
03C4
0585
0113
05AF
049A
01C9
043B
0357
019A
075B
01A5
049E
0022
0572
0163
05D3
0460
0700
0164
0794
01F6
072F
0423
0304
047C
033A
02C1
0546
0940
0502
0392
0633
0686
017A
0452
050F
05B6
0516
0241
054C
0524
013E
0880
0272
0411
0497
0666
03A2
0349
0291
05EC
04E6
0000
056E
0470
031B
04D9
05DB
0575
0179
01E5
0342
0346
03FC
06CC
0205
0267
0280
029B
023D
056C
03F1
045D
03D3
0311
03D8
00AE
053F
0381
0595
069B
0460
0547
06A6
0071
0690
0246
0841
044F
0391
0380
006B
0785
0207
05BE
02D5
0733
01FE
0258
06F1
02FD
05C6
01B3
053D
06B1
019A
0676
05B4
02A0
0786
04C3
0626
03C5
0109
07CC
046F
0134
02CF
0555
03AE
0708
07C3
0371
01AF
0016
020F
02A8
0355
053F
03E1
0326
0232
0561
015E
05D3
0299
0661
04C7
0702
0387
02AE
0432
03E7
04B3
039E
03DC
041B
047C
0128
0591
043A
070B
052D
029A
05F0
0000
0662
027B
04C5
03E9
0434
038F
0441
067C
04F2
0381
0305
0537
02CF
02F2
07D7
035D
0353
0774
0193
0196
0299
06A4
06FA
0534
0022
0542
0888
0791
065D
0534
0173
03BA
0000
01C2
05C8
0297
035A
0457
0190
063F
06B9
0433
0754
0230
05E3
05A8
02EB
06ED
0307
0767
0596
01C8
043B
016B
06F8
0459
02F8
0286
05A6
0310
0574
0224
06EF
00AD
060F
04CD
050F
03D3
021B
0566
01A2
0369
062C
044E
03B9
0573
0491
0231
0577
0579
0000
058F
0000
06CA
0245
0490
0550
04A4
0410
03F3
06EE
0360
0537
019B
037C
01D9
00D3
0457
0185
00C3
041F
05F0
0402
0924
0351
04AD
06C8
0353
052F
05B5
04FE
039E
04E9
029A
05FF
03CD
0125
0585
065B
033D
04F6
0255
02EC
01BB
0419
0611
07F7
0401
041F
06CB
060A
0231
0477
040A
061D
02B2
068D
0165
01CB
06D7
0233
04EF
04E6
0716
0000
05FF
00C1
055D
04E6
04E2
066E
056F
024C
039A
05E8
0418
047B
00B4
0664
0125
026D
01F8
0369
03E3
0685
0653
0528
04DA
02D7
049B
02D4
0520
047B
0500
050C
00AA
05B6
0029
089C
0634
0286
06BC
03E8
0657
0490
0163
0657
03BA
036B
0924
03AB
031B
0542
0707
049E
0423
03A0
04B6
06A3
0209
03F9
0513
0379
075C
02EA
02A6
0342
0546
04FF
02B2
0664
0409
0547
0601
059B
0350
039B
0208
034A
03DD
0373
05E3
04BC
01FE
02D2
029B
02F5
05BE
06F1
0213
03C8
0461
04FD
02D9
02B5
050C
02CA
0560
0646
0126
0528
0494
07CA
0511
0000
03C1
0284
07B4
0256
060D
052B
06C3
05D3
0458
01E8
029C
03FA
057E
057D
0400
0518
04B9
0454
030F
0302
068F
02BE
04F9
03DA
021A
0526
00D3
06DB
0286
067D
03B1
059C
0165
0549
0478
02AE
0575
01A3
0688
0000
058C
0609
02BF
0000
05C0
0272
0697
03D5
00A2
07B0
0475
0485
00AF
02E3
069C
055A
069D
0203
0437
0450
04A6
047C
04E5
0000
07CC
0198
07FC
0000
061F
0521
05E7
022D
0538
0000
0438
01D1
0779
0234
065C
051F
02D0
034E
0048
04F9
0580
05B0
01F7
0591
04BC
0445
0289
060A
0288
0494
05D7
0115
01FA
03D1
03EA
025F
081E
0339
04BF
0000
068B
0639
02B7
0138
050A
0000
044B
03EB
028A
07B5
04BF
0520
031F
0475
0685
0413
02B8
042A
0674
003A
03D4
02C2
0557
02AC
0836
03EC
0637
0000
069D
0096
052A
0250
0425
03FE
046A
05F2
03ED
05D9
03EB
04C0
021B
0483
01C3
058C
0426
05C2
0242
063A
0563
035F
0368
04E8
00F9
0790
042B
03FE
0465
0356
05CB
0267
0464
04E1
039E
02BE
05A9
0505
060D
00CA
020F
0044
0527
0573
04E8
03F4
034D
0399
03F6
0430
059C
0502
03FA
02C6
054E
037E
04EF
03D7
065B
0605
034C
04C7
0335
04AB
0437
0108
05F6
041B
033A
0455
00C5
0760
04B4
0402
0365
059B
00BA
0529
0225
05DE
06A2
0570
0340
073C
06FD
0380
038F
0449
034F
02D3
04AC
022D
043E
04B2
0505
01D1
074C
0757
0243
0396
0616
04E4
02D9
019C
0504
043B
04A4
0439
0296
02DC
0521
06F2
0792
0119
03E9
0358
0000
05FA
0229
03F3
0445
06CF
039D
01E6
0250
0629
04E8
06BB
0627
0361
06A4
0689
01B9
04DE
039D
0834
00E7
03F9
03F7
031B
062E
0575
0394
071D
0536
0385
01B8
04CF
0553
023F
06AF
05AE
0207
0103
066F
02E0
067F
0497
00D5
0594
048E
01FC
05AB
028B
0732
0297
0441
0000
01DD
057B
021E
0549
0624
0000
0207
0689
049E
0188
0203
0574
025B
0660
01EB
0756
0386
04E4
03F5
0283
0471
01D0
0632
041D
0441
0422
069A
026D
02E1
017F
0632
04A0
03C8
0443
03E8
03B2
0829
030D
0634
04AA
039E
028B
04A7
05B8
063A
02C4
05CF
0332
0443
03B6
03D2
03BF
0488
04E2
0358
0544
017A
046E
03DC
0304
0633
012D
0373
0027
01FB
0578
01C9
02E0
0612
01D7
0392
060B
08E9
01BB
00ED
0543
048F
07C2
0000
06F8
0000
0583
0235
05FD
05C5
0357
06EA
0000
02B9
0490
0664
0197
0201
0225
0881
02F5
046F
0421
0592
0518
0395
05F7
03CC
03C0
0465
0207
0650
0309
044D
022D
03EA
056A
041D
0611
0263
0346
0643
0763
018F
056B
0096
0344
0698
0678
0684
00AE
05C9
0000
0301
0689
0260
044E
0780
0000
01C1
0645
0672
0205
0214
0723
05BA
0433
02E6
0333
0677
04EF
04CD
0768
0502
00D0
0695
0140
03D5
033F
053A
03BB
0387
042C
0724
0455
03E2
06A3
057E
0477
0534
0282
018C
03E3
0435
04A4
065D
02F6
050C
0000
0491
0383
061E
0475
00FB
02CE
080E
03A3
064A
02E7
02A3
02A6
07C6
03CF
05A0
02BF
040B
0119
016A
043E
0337
0465
0656
0285
03C1
0454
04E2
0445
025C
0958
02BE
0322
0453
0186
0766
03A9
029C
0666
054B
011E
0412
0337
033D
0724
05E4
0895
017B
05AB
0217
0529
029E
0573
038F
05D8
0000
045B
03D1
07A8
05A2
0466
0213
0520
0264
023E
0595
010C
06CC
0575
0492
035D
0508
0516
0231
04A7
0395
04BD
04D6
0513
0317
0472
033A
0104
031D
04D0
054D
026D
0454
0470
0167
06FE
01D6
0639
039E
04B2
0393
0035
073D
0455
04E8
0384
02E7
0606
0684
020E
0677
02D6
038F
012D
06F8
0490
00CB
058C
03B4
056B
0245
0383
0419
049A
00C3
043D
021A
096F
00D3
0242
032A
06C4
0298
03B2
0421
0357
027F
0906
040D
02C0
03D0
0246
058E
056C
0606
0310
013C
0497
02E5
0386
046D
01C1
02B0
045C
0310
059A
05C4
06BB
00D7
06BB
03BD
067F
0191
066C
0382
0110
058A
02F9
07BE
045C
018D
0351
067C
0151
044C
0620
03C8
037D
0729
04DF
033F
0064
04EE
04DE
0457
02B5
04B3
0614
0062
0906
01DD
0968
012A
029F
0489
07C0
01CE
04CB
0285
06CD
01E7
0803
01B8
020F
0170
0446
04E1
036C
0795
0272
0399
0417
0412
03C8
02CF
0178
02EB
04B4
0324
04C8
029D
079B
01B6
03FE
0581
03E4
01E2
05A3
04BB
0430
0682
01C8
06FF
03C6
0578
0353
0687
005D
0329
06BF
050A
01E6
03DC
03EE
0429
0211
07EB
053D
05F6
0073
04EF
058E
04BD
0672
0229
0407
0489
048F
047A
0827
006E
04D9
042A
085A
0000
0645
01A8
0553
013F
06DB
0562
038C
03E2
01CC
06CD
03E2
0380
01DD
02E4
0253
0460
04BC
009B
061B
05F8
0591
0094
0242
06CC
0522
0009
05A5
050E
048D
0496
0191
0614
059C
03C0
02A7
0573
01BE
03D5
06E7
0607
0010
0549
04F7
063A
0304
0312
04AC
03CC
01E6
0739
03EA
051D
04B2
04DA
0651
0596
0157
0304
0453
0365
0610
06A0
069D
00CB
0366
02A2
06DA
05B4
0513
05CF
0000
065E
06B0
056D
040C
053B
0379
044D
026D
0389
03B1
02E8
0389
02E3
0567
0403
0211
05D9
0511
01FC
046F
044D
03BD
03E4
02D1
0336
0631
02CA
055D
04D4
0289
019E
0545
053B
02FD
00F1
05F4
0185
0344
0684
069E
0623
0073
0650
0000
077D
03DC
02FD
048B
0412
039E
0000
0324
0642
01A9
051D
02A3
0455
01A4
06B1
046D
04E3
0242
064F
0000
03B5
06B7
03CB
0487
0399
024D
0458
01E7
03F9
0582
0193
062F
02B5
0566
0467
032D
05A7
0533
01B0
007C
0427
034A
050C
0411
04CC
0249
032B
0466
046B
0438
0408
0405
0239
027A
0524
05EC
05BE
03E5
0326
046D
046B
02EA
06FB
00E5
049F
040E
04B0
04B1
046D
026C
0389
02AB
01E6
059A
043D
0398
0603
003F
0774
041A
0495
02CD
0585
0233
04DF
0882
02F0
015A
0679
0428
04F8
0000
0494
022C
043C
070A
02D1
077D
0448
03F9
0300
06B1
024C
0443
048D
0571
074A
0307
02FD
032C
06EE
02C3
04BB
0360
0304
0434
0507
05A3
0525
04DD
03EC
0451
0490
03C0
03EA
0363
013B
03AA
0442
041A
03B9
07CC
0269
0680
01EA
0477
029D
0357
012E
0545
0497
05B0
0096
05C6
040D
020B
0443
064A
0303
04D7
018D
04CA
0328
04AD
050A
0000
0232
053B
04C2
061D
037A
0302
073F
0453
01F6
05BC
0531
0528
0685
084A
065B
022E
039E
052B
0592
01FE
035E
04A3
079A
059A
03C6
02A1
0405
0566
0588
077C
0353
01E6
0359
07AD
0566
076E
0271
0202
05A8
070A
0121
03B7
0268
0544
03E1
04BD
0636
06BC
0504
034F
0281
06E1
0320
0289
0585
06B8
0266
03E4
01F4
0421
01BE
0601
0428
0049
04B6
0000
0663
048F
03A4
0348
08A0
020E
0398
01E4
0523
0634
050B
0529
01E3
0456
038D
06A1
0475
032E
0417
0401
03E9
04DA
0211
0559
022C
040D
05B0
0585
029E
05B0
007F
0898
083D
062B
046C
058B
0295
04D0
0043
0236
087B
0642
04D3
0597
024E
0317
03EC
0688
00DE
0551
04F1
0000
0343
09E0
0000
030B
0192
094F
0178
0464
0324
01B5
035A
0384
03D6
0328
044C
0142
0477
034A
048F
0396
042A
05E5
03D0
0561
050E
00D4
0528
0441
077E
0191
0566
044B
0816
0508
022E
03FA
0368
0439
0741
04F1
0528
04A7
0471
0515
02EB
0422
05A2
042A
04E5
037D
0000
038D
06CB
0818
031B
0374
02FF
0512
053C
06B3
04CC
0642
026C
0392
00C4
095E
0000
044A
04A6
05CF
0000
0361
0332
02FF
0346
01E0
02DA
045A
0416
0078
0601
00F8
0465
0423
0294
0617
00C4
0412
03D5
023D
05F2
04F8
042E
02B9
05D4
003F
041E
058F
03D5
0506
0545
03DA
05D5
024A
05B5
03FF
02A3
0330
047A
03A9
03A8
03F7
03BD
03DA
04E3
0704
041C
0772
02EF
030E
04A0
02E0
04EA
0651
0651
0324
02D8
06DE
02D8
08E4
0000
03C0
0237
051E
01C2
039F
0278
0336
0398
0331
014A
0437
035B
003E
0742
00FE
0904
03B1
053A
02A9
03DD
028A
0804
0000
04EB
04DD
0843
0187
0482
023A
035E
0729
0348
05EB
028B
046E
0679
0046
0593
0357
03AB
02A3
03B5
02E4
03BD
02BB
0662
03C8
06D3
0402
05DF
026B
04D1
043C
051C
055F
0525
0410
0229
025A
0514
03E4
04B2
03EE
0000
038A
04E5
01BC
038B
0574
04AB
0106
0382
037D
013E
05CD
039A
0426
051D
04AB
0589
02F0
0501
015C
05E9
04BF
0590
0414
0633
05AA
04B5
0164
0262
0534
037D
050D
040B
0000
04B4
03C2
0521
045D
033F
0279
0455
068F
0479
03E4
03B0
057E
06DD
0482
081D
0114
0416
0115
0756
027C
06A7
03A0
0332
0443
077B
02E2
0383
0166
0413
026B
0575
01B3
0854
039F
08C7
0198
02EF
01F9
01E7
0321
038A
0632
01D4
06E6
00DB
058B
04D4
01F6
0685
0032
07D0
021D
043C
0367
052A
059A
0181
0360
0272
0474
035B
03E2
0449
01EA
0595
03F9
0414
03D5
03BD
0435
03B5
07FE
02C1
03AD
0341
04A0
04F2
0257
047B
0202
0512
0476
0585
0210
062F
01E6
070E
0067
0872
0232
068B
0121
0475
02DD
046B
048F
07E4
0334
05ED
04A4
03FE
0000
0404
0375
0751
0618
02C0
0713
03D9
0598
024E
0362
042B
0426
0653
039F
0443
06F4
03E9
07E9
0174
05E0
0331
07F2
0347
0044
06A8
02EC
033B
067B
031C
0496
0449
00D8
04BE
04DF
059B
0518
061D
0439
0697
01BE
0533
0189
041A
0486
04F5
04F4
08E3
0325
0390
0261
046D
0502
035C
038E
0549
0789
064A
0564
04F7
00B9
0596
00AF
0391
008E
02AB
036F
042D
03D5
0470
0465
0437
0479
0235
05DE
0534
0517
03DC
047C
0238
072F
0433
06A9
0514
0394
03E1
072B
05EB
0692
0463
0183
0685
0405
05A2
034C
0744
0656
0484
03F9
040B
02A1
0492
0316
0305
03F8
0327
042E
02E5
0672
04FE
051A
0475
0303
0375
0203
0351
068F
0319
0754
01F2
09DA
0200
063E
03C2
029E
04B4
03F9
0370
0183
01A7
045A
0471
0409
0537
04A0
0415
02D3
022B
067C
0376
0338
0503
04FD
03FD
020B
04F0
057B
07B5
04A1
0674
0338
03F9
04C4
0214
040E
0215
059C
0551
0291
044C
0325
0415
044A
0379
0485
04E2
0537
0489
0191
058F
04BA
0457
0664
01C8
047E
0391
0670
0050
04EA
03EC
023D
03FE
043B
057D
06AD
02C7
071C
04BE
0595
026D
05BF
0348
0114
046E
02DD
01A0
0457
03E6
04E4
060E
0190
05A8
04B6
056D
048D
0462
042B
03C4
0329
0314
039E
05AB
02A4
04C1
04A4
01D8
072F
05EF
0450
0822
0649
026A
0000
0369
0701
057D
02D2
0093
067F
008E
057E
0455
0157
0488
05B1
0559
04B2
03D5
0488
0180
06DD
04FF
065D
05E4
0671
0142
04C2
0373
04EB
0337
04ED
03E8
01E7
0211
0698
00C9
0204
0370
0577
0260
0247
0596
02E8
0754
02C1
0455
06DC
06CD
013F
0574
0253
0712
0354
0620
03F2
06F4
0413
05B0
0377
043F
03F7
063F
042B
050C
0450
0347
01D5
03C8
0507
0518
0515
0000
0694
03BD
052C
047B
05D0
06AB
08D2
02F2
04AF
025A
03B6
0545
04C3
037B
04A4
033E
03E7
03D1
057A
052E
05A7
0064
03F5
01CB
03DC
0042
074F
046C
00E4
019A
084C
00C7
07FD
05B2
0483
064F
0385
0490
06D3
04A9
0394
04B0
0596
058D
06A1
03DD
03C2
03A6
0396
040B
0157
0724
04A2
05E3
0268
0284
04A9
05C1
020B
05FA
0353
076D
04D5
027B
0461
06BB
054B
056C
04FC
044F
0399
02D9
032D
0672
0499
03D5
04C9
02B5
03B2
0018
0542
021B
052F
0495
0494
0000
03A4
0078
05FF
035A
05E2
00CF
031E
02EC
087A
0306
0760
0276
0551
0551
02C7
0280
022A
0624
012C
02EF
07BF
034F
0464
02D0
0256
05D8
0421
0426
0366
0535
03C0
045A
02D5
040F
05FA
0536
02E1
04C1
02E8
070E
03B5
02A8
0498
0392
05A9
05CB
0408
031D
0602
0481
00FC
0567
01F3
03AA
023E
0566
036D
01E5
04D1
06D4
022C
086A
01EF
01B5
05D4
05CA
03B5
03B7
0371
0418
00A3
035D
05C0
0421
0590
0305
042B
0667
05C9
0128
0542
044D
0307
02FC
0550
0089
05C1
0187
050E
0355
057F
0532
027E
06F5
044D
0397
04A2
0262
04BC
04C2
0457
0668
0000
0702
0535
0372
06E5
03D8
0554
062C
0157
02FE
03F5
05DD
02CC
03D6
00A7
0439
06E4
046F
0460
02C6
04CF
06A2
0270
07B2
03A5
0366
0550
048E
04AC
0409
0382
013D
02DE
0197
04D6
0561
01A1
0131
00F6
03A3
0539
0236
051B
0389
0574
02AF
06B3
0037
03E9
0049
079D
0425
06BB
03D2
0280
05E7
02E6
0752
0495
0029
0472
03EF
0241
059F
02DA
06D3
041D
02FB
04CB
02AB
03F9
04B1
03D9
0706
0676
033C
010E
033A
04BD
022F
090D
0538
0544
0375
0662
023F
0425
069B
03C4
0480
02C5
0420
03EF
03B6
042D
04E7
00EF
01B4
056A
0159
04F5
039C
03EF
03AB
0894
02E6
02C5
049E
03DD
0672
081A
034D
0754
0782
046A
01CE
0405
06B2
01B1
05CC
036A
0512
048C
0173
052F
0585
058E
045E
00FB
0624
04DF
047A
0225
0561
043D
0540
0507
04AD
04FA
021D
051B
02DD
071A
0565
0825
0157
0622
0291
081C
0115
0235
07A1
0336
03B6
008A
02DB
0623
05DD
0384
03AC
02A9
011D
0341
0356
03DB
0331
05E0
047C
06AF
02A5
05DE
03B8
0515
07A5
0320
0495
040E
0484
04AF
0272
02A7
0551
0342
01E3
03D7
078F
0609
0000
041A
04C0
0497
046F
06A5
0551
041E
04BB
0272
06B4
0484
033E
0535
00CC
07F9
0000
0697
0348
08E6
0588
0484
02E8
05A9
0736
02DE
03D7
02A9
06EF
035E
0665
013D
0498
067A
05B5
0147
04A4
0221
030D
02F0
0469
0495
09FA
031A
0512
062A
0463
06A4
02B6
0547
05C0
02D9
0453
0372
05BE
03DD
045D
01A9
074B
00E6
0308
035A
0611
0635
0000
03BA
05E2
06A3
02FC
046D
052E
059C
0313
02AA
0411
03F4
029E
03FA
052C
0614
048C
04E6
033C
0411
0375
0527
0401
02F2
07D0
01B3
0813
0272
06D4
03E5
05D4
01BC
0502
04C1
0740
02CC
00E8
021E
0708
03DE
04E2
0286
081B
03FB
0801
007C
0603
071D
03BB
00D7
07D2
0140
03C3
04B5
0540
04A2
03BA
049E
0565
0320
01E8
01FA
0716
056E
020A
0375
08FB
04F9
0510
014E
061E
0385
03AF
044B
0689
03B1
016E
02BD
054B
04F2
05AD
021B
0307
0665
056C
011A
045E
028A
061A
029C
0320
02E5
03B5
05A0
04C5
0360
03A9
044A
0681
00C7
0245
02A0
0457
03F3
058D
01F4
05A6
05CA
04EA
026D
05E2
0568
03A4
027E
063A
0291
04B1
0098
0724
0469
046B
0365
053B
03DD
0229
052E
05CF
0147
046F
05A1
0A66
03BD
04EF
0157
04AB
036B
03B2
03E8
061A
046F
0461
0382
04E0
06C1
0626
00BC
025A
0692
02E6
0428
00FC
040B
0501
0107
0681
04DB
0264
03CE
044D
0411
06FC
0333
03B1
04B2
0000
0509
0578
0478
04DB
018D
0316
0675
01E5
0447
01CE
078D
034A
02F1
0626
057C
01BE
0379
054F
039A
02F1
04E7
0790
067E
00C9
020C
069C
02A0
0643
01D6
0682
0563
050E
0268
031D
0391
0727
04F7
05AC
0440
0209
05DE
02D2
0786
0631
02D8
03A5
047B
04D8
0024
0316
02D8
0575
017E
0468
02E9
0491
02AE
0611
03D2
0329
033D
04EA
053D
0168
02B8
05C7
01EB
0314
02E3
028D
0622
013F
0383
03CE
05BE
0419
048F
0663
0395
0482
0415
049F
0345
0178
0422
0773
05FB
0289
0737
0401
024C
05DB
040C
0280
0557
052E
0023
0541
053C
05B4
0347
0523
0111
038A
03FB
02AA
0829
0512
02E1
01D1
0607
0175
04B7
06CC
0247
0956
0000
07D0
0273
0644
0275
04B0
00D5
0584
0674
0574
05EF
00BA
0117
0175
064B
0293
04CD
0363
0377
00F8
02DF
0376
06D5
0460
01B8
03E2
0245
063A
0583
073F
0419
040C
02AD
088C
0414
021A
0356
065F
0431
034D
0591
021D
04DB
06CA
0191
0371
04EC
06CC
011E
0745
0246
028B
06B2
0439
07C6
068F
0286
0282
0644
0243
051E
0886
02A0
0751
0161
04D9
04CF
059C
02CA
052E
023A
0407
07B9
04FF
01B1
03B8
0000
01BF
066D
0259
0397
067C
03A7
0578
0692
0248
06B3
05EA
0000
0519
0388
0695
049B
0428
0494
047F
03CF
0803
0000
0694
0163
0860
02D7
065B
0345
02E6
046B
0355
0494
0234
0586
03D7
02FE
028D
0677
0191
05CA
026C
0693
042E
0288
045A
076E
0355
0890
06EA
01E1
0560
0214
05EE
0607
031C
0247
044D
04CA
04AB
0639
0495
0363
04B8
0000
03FF
023E
04C4
0488
0664
0425
06E0
06BE
0412
048B
04EC
05D5
03B3
048B
0377
0484
02A6
0761
0321
0519
0340
00A4
04E4
05C0
071F
0403
0607
0327
040F
060A
0159
080D
036D
0318
0465
0339
0380
06AD
0015
07F8
0216
0608
030E
0463
05D5
0848
0152
03FD
05C3
026B
0279
059A
045B
04FC
0575
0329
06F0
0433
0307
041B
0527
01BC
050C
00E4
03EF
01F6
0579
04F3
03AB
04D0
07D4
041D
0433
027D
05B8
04D4
04F7
0314
0078
0557
0146
0854
0171
04E4
041E
02B5
0589
068A
05BE
0342
064E
04F2
0099
06DF
0372
0530
03F9
0428
04D6
0505
0234
06AF
0291
0358
0327
0387
02F8
028A
07C7
0604
015A
060E
0473
0429
0209
04C9
04ED
0528
0419
06A5
032A
0602
04FB
02CC
05AC
01D3
0581
013E
03F6
00AB
049F
0712
047E
0000
0632
033C
040F
03A4
0408
04A8
032C
02E1
0226
05C8
0463
067F
01E3
0286
053A
035A
0412
0166
0645
0508
0575
02F8
04DC
05B8
0456
02AF
054F
0175
07DE
05F3
04B5
039F
04B0
0369
07F2
02BD
05E8
0205
06F8
026F
03A5
02B0
0470
06D8
0000
05CF
0326
03BD
068C
046E
039E
05C5
02EC
040F
053C
030D
02F4
00DC
03C5
0074
0440
0524
013D
03C9
062C
00AB
0680
0175
01D1
066D
0236
04FE
06D7
0287
050C
0151
0582
019A
0939
0269
0487
04BA
03BF
051A
01AB
053D
01AA
047B
03CD
03B8
045E
00E2
05F9
03DD
0497
022E
05F3
0172
087A
02B6
0417
0267
0640
026A
0462
033D
07C8
0679
023C
0414
0431
05B2
063B
0640
018A
01CF
0661
000B
055D
037E
050A
0000
037F
02FE
01B1
07B8
0310
0437
0463
0173
0287
05F3
023F
074D
0562
0339
0578
03D3
03A3
04EF
047E
0509
05A8
0341
05A2
03A8
0531
03A9
01E6
0541
0000
0688
0529
0000
07D2
02D3
06D5
05D1
021D
0463
0452
0377
06D9
0448
03FC
031A
0208
0420
06D3
0349
06DE
0572
0158
0480
042F
0541
04B9
0469
030C
0443
0273
05A6
041F
04CC
04A9
0013
0352
016F
04AB
0442
04B1
0859
0759
007C
0313
03F7
0641
04FC
043F
049E
045B
0036
04E3
0562
0377
045B
05E9
0327
052B
0187
0223
03A0
03A5
0471
02A4
03FD
0452
042C
04B0
0334
034F
05C1
01AB
0629
0154
036D
047C
025C
0266
0427
0339
047A
067E
05CA
03FF
0231
0244
045A
0614
05A7
0457
0339
022C
0514
04B6
061F
0321
0317
02F5
020D
0513
00E6
065E
019D
060C
059A
034D
010E
02CA
04A8
0724
01CF
03D6
04EA
04FF
0436
0706
02F9
0575
0395
0592
0368
04A9
01DB
04AC
02DE
08F0
047A
02D4
04CC
0675
00CB
07B5
0392
0620
024B
0314
058D
05C9
0124
0469
02CF
03C6
050E
0532
04E2
07AF
065D
0000
0491
0290
01EC
0726
0411
0227
0227
021A
0626
03EB
03F1
0423
033D
0326
0126
03F7
01C9
06AA
02EC
0284
051F
05F1
047C
0268
0719
0399
03BF
03EB
041E
02FF
0301
0561
052D
0382
072C
04B0
0110
054D
032F
057E
0556
083F
014F
03DC
0587
047B
0555
0693
0116
0420
0264
069C
045E
0306
04A7
03A9
025D
03D0
06AB
0638
047D
02B5
07A5
0000
0356
046F
037F
0471
03D8
03FC
052D
0173
083B
00EF
0686
001C
05CE
0124
034D
00AC
03C5
036E
0143
0291
025A
082B
05CB
03BB
06A9
049F
02BB
0401
052E
039F
0376
032C
0312
04F3
0931
0444
00C4
05AB
0354
049C
041D
054B
03AB
02CA
05FD
02D4
03B7
055E
03D2
06E2
0000
0492
0513
05AC
0632
02E1
052A
02D8
0766
054E
030F
02FD
0443
0000
02D9
063B
03BF
0505
0502
01A3
03C4
04B2
05A7
00B0
0651
051C
0542
0162
0245
02B6
032B
0278
0143
056D
0408
075E
014C
040A
04F9
0368
0580
0165
06B9
079C
01B7
05DB
0424
0313
0651
0399
0245
043A
086B
0021
04EE
0324
06B6
043B
0746
008C
04E2
033C
0485
047D
0229
0757
0377
047C
0478
031B
043B
0405
06E0
07AE
04E2
0000
03E5
04B8
0000
0815
0374
055A
031B
0581
03BC
031B
0480
0609
0150
0496
052D
03C2
00D5
02CF
0244
0442
0463
0763
0388
0502
01B0
0432
02EE
03EB
0448
0595
072D
0671
01E7
0348
001F
035F
065E
0151
049E
04D5
0542
0187
05D1
0182
067C
05A2
03DD
0000
04CA
0478
04EB
0387
010F
04BE
0527
066C
009A
0499
008A
038C
02E7
04F4
038A
0267
0346
049C
0396
0442
052B
0552
02D6
056B
0000
0413
02F7
068B
0302
0545
0181
034B
01C2
0120
006E
0000
0098
0000
0000
0000
0000
0000
0000
0000
0000
0012
0000
0000
0000
0000
0000
0000
0026
0000
0046
0000
0000
0000
0000
0000
004B
0000
0000
0000
0000
0000
0048
0000
0000
0000
00C9
0000
0000
0000
0000
0000
0000
0148
0060
0000
0076
0000
0000
0000
0105
0000
011F
0000
0000
0000
0000
0114
0000
0000
0000
0000
0000
0000
0000
0000
034A
0334
0177
026D
04F3
0402
0000
024D
01C7
022B
0177
0000
00F3
01E6
00AC
0283
04F7
01E8
01FA
037E
0259
0000
055E
05B8
029F
0346
0414
0208
02D4
0382
0000
0050
02EA
0224
02DA
05F5
0118
0002
02F4
039C
0217
009C
0178
0329
01F9
032A
04C9
02EF
026B
0649
0505
02E2
0196
0554
0561
0041
0000
0533
0449
019F
055B
0000
0000
0000
0000
0000
0000
0000
0000
0000
0000
0000
0000
0000
0000
0000
0000
0000
0000
0000
0000
0000
01FC
00D3
0000
0000
0000
0000
00C6
0000
0000
00E0
0000
0000
0000
0000
0000
0000
0000
0000
0000
0000
0000
0000
0000
0000
0000
0000
0000
0000
0000
0000
0000
0000
011E
0000
0000
0000
0000
0000
0000
0000
0000
0000
0000
0000
0000
0000
0000
0000
0000
0000
0000
0048
0000
0000
0000
0000
0000
0000
016F
0000
0000
0000
0219
0000
0000
0000
0000
0000
0000
0000
0000
0000
0000
0000
0000
0000
0000
0000
0000
0000
0000
0000
0000
0000
0000
002F
0000
0000
0000
0000
0000
0000
0000
0000
0000
0000
0000
0000
0000
0000
0000
0000
0000
0000
0000
0000
0000
0000
0000
0000
0000
0000
0000
0000
0000
0000
0000
0000
0000
0000
00C5
0000
0000
0000
0000
0000
0000
0000
0000
0000
0000
0000
0000
0000
0000
0000
0000
0000
0000
0000
0000
0000
000C
0000
0000
00AA
0000
0000
0000
0000
0000
018B
0000
0000
0000
0000
0000
0000
0000
0000
0057
0000
0000
0000
0000
0000
0000
0000
0000
0000
0000
0000
0000
0000
0000
0000
0000
0000
0000
0000
0000
0000
00EB
0000
0000
0000
0000
0000
0000
0000
0000
0000
0000
0000
0000
0000
0000
0074
0000
0000
0000
0194
00DA
0000
0000
0000
0060
0000
0000
0000
00FA
0000
0000
0010
0000
0000
0000
0013
0000
0000
0000
01B9
0000
0000
0000
0000
0000
0000
0000
0000
0000
0000
0000
0000
0000
0000
0000
0000
0000
0000
0000
0000
0000
0000
0000
0000
0000
0000
005D
0000
0000
0000
0000
0000
0000
0000
0000
0000
0000
0000
0000
0000
0000
0000
0000
0000
019B
0000
0000
0000
0000
0000
0000
0075
0000
0000
0000
0000
0000
0000
0000
0000
0000
0000
0000
0000
0000
0000
0000
0000
0000
0000
0000
0000
0000
0000
0000
0000
0000
0000
0000
0000
0000
0000
0000
0000
0000
0000
0000
0000
0000
0000
0000
0000
0000
0000
0011
0000
0000
0000
0061
0000
0000
0000
0000
0000
0000
0000
0000
0000
0000
0000
0000
0012
0000
0000
0000
0000
0000
0000
0000
0000
0081
0000
0000
0072
0000
0000
0000
0085
0000
0000
0000
0000
0000
0000
0000
0000
0000
007B
0000
0000
0000
0000
0000
0000
0000
0000
0000
0000
0000
0000
0000
0000
0000
0076
0000
0000
0000
0000
0000
0000
0000
0028
0000
0000
0000
0000
0000
0000
0000
0000
0000
0000
0000
0000
0000
0000
0000
0000
0000
0000
0000
0000
0000
0000
0000
0000
003B
0000
0211
0000
0000
0000
0000
0000
0000
000E
0000
0000
0004
00EB
0000
0000
0000
0000
0000
0000
0000
0000
0000
0000
0000
0000
0000
0000
0000
0000
0000
0000
0000
00F4
0000
0000
0000
0000
0000
0000
0000
0000
0000
0000
0000
0000
0000
0000
0000
0000
0000
0000
0000
0000
0000
0000
0000
0000
0000
0000
0000
0000
0000
0000
0000
0000
0000
0000
0000
0000
0000
0000
0000
0000
0085
0000
0000
0000
0000
0000
0000
0000
0000
0000
0000
0000
0000
0000
0000
0000
0000
0000
0000
0000
0000
0011
0000
0000
0000
0000
0000
0000
0000
0000
0000
0000
0000
0000
0000
0000
0000
0000
0000
0000
0000
0000
0000
0000
0000
0000
0000
0000
0000
0000
0000
0000
0000
0000
0000
0000
0000
0000
0000
0000
0000
0000
00C7
0000
0000
0000
0000
0000
0000
0000
0000
0000
0000
0000
0000
0000
0000
0000
0000
0000
0000
0000
0000
0000
0000
0000
0000
0000
0000
0000
0000
0000
0000
0000
0000
0000
0000
0000
0000
0000
0000
0000
0000
0000
015D
0000
0000
0000
0000
0024
0000
0000
0000
0000
0000
0000
0000
0000
0000
0000
0000
0000
0000
0000
0000
0000
0000
0000
0000
0000
0000
0000
0000
00E7
0000
0000
0000
0000
0000
0000
0000
0000
0000
00B8
0000
0000
0000
0000
0000
0000
0000
0000
0000
021E
0000
0000
0000
0000
026A
0000
0000
006E
013E
0000
0000
0000
0000
0000
0000
0000
0000
0000
0000
0000
0000
0000
0000
0000
0000
0000
0000
0000
0000
0000
0000
0000
0000
0151
0000
0000
0000
0000
0000
0000
0000
0000
0000
0000
011F
0000
0000
0000
0000
0000
0000
0000
0000
0000
0000
0000
0000
0000
0000
0000
0000
0000
0000
0000
0000
0000
0000
0000
0000
0000
0000
0000
0002
0000
0000
0000
0000
0000
0000
0000
0000
0000
0000
0000
0000
0000
0000
0000
0000
0000
0000
0000
0000
0000
0000
0000
0000
0000
0000
0000
0000
0000
0000
0095
0000
0000
0000
0000
0000
0000
0000
0000
0000
0000
0000
0000
0000
0000
0000
0000
0000
0000
0000
0000
0000
0000
0000
0000
0000
0000
0000
0000
0000
0000
0000
0000
0000
0000
0000
0000
0000
0000
0000
0000
0000
0000
0000
0000
0000
0000
0000
0000
0000
0000
0000
0000
0000
0000
0000
0000
0000
0000
00D8
0000
0000
0000
0053
0000
0000
0000
0000
0000
0000
0000
0000
0000
0000
0000
0000
0000
0000
0000
0000
0000
0000
0000
0000
0000
0000
0000
011A
0000
0000
0000
0000
0000
0000
0000
0000
0000
0000
0000
0000
0000
0000
0000
0000
0000
0000
0000
0000
0000
0000
0000
0000
0348
0000
0000
0000
0000
0000
0000
0000
0000
0000
0000
0000
0000
031F
0000
0000
0240
0000
0000
0000
0000
0000
0000
0000
0000
0000
0000
0000
0000
0000
0000
0000
0000
0000
0000
0000
0000
0000
023C
0000
0000
0000
0000
0000
0000
0000
0000
0000
0139
0000
0000
0000
0000
0000
011C
0000
0000
0000
0000
0000
0000
0000
0000
0000
0000
0000
0000
0000
0000
0000
0000
0000
0000
0000
0000
0000
00CD
0000
0000
0000
000C
0000
0000
0000
0000
0000
0000
0000
0000
0000
0000
0196
0095
0000
0000
0000
0000
0000
0000
0000
0125
0000
0000
0000
00F6
0000
0000
0000
0000
0000
0000
006E
0000
0000
0138
0000
0000
0000
0000
0000
0000
0000
0000
0000
0000
0000
0000
0000
0000
0000
0000
0000
0000
0000
0000
0000
0000
0000
0000
0000
0000
0000
0000
0000
0000
0000
0000
0000
0000
0000
0000
002C
0000
0000
0000
0000
0000
0000
0000
0000
0000
0000
0000
0000
0000
0000
0000
0000
0000
0000
0000
0000
0000
017A
0000
0000
0000
0000
0000
0000
0000
0000
0000
00D4
0000
0000
0000
002B
0000
0000
0000
0000
0000
0000
0000
0000
0000
0000
0000
03CC
0000
0000
0000
0000
0029
0000
0000
0000
0000
0000
0000
0000
0000
0000
0000
0000
0000
0000
0000
0000
0000
0000
0000
00D0
0000
0000
0000
0000
0000
0000
0000
0000
0000
0000
0000
002E
0000
0000
0000
0000
0000
0000
0000
0000
0000
00EA
0000
0000
0000
02C1
0000
0000
0000
0000
0000
0000
0000
0000
0000
0000
0000
0000
0000
0000
0000
0000
0000
0000
0000
0000
0000
0000
0000
0000
0000
0000
0000
0000
0000
0144
0000
0000
0000
0000
0000
0000
0000
0000
0000
0000
0000
0000
0000
0000
0000
0000
0000
0000
0000
0000
0000
0000
0000
0000
0000
01D1
046C
0000
0000
0000
0089
0000
0000
0000
0000
0000
0000
0000
0000
0000
0000
0000
0000
0000
0000
0000
0000
0000
0000
0000
0000
0000
0000
021E
0000
0000
0000
0000
0000
0000
0000
0000
0000
0000
0000
0000
0000
0000
0000
0000
0000
0000
0000
0000
0000
0000
0000
0000
0000
012C
0000
0000
0000
0000
0000
0000
0000
0000
0000
0000
0000
0000
0000
0000
0000
0000
0000
0000
0000
0000
0000
0000
0000
0000
0000
0000
0082
0000
0000
0000
0000
0000
0000
0000
0000
0000
0037
0000
0000
0000
0000
0000
0000
0000
0000
0000
0000
0000
0000
0000
0000
0000
014F
0000
0000
0000
0000
0000
0000
0000
0000
0000
0000
0000
0000
0000
0000
0000
0000
0000
0000
0000
0000
0000
0000
0000
0000
0000
0000
0000
0000
0000
0000
0000
0000
0000
0000
0000
0000
0000
0000
0000
0000
0000
0000
0000
0000
0000
0000
0000
0000
0000
0000
0000
0000
0000
0000
0000
0000
0000
0000
0000
0000
0000
0000
0000
0000
0000
0000
0000
0000
0000
0000
0000
0000
0000
0000
0000
0000
0000
0000
0000
0000
0000
0000
0000
0000
0000
0000
001D
0000
0000
00A2
00F6
0000
0000
0000
0000
004B
0000
0000
0000
0000
0000
0000
0270
0000
0000
0000
0000
0000
0000
0000
0000
0000
0000
0000
0000
0000
0000
0000
0000
0000
0000
0000
0000
0000
0000
0000
0000
0025
0000
0000
0000
0000
0000
0000
0051
0000
0000
0000
0000
0000
0000
0000
0000
0000
0000
0000
0108
0000
0000
0000
0000
0000
01A3
0000
0000
0000
0000
001E
0030
0000
0102
0000
0000
0000
0000
0000
0000
0000
0000
0057
0000
0000
0000
0000
0000
0138
0000
0000
0000
0056
0128
0000
0000
0000
0000
0000
0000
0000
0000
0000
0000
0000
0000
0000
0000
0000
0000
0000
0000
0000
0000
0000
0000
0000
0000
0000
0000
0000
0000
0000
0000
0000
0000
0000
0000
0000
0000
0104
0089
0000
0000
0000
0000
0000
0000
0000
0000
0000
0000
0000
0000
0000
0000
0000
0000
0000
0000
0000
0000
0000
0000
0000
0000
0000
0000
0000
009D
0000
0000
0000
0165
000B
0000
0000
0000
0000
0000
0000
0000
0000
0000
0000
0000
0000
0000
0000
0000
0000
0000
0000
0000
0000
0000
0000
0000
0000
0000
0000
0000
0000
0000
0000
0000
0000
0000
0000
0000
0000
0000
0000
0000
0000
0000
0000
0000
0000
0000
0000
0000
0000
0000
0000
0000
0000
0000
0000
0000
0000
001F
0000
0000
0000
0000
0000
0000
0000
0000
0000
0000
0000
00D8
0055
0000
0000
0000
0000
0000
0000
0000
0000
0000
0000
0000
0000
0000
0000
0000
0000
0000
0000
0000
0000
0000
0000
0000
0000
0000
0000
0000
0000
0000
0000
0000
0056
0000
0000
0000
0000
0000
0016
0000
0000
0000
0000
0000
0000
0000
0000
0000
018B
0000
0000
0000
0000
0000
0000
0000
0000
0000
0000
0000
0000
0000
0000
0000
0000
0000
0000
0116
0000
0000
0000
00C1
0000
0000
0000
0000
0000
0000
0000
0000
01A3
0212
0000
0000
0000
0000
0000
0000
0000
0000
0000
0000
0000
0000
0000
0000
00DC
0000
0000
0000
0000
0000
0000
0000
03F1
0000
0000
0000
00DC
0000
0000
0000
01EB
0000
0000
0000
0000
0000
0000
0000
0000
0000
0000
0000
0000
0000
0000
01BC
0000
0000
0000
0000
0000
0000
015A
0000
0000
0000
0000
0000
0000
0000
0000
0000
0000
0000
0000
0073
0000
0000
0000
0000
0000
0000
0000
0000
0235
0000
015F
0000
0000
0000
0000
0000
00D1
0000
0000
0000
0000
0000
0119
0000
0000
0000
0000
0000
0000
0000
0000
0000
0000
0000
0000
0000
0000
0000
0000
0000
0000
0000
0000
0000
0000
0000
0000
0000
0000
0000
0000
0000
0089
0000
0000
0000
0000
0000
0000
0000
0000
0000
0000
0000
0000
0000
0000
0000
0000
0000
0000
0000
0000
0000
0000
0000
0000
0000
0000
0000
0000
0000
0000
0000
0000
0000
0000
0000
0000
0000
0000
0000
0000
0000
0000
0000
022B
0000
0000
0000
0000
0000
0000
0000
0000
0000
0000
0000
0000
0000
0000
0000
0000
0000
0000
0000
0000
0000
01D4
0143
0000
0000
0000
0000
0000
0000
0000
0000
0000
0000
0000
0000
0000
0000
0000
0000
0000
0000
0000
0000
0000
0000
0000
0000
0000
0000
0000
0000
0000
0000
0000
030D
0000
0000
00F7
0000
0000
0000
006E
0000
0000
0000
0000
0000
0000
0000
0000
0000
0000
0000
0000
0000
0000
0000
0000
0000
0000
0000
0000
0000
0000
0000
0000
0000
0000
0000
0000
0000
0000
0000
0000
0000
0000
0000
0000
0000
0000
0000
0000
0000
0000
0000
0000
0000
0000
0000
0000
0000
002C
0000
0000
0000
0000
00F5
0000
0000
0000
0000
0000
0000
004B
0000
0000
0000
0000
0000
0000
0000
0000
0000
0000
0000
0000
0000
0000
0000
0000
0171
0000
0000
0000
0261
0000
0000
0000
0000
0000
0000
0000
0000
0000
0000
0000
0000
0000
0000
0000
0000
0000
0000
0000
0000
0000
0000
0000
0000
0000
0000
0000
007A
0000
0000
0000
0000
0000
0000
0000
0000
0000
0000
0000
0000
0000
0000
0000
0000
0000
0000
0000
0000
0000
0000
0000
0000
0000
0000
0000
0000
0000
0000
0034
0000
0000
0000
0000
0000
0000
0000
0000
0000
0000
0000
0000
0000
0000
0000
0000
0000
0000
0336
0000
0000
0000
0000
0000
0000
0000
0000
0000
0000
0000
0000
0000
0000
0000
0000
0000
007D
0000
0000
0000
0000
0000
0000
0000
0000
0000
0000
0000
00D5
0000
00A3
0000
0000
0000
0068
0000
0000
0000
0000
011B
0000
0000
0000
0000
0000
0000
0000
0000
0000
0000
0000
0000
0000
0000
0000
0000
0000
0000
0000
0000
0000
0000
0000
0000
002E
0000
0000
0000
0000
0000
0000
0000
0000
0000
003C
0000
0000
0000
0000
0000
0000
0000
0000
0000
0000
0000
0057
0000
0000
0000
0000
0000
0000
0000
0000
0000
0000
0000
0000
0000
0114
0000
0000
0000
0000
0000
0000
0000
0000
0000
0000
0000
0000
005F
0000
0000
0000
0192
0000
0000
0000
0000
005C
0000
0000
0000
0000
0000
0000
0000
0000
0000
0259
0000
0000
0000
0000
0000
0000
0000
0000
0000
0000
0000
0000
0000
0000
0000
0000
0000
0000
0000
0000
0000
0000
0037
0000
0000
0000
0000
0000
0000
0000
0000
0000
0000
0000
0000
0000
0000
0000
0000
0000
0000
0000
0000
0000
0000
0000
0000
0000
0000
0000
0000
0431
0000
0000
0000
0000
00FE
0086
0000
0000
0000
0051
017B
0000
0000
0000
0000
0000
0000
0000
0000
0000
0000
0000
0000
0000
0000
0000
0000
0000
0000
0000
0000
0000
0000
0000
0406
0000
0075
0000
0000
0000
0000
0000
0000
0016
0000
0000
0000
0000
0000
0126
0000
0000
00DC
0000
0000
0000
0000
0000
0000
0000
0000
0000
0000
0000
0000
0000
0000
0000
0000
0000
012D
0085
0000
0000
0000
0000
0000
0000
0000
0000
0000
0000
0000
0000
0000
0000
0000
0000
01F8
0000
0000
0000
00C0
0000
0000
0000
0000
0000
0000
0000
0000
0000
0000
0000
0000
0000
0000
0000
0000
0000
0000
0000
0000
0000
0000
0000
0000
0378
0000
0000
0000
0000
0000
0000
0000
0000
0000
0000
0000
0000
0000
0000
0000
0000
0000
0000
0000
0000
0000
0000
0000
0000
0000
0000
0000
0000
0000
0000
0000
0000
0000
0000
0000
0000
0002
0000
0000
0000
0000
0000
0000
0000
0000
0000
0000
0000
0000
0000
0000
0000
0000
0000
0000
0000
0000
0000
0000
0000
0000
0000
0000
0000
0000
016E
0000
0000
0000
0000
0000
0000
0000
0000
0000
0000
0000
0000
0000
0000
0000
0000
0000
0000
0000
0000
0000
0000
0000
0000
0000
0000
0000
0000
0000
0000
0000
0000
0000
0000
0000
0000
0000
0000
0000
0000
0000
0000
0000
0000
0000
0000
0000
0000
0000
0000
0000
0000
00F2
0000
0099
0000
0000
0000
0000
0000
0000
0000
0000
0000
0000
00CE
0000
0000
0000
0000
0000
0000
0000
0000
0000
0000
0000
0000
0000
0000
0000
0000
0000
0000
0000
0000
0000
0000
0000
0000
0000
0000
0000
0000
0000
0000
0000
0000
0000
0000
0000
0000
0000
0000
0000
0000
0000
0000
0000
0000
0000
0000
0000
0000
0000
0000
0000
0000
0000
0000
0000
0000
0000
0000
0000
0000
0000
0000
0000
0000
0000
0000
0000
0000
0000
0000
0000
0000
0000
0000
0000
0000
0000
0000
0000
0436
0000
0000
0000
0000
0000
0000
0000
0000
0000
0000
0000
0000
0000
0000
0000
0000
0000
0000
0000
0000
0000
01B1
0000
0000
0000
0128
0000
0000
0000
0000
0000
0000
0000
0000
0000
0000
0000
0000
0000
0000
0000
0000
0000
0000
0000
0000
0000
0000
0000
0000
0000
0000
0000
0000
0000
0000
0000
0000
0127
0000
0000
0000
0000
0000
0000
01DA
0000
0000
0000
0000
0000
0000
0000
0000
0000
0000
0000
0000
0000
0000
0000
0000
0000
000C
00F8
0000
0000
0000
0027
0000
0000
0000
0000
0000
0000
0000
0000
006E
0000
0000
0000
0000
0000
0000
0000
0000
0000
0000
0070
0000
0000
0000
0000
008E
013F
0000
0000
0000
0000
0000
0000
0000
0000
0000
0000
0000
0000
0000
0000
0000
0000
0000
0000
0000
0000
0000
0000
0000
0000
0000
0005
0000
0000
0000
0000
0000
0000
0000
0000
0000
0000
0000
0000
0000
0000
0000
0000
0000
0000
0000
0000
0000
0000
0000
0000
0000
0000
0000
0000
0000
00B0
0000
0000
012C
0000
0000
0000
0000
0000
0000
0000
0000
0000
0000
0000
0000
0253
0000
0000
0000
0000
0000
0000
0000
0000
0000
0000
0000
0000
0000
0000
0000
0000
0000
0000
0000
00FB
0134
0027
0000
0000
0000
0000
0000
0000
0000
0000
0000
0000
0000
0000
0000
0000
0000
0000
0000
0000
0000
0000
0000
0190
0000
0000
0000
0000
0000
0000
0000
0000
0000
0000
0000
0000
0000
0000
0000
0000
0000
0000
0000
0000
0000
0000
0000
0000
0000
0000
0000
0000
0000
0000
0000
0000
0000
0000
0000
007C
0000
0000
0000
0000
0000
0000
0000
0000
01AB
0000
0054
0000
0039
0000
0119
0000
0000
0000
0000
0000
0000
0000
0000
0000
0000
0000
00FA
0000
0000
0000
0000
0000
0000
0000
0000
0000
0000
0000
01BF
0000
0000
0000
0000
0000
0000
0000
0000
0000
0000
0000
0000
0000
0000
0000
0000
0000
0000
0000
00BD
0000
0000
0000
0000
0000
0000
0000
0000
0000
007A
0000
0000
0000
0000
0000
0000
0000
0000
0000
0000
0000
0000
0000
0000
0000
0000
0000
0000
0000
0000
0000
0000
0000
0000
0000
0000
003C
0000
0000
0000
0000
0000
0000
0000
0000
0000
0000
0000
0000
0000
0000
01BC
0000
0000
0000
0000
0034
0120
0000
0000
0000
0000
0000
0000
0000
0000
0000
0000
0000
0000
0000
0000
0000
0000
0000
0000
0000
0000
0000
0000
0000
0000
0000
0000
0000
0000
0000
0000
0000
0000
0000
0000
0000
0000
0000
0000
0000
0000
00CF
0000
0000
0109
0000
0000
0000
0000
0000
0000
0000
0000
0000
0000
0209
0000
0000
0000
0000
0124
0000
0077
0000
0000
0000
0000
0000
0000
0000
0000
0000
0000
0000
0000
0031
0000
0000
0000
0000
0000
0000
0000
0000
0000
0000
0000
0000
0000
0000
0000
0000
0000
0000
0000
0000
0000
0000
00F0
0000
0000
0000
0000
0000
0000
0000
0000
02AB
0000
0000
0000
0000
0000
0000
0000
0000
0000
0000
0000
0000
0000
0000
01EC
0000
0000
0000
0000
0000
0000
0000
0000
0000
0000
0000
0000
0000
0000
0000
0000
0000
0000
0000
0000
0000
0000
0000
00DF
0000
0000
0000
0000
0000
0099
0000
0000
0000
0000
000E
0000
0000
0000
0000
0000
0000
0000
0000
0000
0000
0000
0000
0000
0000
0000
0000
0000
0000
0000
0000
0000
0000
0000
0000
0000
0000
0000
0000
0000
0000
0000
0000
0000
0000
0000
0000
0000
0000
0000
0000
0000
0000
0000
0000
0000
0000
0000
0000
0000
0000
0000
0000
0000
0000
0092
0000
0000
0000
0000
0000
0000
0000
0000
0000
0000
0000
0000
0000
0000
00A1
0000
0000
0000
0000
0000
0000
0000
0000
0000
0000
0000
0000
0000
0000
0000
0000
0000
0000
0168
0000
0000
0000
002B
0000
0000
0000
0000
0000
0000
0000
0000
0000
0000
0000
0000
0000
0000
0000
0000
0000
0000
0000
0000
0000
0000
0000
014A
0000
0000
0000
0000
0001
0000
0000
0000
0000
0000
0000
01FE
0000
0000
0000
0000
0000
0000
0000
0000
0000
0000
0000
0000
0000
0000
0000
0000
0000
0000
0000
0000
0000
0000
0000
0000
0000
0000
0000
0000
0000
0000
0000
0000
0000
0000
0000
0000
0000
0000
0000
0000
0000
0000
0000
0000
0000
0000
0000
0000
0000
0000
0000
0000
009D
0000
0000
0000
0000
0000
0000
0000
0000
0000
0000
0000
0000
0000
0000
0205
0000
0000
0000
0000
0000
00C5
0000
0050
0000
0000
0014
0000
0000
0000
0000
0000
0000
0000
0000
0000
0000
0000
0000
0000
0000
0000
01BC
0000
0000
0000
000C
0000
0000
0000
0000
0000
0000
0000
0000
0000
0000
0000
0000
0000
0059
0000
0000
0000
0000
0000
0000
0000
0000
0097
0000
0000
0000
0000
0000
0000
0000
0099
0000
0000
0000
0000
0000
0017
0000
0000
0000
0000
0000
0000
0000
0000
0000
0000
0000
0000
0000
0000
0000
0000
0000
0000
0000
0000
0000
0000
0000
0000
0137
0000
0000
0000
0000
0000
0000
0000
0000
0000
0000
0000
0000
0000
0000
0000
0000
0000
0000
0000
0000
0000
0000
0000
0000
0000
01DF
0000
0000
0000
0000
0264
0000
0000
0000
0000
0000
0000
0000
0000
0000
0000
0000
0000
0000
0000
0000
0000
0000
0000
0000
0000
0000
0000
0000
0000
0000
0000
0000
0000
0000
0000
0000
0000
0000
0000
0000
0170
0000
0000
0000
0000
0000
0000
0000
0000
0000
0000
0000
0000
0000
0000
0000
0000
0000
0000
0000
0000
0000
0000
0000
0000
0000
0000
0000
0000
0000
0000
0000
0000
0000
0000
0000
0000
0000
0000
0000
0000
0000
0000
0066
0000
0000
0000
0000
0000
0000
02DA
0000
0000
0000
0000
0000
0000
0000
0000
0000
0000
0000
0000
0000
0000
0000
0000
0000
0000
0000
0000
0000
0000
0000
0000
0000
0000
0000
0000
0000
0000
0000
0000
0000
0236
0000
0000
0000
0000
0000
0000
0000
0000
0000
0000
0000
0000
0000
0000
0000
0000
0000
0000
005E
0000
0000
0000
0000
0000
0000
0000
0000
0000
0000
0000
0000
0000
0000
0000
0000
0000
0000
0000
0000
0000
0000
0000
0000
00BA
0000
0000
0000
0000
0000
0000
0000
0000
0000
0000
0000
0000
017B
0000
0000
0000
0000
0000
0000
0000
0000
0000
0000
0000
0000
0000
0196
0000
0000
0000
0000
00D8
0000
0000
0000
0000
0000
0000
0000
0000
0000
0000
0000
0000
0000
0000
0000
0000
0000
0000
0000
0000
0000
0000
0000
0000
0000
0000
0000
0000
0000
0082
0000
0000
0000
004D
00C6
0000
0000
0000
0000
0000
0000
0000
0000
0000
0000
0000
02ED
0000
0000
0000
0000
0000
0085
0000
0000
0000
0000
0000
0000
0000
0000
0000
0000
0000
0000
0000
0000
0056
0000
0000
0000
0000
0000
0000
0000
0000
0000
0000
0000
0000
0000
00F9
0000
0000
0000
0000
0000
0000
0000
0068
0000
0000
0000
0000
0000
016A
0000
0000
0000
0000
0000
0000
0000
0000
0000
0000
0000
0000
001D
0000
0000
0000
0000
0000
0000
0000
0000
0000
0000
0000
0000
0000
0000
0000
0000
0000
0000
0000
0000
0000
0000
0000
0000
0000
00CA
0000
0000
01C6
0000
0000
0000
0000
0000
0000
0000
0000
0076
0000
0000
0000
0000
0000
0000
0000
0000
0000
0000
0000
0000
0000
0000
0000
0000
0000
0000
0000
0131
0000
0000
0000
0000
0000
0000
0000
0000
0000
0000
0000
0000
0000
0000
0000
0000
0000
0000
0000
003E
0000
0000
0000
0000
0000
0000
0000
0000
0000
0000
0000
0000
0000
0000
0000
0000
0000
0000
0000
0000
0000
0000
0000
0000
0000
0000
0000
0000
0145
0000
0000
00B7
0000
0000
0000
0000
0000
0047
0000
0000
0000
0248
0000
0000
0000
0000
0000
0000
0000
009F
0000
0000
0000
0000
0000
0000
0000
0000
0000
0000
0000
0000
0017
0000
0000
0000
0000
0000
0152
0000
0000
0000
0000
0000
0000
0000
0000
0000
0000
0000
0000
00C7
0009
0000
0000
0000
0000
0000
0036
0000
0000
0164
0000
017D
0151
0120
0000
00AD
0000
0000
0000
0000
0000
0000
0000
0000
0000
0000
0000
0000
0000
0000
0000
0000
0000
0000
0083
0000
0020
002B
0000
0000
0000
0000
0000
0000
0050
0000
00E8
0000
0000
0000
0000
0000
0000
0000
0000
0000
0000
0000
0000
0000
0000
0000
0000
0000
0000
0000
0000
0000
0000
0000
0000
0000
0000
0000
0000
0000
0000
0000
0000
0000
0000
0000
0000
0000
0000
0000
0000
0000
0000
0000
0000
0000
0000
0000
0000
0000
0000
0000
0000
0000
0000
0000
0000
0000
0000
0000
0000
0000
0000
0000
0000
0000
0000
0000
0000
0000
0000
0000
0000
0000
0000
0000
0000
0000
0000
0000
0000
0000
0000
0000
0000
0000
0000
0000
0000
0000
0000
0000
0000
0000
0000
0000
0000
0000
0000
0000
0000
0000
0000
0000
010E
0000
0000
0000
0000
0000
0000
0000
0000
0000
0000
0000
0000
0000
0023
0000
0000
0000
0000
0000
0000
0000
0000
0000
0000
0000
0000
0000
0165
05F8
04C9
0636
0588
0845
05FC
0847
0582
05DB
09CC
054B
074C
0450
00FD
05A5
0332
05EC
028A
03B8
0205
03AE
0454
06EA
05B1
08F8
0468
076A
0573
0486
041D
0320
04E7
01E4
0621
01FB
058F
0481
049E
0504
053B
06C3
04DF
0811
05F7
0458
0575
0502
0654
0246
05E0
06A7
04EC
04FF
0500
0545
058A
050D
0567
0721
0706
065E
084F
05EF
071E
05EB
0366
0683
067E
07EC
0663
06F9
07A2
0A2E
06DC
05FD
022D
039F
0395
0570
035E
072A
04BC
05AE
07BF
0AC5
0753
06DE
0A19
0694
07CA
0951
07DC
08C8
08D6
04FD
0731
0246
05C3
0389
0697
05FB
0530
0797
0A08
06B6
043B
0838
03B1
0487
03B7
07AE
078A
07CA
0AFB
0946
05B9
081C
0962
0C03
0876
0995
0813
09BD
0575
081B
0AEF
087A
0452
055C
0424
08E3
083E
0876
0796
081B
0BB1
06E4
03B0
0716
07F0
0820
0795
0660
03E8
07E8
0961
09F4
081A
09F6
07B1
0A04
0B99
08D3
0934
0977
096D
09C1
02DB
0419
0596
0366
0345
04BE
064C
0617
054D
06E9
08AA
0734
03E9
06AD
0804
06D0
04BE
0A70
079F
046D
0AFB
0AD1
052B
0897
0C05
09A7
074C
0AD7
0A05
0934
0832
0A24
06A1
02E3
02B7
07A8
0591
09C3
04CB
09F4
07B3
053C
06EE
05BB
098D
0B81
0789
0957
04B5
093F
09B9
0C96
07CA
07F9
07DF
0C13
085D
0B31
0860
07F8
091D
0506
08C8
0665
0263
059D
0449
0804
0361
0619
06D5
06E9
061C
04BC
06CE
045B
0633
0929
08CB
037C
04CC
06B1
05C1
0390
091A
0928
081F
063A
064E
0A49
084D
0AF3
07A8
09C5
0615
06F9
05BE
04D9
047F
04DF
020A
0758
07E2
09CE
0822
07E7
0A71
076E
09E1
0A5B
051C
0C15
0A57
0BDD
048C
078E
045E
06D6
0872
0BCD
072B
0AD7
087D
09A4
0C21
0A4B
0BCC
09D0
064A
088F
070A
078E
05B5
08E4
0A6B
084E
0883
0865
0718
084F
08FA
083B
0A7A
054F
0B54
098D
05CD
0667
0AE4
058E
076C
0A38
0927
0877
04F3
0797
0781
0544
06CC
08FC
094F
0671
05D9
0807
055E
0B43
08FD
090D
07C4
074F
09EC
08D7
0804
069D
07DE
0AB6
06EA
07A2
05B2
09FA
082B
0887
074A
09A2
04E7
0CB9
0702
09E4
083E
0B0D
0B06
08DA
0890
08B4
0B09
0905
0663
0800
0B0D
06CD
0410
04BE
06CC
0BDE
06BC
0502
0AD2
0547
0631
07E2
0354
02F0
085A
074A
071C
014A
07CE
0762
024A
072D
04B7
0369
03EB
0935
06EA
05F1
04FA
038E
03D9
03A2
04E5
065A
0893
0503
09CA
0249
069E
060E
0261
0606
06D2
09C9
06A2
0A9A
04CD
03D4
0750
07A9
0769
0CEE
0637
095C
0697
04A4
08EE
0AC1
0E65
0968
0AEE
08B0
0ABC
0ADB
08C5
06B4
07C4
0ACA
084F
0728
0597
07E8
095F
0548
09EB
06B6
04CE
0AAF
077A
054B
070E
0253
04BC
07C8
053F
051F
0570
049E
07A4
098E
0969
09FB
049E
0403
05EB
0666
069B
07C1
01D2
021E
03CA
02DD
0A30
0514
06B4
0733
0471
06E5
0262
06FE
07A4
0BC4
0C64
08FE
0B74
0CAC
0956
09F7
0804
0995
0B9F
0490
09C2
0656
08F8
0669
0AD3
08FF
08A5
08D7
080D
055A
0729
0828
0810
0A78
0AC7
07A0
0C3F
0EA4
081A
0BAA
06BF
0871
0765
0769
07F8
06A4
0457
03F0
0700
07DB
0A5F
0A83
07DF
059A
03EF
0738
05D2
0444
02BE
0498
01F9
05B5
084E
0801
09DD
05E9
0773
09EE
07C3
07BE
05F9
0984
093A
07C6
047C
04C4
0682
0796
0A97
0A0A
09E4
08FC
053E
0376
09D4
0436
0770
09B9
06F7
0891
0992
0885
0856
0794
0811
076D
05F5
0651
0801
080B
08B2
0BF8
06F7
0B48
030C
067C
03F1
065C
09CF
0A09
075D
086F
0C13
0A9A
0C29
0684
0856
06A8
0221
05C0
0855
0541
07C2
06D6
05A9
0994
09C4
07EC
07AE
0940
09E9
0828
0B1A
0872
09AB
05C3
03DF
06DD
0562
077A
082C
0845
0B00
0835
09A1
0746
06DE
082B
08E7
0473
0669
05F4
0A38
0723
07B3
0634
073C
0608
07C2
070B
02E1
0978
07FA
05F6
0704
07E5
0415
060B
05B8
059A
079D
0638
06BD
0A55
0B65
09C1
07A4
03F7
063A
03BF
08C0
06EE
031B
03F2
0203
0185
0769
06A8
06A6
0B0E
08C1
08BB
0929
0949
088B
0A08
09F3
05C4
0777
05EE
06AC
0AD4
068D
09A0
077D
0845
0650
0410
0776
0842
06F0
0AB6
0A20
09FE
090D
0838
070B
08A5
090D
0A0E
0B30
071B
04D3
04E3
03B9
087B
0782
060B
0970
0674
0738
07C9
0823
0A7D
0809
07E6
0A68
09D6
059D
070E
0807
0A54
0550
0633
0AD8
04B7
051E
0594
04CD
0953
0AB3
05D0
0AD0
06A6
0824
08D6
0624
091E
0734
08A6
08AA
0825
0A0B
0779
0AA7
0DC3
05BF
0D2C
0509
0A3F
0646
0837
0819
09D2
0B79
0E61
09FC
07B3
0541
087C
0865
0849
0BC6
0A5E
0916
0679
05A2
05B7
0853
073D
0821
0883
07AB
0461
0B9D
09EA
095B
087F
0901
084A
0614
05C5
0472
096C
06B4
0873
0310
085A
0838
07CC
03EE
09ED
066C
06F2
0981
0217
0695
0886
09CF
0665
05EF
063E
0710
0982
0863
0AD1
0A08
0A51
08C6
0970
033B
09A2
05AC
0E55
08F4
0BAE
0ACD
0C24
0AC0
0A7B
062C
0673
0602
0831
085F
08B5
0C62
09E4
0B58
0734
0763
0705
0463
01EC
040E
071A
07F3
06C0
0ABB
0574
06D8
0A59
0A11
0523
0549
092A
03FB
0692
08D6
0613
0446
07BE
07A7
06F5
0481
0680
03C9
0943
064F
04BC
0A23
07EB
0522
05E1
05D3
0A6F
0BF6
08DE
056E
09CD
0796
0899
0764
0845
05D8
086A
0829
0A3B
05CE
0980
05E1
08D6
065B
04B8
05C3
03BD
0848
06DE
055D
0818
0BBC
05EF
094E
02AC
03D1
063A
083E
0585
08B0
0A05
076F
06E6
0CA8
0625
074F
08FF
032D
061C
08E6
06B9
0233
098C
0893
0795
038E
0957
07DB
0709
03D4
0553
0294
0667
0801
089F
0A62
0756
09EA
0D2B
0AE8
09F4
07BC
03B2
05F0
06FE
0422
06BA
03D5
08ED
08BF
0986
076E
0768
0729
0AFE
03E3
0930
0A35
0818
0ADE
066B
0832
060C
09F3
0839
067A
06D7
0719
07D2
0AF3
08B6
07EC
04C4
065D
0621
0484
072F
0A7A
0868
0802
09E9
0748
0B23
0888
0713
06F4
09D1
0576
07F2
06C0
0B37
08BB
08F9
06EC
06AC
0765
0866
09AE
0A40
0649
051C
05D8
0945
06C0
064D
0ADA
07AA
09E0
04E7
0961
0BA5
0D52
0CF9
096E
097F
05B3
07E7
083F
0721
04C6
0B1B
0A9F
073F
04A5
0443
09C7
07FD
06EA
076E
06AB
07F4
0A02
07AA
089B
0A22
0971
08A5
0908
08C7
0804
07C1
07F7
08F1
06C5
073A
05D9
06A3
0ADA
07A3
09AD
08B6
07BD
0992
076C
0919
0687
067B
02A6
01EB
0703
0989
048F
0835
054B
0587
0993
0B5A
08E6
06F2
0911
0444
06BC
065F
0C60
04C0
06F5
0738
02EA
079C
07B1
0D06
0A81
0AE7
091A
0CD7
05CA
06D9
0582
0906
08A4
0521
05F9
07C0
0768
0AAA
09B8
09A2
0A3F
0B97
097A
0965
060A
0928
043C
064A
0837
061E
0751
060A
063C
0A98
08B4
06F1
09A8
090C
0490
0A13
064A
0990
05FB
0A57
03A8
0789
0996
0600
07DE
0C1E
07CB
04B8
04F8
083F
0612
01AD
082C
074E
0AA5
055F
0AC7
0742
06D0
0694
0B09
0CD5
07F9
0D1F
0917
0584
0568
07A3
08B0
0788
07DD
0837
04A3
060D
0AC1
0A19
0911
0962
09DE
0826
08EF
088E
060C
08F9
0967
0C90
0921
07F7
0662
05BB
086D
0869
0566
0747
0899
07E0
0AFF
0635
040C
06CD
035F
0931
059A
0537
03D3
0122
0529
06A4
05C2
0955
058D
0651
0758
06EB
0899
0678
0B60
0A6F
0784
079C
076F
07B1
0789
06AF
05F4
08E5
055B
08FC
04E0
0450
053A
0709
08CE
03C6
0571
0815
09E2
0854
086F
068B
0AFF
0A87
0929
0785
06BF
0A56
08F7
0A06
0AD2
0B72
057C
092A
079C
088D
098A
073F
0522
0783
0702
05FD
06F9
06A5
06BC
08E3
0873
0AB3
06FB
08ED
04F7
0495
07DA
088C
05B5
0836
0699
04ED
0802
07CB
0896
04F8
09EE
08A4
0539
094D
08D2
076C
09FB
0744
07C0
08DE
05D3
0AF3
05BF
06A4
04C2
02A4
0553
0726
0D8A
09D8
0A24
0794
08BF
07D9
0B77
066B
0706
005A
07D8
05CE
07A3
079D
0760
0638
05E9
08A3
078A
0523
0737
0655
0739
09AD
06FA
07E6
099E
0AFE
0987
09B3
0AF6
08C6
06A0
08D9
031F
0336
04C2
0457
05CF
0528
08CF
05C6
06BE
01D3
067B
0610
0886
0A7D
0578
08E9
0638
07F0
0827
0704
06ED
0AB3
0560
07A9
077D
0856
0766
0C89
0FC4
096D
05C5
0577
05B1
093C
08D3
05FF
0976
0149
0854
06AE
0CEC
08BA
0784
0490
0976
0720
07F1
06B1
0796
04BA
0C0A
0CDD
0A57
08FF
066A
0676
061A
08A7
0815
07AF
09D4
08A1
0719
05DD
044E
0470
070A
0619
06F9
057A
0776
031A
061C
06C5
099A
05EC
092B
0868
02E1
0939
0572
0983
0937
0993
063A
0B79
0787
05B0
07D6
0A8F
0521
053A
00C6
03A4
040B
09AF
0976
081D
03A8
021A
09BB
03C2
0BA1
06C4
0866
0630
040C
05A2
0A97
0523
07A5
03AF
0C1A
06A1
0DA2
0857
06D9
0563
044F
05E6
0554
074E
055F
0738
0584
06A8
06E4
0791
045C
0436
05A6
0578
0784
0732
0A95
0649
0896
07B6
07D8
0168
05F8
05D0
0529
0989
0560
081C
0915
05C5
05DB
0BCC
060A
05A1
06D5
072B
0526
0785
087F
08B3
067F
0507
0611
08CD
0607
0A10
09A5
0549
0AEF
068A
0766
0947
0B02
0791
096D
050C
071F
0816
09F4
05D9
0826
0094
06A3
05E5
0607
0AD5
0728
0637
0434
06A8
08F3
0A65
0806
06FB
0260
059A
0959
0446
096D
07FD
0707
0758
05A3
04C9
081C
0579
08E9
09E3
0903
096C
0800
0872
081A
082E
090C
0AC2
075E
0616
090A
0A6F
088F
086E
0959
06CC
02B1
07D6
0B1C
0C34
0606
08AA
0447
079B
0A0F
0796
0B84
0D31
0950
0767
09E5
0751
0576
07D8
07E1
05A9
07C6
089B
07C7
0962
0759
0AB2
02DA
02DA
0622
0875
080C
082A
028F
03D6
0316
052C
04E3
04F2
05E7
0531
0644
0476
0533
0899
0AF4
077D
06A8
0700
0535
07B0
0727
0934
0816
0723
05E3
0675
0974
09D2
084B
0638
05FF
047F
07BE
08CA
08AC
09B4
0805
069C
05EA
0F40
077C
0964
0B4D
078E
0964
0A0F
07E0
0660
0754
0806
0961
09D3
08DC
0BBC
08F5
06FD
0856
09E1
0884
09E2
06D0
09D7
0D96
0785
0501
0A5C
0A10
0A25
068C
0494
0621
035B
0A7F
01DC
061C
0798
0823
0401
06A4
03C3
041E
033C
02E3
0815
07F6
081A
05F1
08D6
085E
0968
0690
0438
042D
0605
05B4
06C4
078B
05B9
043D
0868
07D5
0B22
085E
082D
07DC
073E
0536
02E1
05C4
061C
0927
06C5
07C9
064B
0499
04E3
03E6
056C
04A6
04BC
0844
0736
046C
0751
0818
0744
0699
083B
0A4E
0C0C
0666
09CB
032F
051D
0587
0542
0831
0713
0656
0767
04F9
0481
07CE
0324
00EE
05B6
06CE
082C
07E0
0861
0719
0696
07C7
0529
06F9
0722
082F
04EB
0481
04B4
0505
0535
0A22
07D2
07E1
04EC
0671
0694
0764
08E4
0900
0663
09C4
04D3
04F7
02D6
0700
030A
05AB
0731
08C8
06D5
08F9
087C
0951
0928
05BD
066E
0792
07FA
0C8C
076F
0813
0358
03A3
06FD
041D
07C6
0533
08CF
096E
0740
08F4
09D1
086A
0713
05F7
0685
05D7
060E
044C
0762
06C3
03FE
0559
0971
05F9
07E3
0760
0620
0513
0610
0A22
076B
06A8
0403
06E7
06C2
06F3
03DB
05F2
05E8
07FB
0A4C
0A9D
0944
0ACC
0549
0529
061E
050B
0851
0864
0494
05F2
072C
0A1F
043C
0798
06DF
04B5
0648
0D4B
07FD
05BB
033B
0A61
06ED
07CF
0A40
020C
0705
06ED
0A24
0917
08BB
0587
092E
0AFE
08B6
0955
0870
0A6A
08F8
0B6D
09AB
05EB
05AB
0773
09A5
07E3
0907
0777
0923
0D7C
09D7
079B
07C1
03A3
08A2
08C0
0647
09A7
0630
0737
086D
0A6A
0831
0934
08CE
0AD6
0465
05E9
0313
0716
06A7
0881
09FA
08C5
0474
053F
05CD
0B7B
0A14
0757
049D
0BF9
060F
083C
08A8
0B62
05A2
05DD
059F
031D
07EA
06D7
07F2
06D2
09C0
05BE
0A01
05A5
0834
0B26
0873
0A68
0AB0
06E4
0853
044C
09C7
0603
0834
0704
08DF
0710
0618
0479
016E
0672
06D8
0597
07ED
06F5
0865
0AEB
097B
0B5B
0B8F
096E
0974
08B5
0873
06FF
03CB
0792
0687
0A5F
0988
09CA
0607
0482
05F9
0904
08C0
070F
0354
0604
0204
0BB8
062F
0906
0753
08BA
03B5
06C4
04D2
033C
053B
0630
063F
0530
0850
0000
0751
0242
08C9
08B9
08E5
0B69
062B
0874
0A60
04DA
04CD
0680
0ACA
090D
0B8F
0865
06B6
093E
06ED
090B
0780
06C2
0A9D
0872
0B32
0ADE
0961
09A2
0886
0486
070F
0707
071A
0487
060B
07CD
08F5
099A
08B7
053D
0695
09BE
0981
0914
06D9
0841
04DC
07BE
0465
0985
0327
05DC
074E
0710
0644
064B
05FC
0374
072D
0621
0235
07B7
04EE
002A
0922
0365
0851
0449
0732
064E
084D
06CF
091F
0479
0BCC
095E
0981
0756
09E0
081C
0528
0741
07DD
07C8
0726
049F
0A36
0509
04D3
077D
0402
0711
096A
0B5E
0831
05C8
0737
0744
0BE5
0A19
090F
0759
08B9
0826
0A24
0893
0882
0862
0E5C
09D2
0A24
09C8
07B9
090C
059A
0658
06F4
04CC
059E
06FE
0442
0334
036D
02A5
015A
06EC
03F6
05E9
090C
0698
0785
06EB
0C25
0453
0659
0589
0619
04C9
06EB
0565
06BC
07C1
05E7
0847
0946
06DC
08BE
07A4
05BF
065B
041C
05E4
0682
057C
0509
078C
065C
0470
0616
0688
0B9A
0927
0BED
067D
0A91
079A
08F4
0590
099D
0770
098A
06E2
0774
04D2
07EE
05D0
04A5
03FE
0402
008A
0663
03B3
07C8
06E9
0A98
06E0
0300
01AB
068B
095C
04AE
0A95
078A
08CF
0ADC
0356
08DF
053B
09AB
0772
072F
086E
0731
0C37
064D
0619
0536
07A8
074A
07E6
07F8
00A0
036F
0636
0716
0772
070D
052A
034E
06F9
06DC
07A7
0A65
0BE8
0CAC
0A89
0A8F
07DC
0474
040F
0763
0653
0C19
0821
089E
03D0
06F0
04F2
053C
0540
0281
05AE
06FB
0658
0B31
090D
0BB7
0806
05C9
0115
04FD
037C
04E1
05E6
04BD
06D6
08F4
0898
046C
07C3
08EF
072C
0987
0860
05C2
0628
04F5
0444
03BD
03C1
0508
08FE
0648
024C
0944
09AC
07B2
059B
07B8
0559
062F
06F3
0736
0814
079E
061E
07A0
038B
06D1
0685
05B2
054E
0936
09BF
07EB
073B
090A
0862
0C79
09FF
0B0D
0AF4
07A6
04DA
0438
09B8
05B1
090E
0C39
07DD
0651
0393
07F1
0269
0445
0667
089A
0870
0871
0AE1
07D8
07D9
054D
05B3
0877
07E3
08E0
0A50
0837
0A3C
07E6
081B
0921
09B9
06B4
0871
05D2
06FB
0847
0489
061D
0543
05D9
04FF
083E
05CE
05CD
05FD
062F
06AC
0ABF
0876
0A96
0964
09D7
079B
07B7
06EC
0743
08EA
0A84
0B73
08F4
089A
07C6
0696
05D4
0758
031E
0876
072E
0996
07DC
044B
070C
05D3
0534
037A
073E
06A7
0913
0646
075A
07A0
06F6
05BC
0767
0819
0A3E
08B6
0B9A
0996
09CF
099F
09E5
0917
0A0D
051F
07C1
08A8
07D5
0A94
0897
0526
08F4
0C72
0BF0
075E
0778
0941
078A
08D5
0634
0944
064B
06BE
060C
01A8
026F
062E
038E
0965
0A68
0973
04D0
05F8
0567
0687
0B43
0A3E
0880
0B5C
0A78
0A39
085F
087C
074E
072A
05FD
07F2
0774
0355
03C8
06D9
06AE
05B5
0937
0357
07DD
057F
03E6
074E
0631
063D
05F6
0593
09A5
088E
093F
0989
0BFF
0C4B
0D04
0ADD
068A
0327
08D3
0ACF
09ED
083A
09B5
0710
0752
0418
05D8
0709
0219
0651
0276
039A
073B
0584
076D
0931
09DB
0B40
063B
066C
05F0
08EB
062B
0914
06AF
0A2E
076F
09A2
0880
0E0D
0B87
0D51
0AE6
0AE8
0466
0781
059B
0299
0187
0798
03A2
06A1
09A5
0747
0A14
0792
0784
054B
08AD
07A4
06AF
0663
0723
072C
096C
078B
098F
07FE
0793
05FB
07D8
07C1
0B5A
0637
0798
095E
0699
00BC
05B4
0650
06E6
0929
0305
0940
0821
06E8
056A
0767
061D
070E
07B6
0777
07E9
0A94
0967
099E
0794
0936
0770
067C
06BD
06E3
0563
0CDE
09CE
0960
06A0
04FD
0173
0581
02C8
022F
02EB
07B4
046D
0988
07BB
06C2
09A0
0936
07A2
0982
0C05
0604
0456
0785
0585
08E2
0A79
093E
0B7E
08F7
0B76
08B2
0C43
0B28
082E
08A1
0743
042F
0767
0578
0902
0657
068A
075F
044B
05C6
04A3
0425
0819
092C
08FA
0B87
0B77
0798
08C6
0632
05B7
0724
08D1
0766
02FF
06EA
06F3
06E2
0B06
0B49
0410
07BE
05B6
066F
055F
08A1
0661
04B3
03E3
0813
09B2
0BA6
0BBE
0B64
0CE1
0B27
09E9
0A3D
084C
08D7
0894
0CCA
0B86
0DDC
07FA
0772
0846
091A
0953
0810
0959
070C
08DE
09D6
06DE
0695
09F5
068F
0922
0362
079F
097D
0566
0A38
07E4
08DE
0B35
080C
0702
07ED
07CA
0631
0865
0815
0325
0431
03CC
0690
047E
063D
07E1
0215
060E
0794
03D1
063E
051D
06C4
08E9
08E6
0501
0227
04A0
0B16
0BE2
0C02
08C3
0743
06AB
06C1
03F7
04AB
07B7
09A5
0635
0B6A
043A
05F8
03C3
064E
0600
0650
08DD
04F9
0934
0715
099C
0997
07AD
09F5
08DB
02EA
08AA
0619
098C
0943
05F6
0772
0545
04C3
0733
04F2
073A
0910
0AD1
07F2
080E
026B
00C0
0645
0401
08B6
0629
0826
06BD
047F
0A46
08A5
06A1
0A41
0939
05F0
034B
039A
042F
05AE
05AC
0900
0939
0AC9
08D5
0843
0774
0BA3
093C
0828
0843
048F
0511
0698
03F2
0BE7
0897
08F3
0825
08B6
0970
07CA
0A27
06C4
0658
0B2D
06EA
056F
0A47
08D6
0A88
0616
07FA
0624
090D
0879
072C
07F4
0854
07A5
07E0
08DB
06C0
06B4
04BC
04E7
02A6
0A8A
079B
08A4
05E9
0CE7
0949
071A
0DE0
08F5
09CC
0980
0345
0511
0491
0556
06D0
028B
0315
07D0
0505
04CB
03D5
0654
01CD
080F
062B
0661
05A3
062A
0680
0913
06AB
0730
05E7
077E
0957
0802
0B58
0776
06C1
05F1
092F
0A7A
0456
064D
0660
05C3
0599
0719
0B99
0C5E
08E5
06DA
07AD
084B
0592
07A1
07C0
0B57
034C
05C3
05A3
098A
081C
0A14
0512
0A89
090C
073F
0861
0357
0A56
06F3
09B2
061C
0530
066F
0A40
07B9
057F
04CA
0195
0455
04EB
03DF
0669
0481
06BF
0A4D
04AF
0A4A
0B01
0982
0B14
0A06
07A3
08A6
0980
0A89
06E4
03F1
097E
0AC0
0938
0631
0754
0764
0461
062A
067D
0572
0744
07B6
08A9
06BC
07AF
05C1
07BC
0839
0735
0B8A
06E5
0704
0650
0BE4
0758
07EE
093F
089F
0782
043B
094E
073C
07C5
04EE
08E5
0593
08A8
060D
0739
0820
087D
05EF
06AD
04FD
07DE
0453
073F
0654
099F
069E
097E
0879
0914
0AA8
0B6A
083B
0CBA
0809
0894
0719
03D6
0387
061A
066B
0BE0
06FF
053E
052E
0790
0C02
02ED
0309
08AB
09EB
0857
0914
0A66
078F
08C2
0A1A
0AC9
0923
0812
05EE
061D
065F
093A
097B
0722
0D2C
0B3A
0A4A
083A
076F
0A91
05AF
076D
0853
07BC
0426
09DA
06E4
0706
059E
0859
07DC
0817
058A
053D
06EB
0B3E
08A5
0A35
093C
0AAA
0949
0946
0BB6
0968
0735
0C0F
0AA6
07F2
03B2
0779
063F
062F
03FF
0855
075B
078D
06AE
08C3
0348
0439
044F
098A
0683
0A83
091D
08E0
094E
077A
0201
0564
06C1
043A
0736
06B7
0851
0AFC
08C3
0888
0C23
0A60
08A3
0BA4
0973
0B0A
0873
0C2B
095C
0836
09DF
0892
067C
08F2
06CF
08E6
08BA
02FE
0245
06EA
079A
0D7A
0A56
08F9
0B65
0B60
06DA
05CA
0B52
0ABF
0798
0B69
0846
08E5
08BA
09A7
0858
03FD
0330
067A
08C1
053D
02EB
0A98
05FA
07AF
05F0
098A
06CA
0C64
095A
0788
03E0
0912
07DB
0962
0981
0696
08B4
0534
056A
090B
07D9
04DB
0A4F
0A48
05AE
05A0
0440
0905
05D8
0827
0631
06E0
0561
08DF
0538
0654
0668
0492
061E
024A
0650
098D
0812
0C19
0B6C
0B76
0CD5
07AB
0A33
0C30
08A9
08E9
0752
0925
0891
093B
087A
07C8
069D
06B2
05B9
072D
079E
044E
0A97
0A34
084C
083F
086E
0A92
0A33
0AE4
0579
0825
078B
0AF0
07CA
0998
07D9
05CD
0565
01E4
0547
0789
0625
0445
08AC
0673
023E
0775
01DF
098F
0502
09F4
091C
0A02
04B0
060B
05FB
0883
06EA
0862
09D3
0666
04A7
04EC
07DF
0A5F
080D
0791
0A9D
07D3
076A
03EC
0676
09E4
0694
0A47
06DC
062C
05B4
09D1
09C2
076C
0475
08D4
0734
0664
0680
079D
056E
0B76
0B06
078B
0651
0E4E
078B
07E4
0847
0891
06ED
0C19
0A97
0683
09EC
070B
09BA
0B72
0922
058A
090E
0358
0000
0728
03A0
09C4
040E
08FE
045C
0602
079F
0AA9
067B
03E9
0645
08A1
09E3
06CE
05E9
02D3
0505
02E5
04FB
0848
0673
0565
09C9
088B
0C02
0C5D
0A39
09FE
06DE
070E
0710
073F
05B1
0720
0562
0A9C
06FE
087F
06E8
0A2A
05C3
077F
06F9
06F1
0625
06BA
0512
080D
077C
08E2
0772
073C
08CD
03E2
0904
0495
05E5
07D1
0665
010F
092B
060F
055D
0D8B
066C
0982
057B
082A
07D6
09FE
05F4
081B
02BE
03F1
0A16
09E6
0723
0968
059F
04B2
075A
08CD
0477
05A4
046D
025F
09A9
0858
06D9
0A45
0601
06D9
0835
08E6
0A70
081F
0A8D
0B56
0834
0C17
0530
07B5
056A
0754
0700
088C
087B
05DD
09BF
0626
0991
0712
07BE
089C
084C
048E
0A82
07CC
0BF5
07E3
0AA4
0A45
0754
06A0
0D43
06B7
0835
0B2C
06BB
09C9
05C7
09BC
07BE
069A
056D
070E
098B
0AA7
07A3
0793
03D6
08AB
0275
0701
06EA
04AC
05E7
06E5
0489
07DE
09A2
0627
0788
080D
0898
096C
0C1C
0968
0ABB
05F4
0B7F
0791
09DD
0A86
071D
0AAB
0711
08EB
05EC
0B46
08A6
0416
07D7
04AE
0542
0701
0450
0541
0800
06B6
0C36
0682
091D
073D
0992
07BA
0609
0758
0B78
07D3
0A45
0B88
0A66
091E
07E1
0798
0660
064D
07F4
0B13
09B5
06C5
06FF
0848
0759
079F
030B
08C0
0538
087B
0C3A
0B6B
0647
0BA9
0986
0A66
095D
08D4
08D2
0BF3
0925
055B
0931
066B
07CF
0869
06BE
0A45
0635
08A6
07C0
0C68
0B67
06A8
0801
08DC
0985
06DE
07E0
0781
05A0
066F
0800
0564
078E
0577
0925
0BC3
09EF
0ADC
0827
0B0D
09D3
07D8
07DB
06FB
0B7B
0785
07B1
0743
04CE
078C
0A03
07AC
0614
089F
091B
0C36
03E1
0802
04CF
0537
05CF
098D
0A27
0AAF
0716
0B49
09B4
0795
0734
06E6
06F0
052C
064E
058A
06D8
0519
07FF
0961
03DC
0A3D
087C
0C38
0B8D
0822
08CC
0961
0AEE
06FD
06FF
08BF
078A
078A
0359
0760
04BF
050A
044B
0AC8
04AD
0723
05DD
0867
0644
096E
0747
07D9
077A
0812
0B15
0607
0A0F
0BC2
07F7
0873
0A1F
07A8
0A3F
0C66
03F7
0557
06E9
0A44
04FB
0936
0590
041B
0A17
07FC
05B0
09BA
04E9
0634
0747
01BE
06B9
038F
03F3
0939
0826
07D1
081B
0609
0463
0A3D
083C
0671
0574
098D
0C27
083B
0B25
08E1
0A77
08B9
046E
088F
04FB
073E
0BA6
0A79
0989
06F3
045D
0B04
0AFF
0A07
084D
09A0
05DD
06D6
06B7
0896
091F
0757
0A3B
02ED
0641
0919
0A08
08EC
0903
064C
06AC
0A20
0922
072F
039C
04DD
037A
03F0
087C
0509
0583
0D25
074D
0725
058E
03B7
05F5
07F4
083E
09ED
064A
058F
057D
059A
0645
0AEF
06CB
091E
09AA
0A54
08B9
0348
0910
0530
045F
0777
033F
083D
0774
071B
08E7
0456
062B
09FC
0620
0AE3
0865
06B0
040B
0639
02CC
0767
099B
0B4F
0BFD
0829
075C
075A
0C0D
0C4C
0AFD
05C6
066C
0820
069A
074E
04C0
07E4
03E9
0805
047A
0966
07E2
05B6
06A8
07A3
060E
04CA
0424
0B4A
0AED
0833
09AA
05EF
0335
09CA
09F3
0A8C
0847
0C4A
0910
0A3A
070F
052D
01DE
05CF
079E
03E8
0668
0A49
042C
07CA
0682
0685
05F7
040F
07FE
0A3B
0699
09FE
05D0
062A
0791
04EB
063B
0AFF
0DCF
0C1A
0B27
0991
08EB
0A3B
0932
0724
06CB
065F
08FF
05F9
0719
098E
08C3
07C8
054A
097F
04E2
0A4A
0776
0617
0862
097C
0755
05D6
0A95
0870
0614
0598
05BC
087E
0611
0818
0626
04B1
0570
07EF
0651
06E2
0070
056F
022D
08D4
0921
074E
07E1
080A
03C7
0B0C
0511
0708
07CF
0706
0807
0327
041F
0687
054E
0450
05BC
0852
087A
08BB
0C09
06E1
084F
07E2
0547
0632
08FC
0A10
0BBA
0686
08DE
057E
0A0F
069E
07BE
052C
01F4
053D
07D2
0B31
0793
07C7
04C5
05CC
04E4
01B9
0664
0650
0578
08F0
08F2
0872
07A2
0570
04E3
037C
0860
0A0A
057C
0857
08DF
07B8
054E
0A5D
07C4
04D2
098E
07AC
04B2
0AED
0807
0B93
0550
0390
0655
0515
094A
04F2
0631
06AA
0665
0710
09A7
083B
0B09
05E6
0543
07EB
0612
08D6
09EF
0487
062D
021E
083C
05AB
071B
0209
0727
05DD
0509
07A8
075E
0B65
06D0
086D
0200
067A
06A0
06BD
0839
0690
0955
0580
06B1
07DD
05B5
0AE2
0B0E
0703
0A32
0AC8
0491
091E
0B3E
0646
06D3
0A43
06C9
0791
0B8C
0812
0977
0C1A
0630
0682
0399
0B1C
07D4
0857
0587
0772
0787
0579
084E
0AD7
0932
06C5
09F9
06EE
0508
0681
06AA
0820
056D
0866
09F5
0872
095C
049A
0634
0849
0A19
0640
0399
05A0
057A
05F5
034D
0A86
0A48
0FA8
0C3B
09E2
0A89
05F5
04FC
03F9
04BF
09BA
08F3
0B3B
0815
05DC
0B7D
06B7
0980
0976
08C2
0666
0B86
0743
08AE
094D
0ACD
0752
090B
0703
0921
0CD9
092C
090C
082F
09E0
0B9C
0AB0
0877
0756
0695
082C
08ED
04F7
076C
057E
02F4
0914
0659
07FD
0A5E
0C79
09D6
077A
0836
0A52
08AD
0A0C
090C
05F9
03DD
05A5
064C
063D
076D
0992
0928
07F9
056B
0615
061A
059B
0640
07F3
0A25
0AFF
08FE
0917
09B7
087B
0B9B
09E4
07B6
0C71
0B94
0926
0800
0832
0895
0B1F
09D5
070A
0B21
0BF6
09C1
09CA
0821
09B3
09DC
0A63
06C0
0AD4
099B
0864
08AF
08BA
080B
068E
06CA
0869
0614
057B
0864
081B
06BC
0A46
0975
0898
0832
07F5
0852
05FA
080F
08E9
055C
0B04
09CB
0C18
059F
0A6F
09C1
0871
05C7
0955
0CF3
07C7
0850
058D
06DC
0A66
0793
07F9
088B
0855
05DB
0B11
0A61
0552
0BF2
0C71
0894
0533
0C33
06CF
0899
07F1
0503
0523
0ADB
080F
05D0
0A40
0517
0563
0B09
0BC3
080E
05EE
0A01
0799
07E5
0554
0AD8
0809
0704
0D6A
0855
0640
053D
0BD0
0D88
0656
071D
0BD5
0A00
055F
0A67
0C10
04C5
041F
05B3
0363
0337
04E0
04AD
03C4
03B2
04E2
0186
02EE
0366
031F
03F8
045A
02C3
059A
04ED
0627
079D
06D1
039F
0437
030D
07FE
0326
05E1
0325
07AA
05D8
0198
0537
03BA
0351
0320
03DB
0754
0383
049B
04CE
04C2
027F
020E
043B
046E
017E
015C
0839
0584
02EE
0805
05F0
0406
0321
07A1
069B
05D9
0081
0680
03FE
037B
074A
0583
0166
0556
05BF
04A9
03A0
0301
0763
047C
0544
001C
016A
0BA6
04E7
0984
051B
017D
0522
0439
06BF
044A
024D
0422
07EA
0412
0385
00B4
08B4
0217
0558
0625
0315
012D
03E8
0360
03A8
04B7
01F5
04A6
07E4
0196
0113
0488
0437
03A7
0686
078F
0000
0531
0434
043E
011F
0282
08B9
0355
01E9
0279
048D
080F
0305
01A2
04C1
0491
0000
04D4
051B
0674
046E
027F
023D
0562
03F9
00E1
0414
045E
07B3
035F
050B
01EA
0522
07F9
0441
0198
03E0
0339
00CF
0495
06BE
04E1
0000
02F3
02AF
033E
0497
0574
0490
035C
01F2
09C5
040B
04AE
03AB
0634
074B
001C
011B
06CA
0611
03D3
046C
0307
03F9
00BF
0287
0233
022D
0352
07AF
01B7
02B7
0287
043A
03AA
059E
010B
049E
0281
0428
055E
05B3
05D4
03A6
02DF
010B
0601
0507
045B
00C5
07C9
0304
007F
022B
0670
02B7
0885
01D5
01CE
0000
0704
0249
0319
02AF
06DA
059B
07DE
0390
04C3
04D4
06ED
08CC
01BE
02E0
077B
057E
032C
05BD
05C8
0697
0183
003E
06EC
07CA
0340
0487
0729
0851
01C5
08C6
0134
0000
02F7
06D4
044B
0000
075D
0293
011B
039C
0549
0038
0589
0ABB
06B2
03CA
07F4
07EC
031E
0314
0000
0646
0444
00E8
04EE
012B
0592
0379
0192
0177
02FB
05B4
065E
02A4
01D0
03CB
0226
0346
0375
0724
0321
032A
029D
0000
070E
090B
02C1
02F7
01DE
075D
00E3
071A
031A
0204
03DD
016E
05CD
0261
022E
060F
053C
01F6
05DA
01D3
035C
00B1
03DE
03D9
012F
008C
0486
079C
007D
010F
02AF
0238
0296
06DF
081A
0292
04C5
02FC
0230
00F8
02CE
0464
0366
047B
0000
0344
0435
0133
00ED
0852
03E2
057C
0151
0234
032E
035C
04CC
0186
04C3
047C
0388
0000
0395
02BE
0563
0702
05EA
0365
02F4
035F
0392
044B
069A
038B
05B8
0323
0179
048F
02FC
0259
04B6
02B0
077E
07AB
0408
049A
0201
0253
026E
03F3
0487
077C
0337
0128
0717
05A3
052F
034E
08E9
03F5
031A
0AF1
047F
037F
027F
0064
0182
057C
0511
07B1
04B4
02C2
02EF
026D
0647
0000
05A9
08A9
07B2
03DB
024E
02E9
01DC
0652
06DE
0681
01D9
0650
0000
03AC
057D
028E
026B
05F0
0555
0169
0986
038E
011F
0181
02BD
087C
037D
0402
0671
056B
04CE
0723
045E
0314
04BE
04EB
04B0
011C
03F5
0681
04A3
0325
04B3
0640
020D
017F
0376
0597
06F8
0576
0347
0000
0237
0489
07DF
03CA
080D
0372
04A4
0700
03B5
026A
0885
05B1
0163
01C3
030C
0043
0184
0058
0000
0771
069A
0511
024E
0000
0010
036E
06CE
01AA
0000
03D3
06CD
062C
0194
06B7
0240
04E6
027D
0000
011E
03F6
04CB
0000
0477
03EE
0546
0080
029E
0309
067D
0249
01A6
082B
082E
0535
02E9
02AB
02FB
03AA
025D
072E
0694
043E
070B
0227
05BC
096B
02DD
03E0
02E1
0213
0609
02BA
05C0
0678
03BD
05FD
0000
00EF
05E0
073C
07F5
0000
0649
0347
03BF
04B2
0379
03AD
090E
01BE
0668
03D7
0162
0068
079A
03AA
0110
071E
0530
0388
0222
00E4
020D
069A
0409
0000
01D0
03BE
039E
0618
0291
04C1
032B
02F7
04A9
0408
0281
00A9
0035
01C2
034F
051B
0726
05C2
00FA
0563
038D
0766
0298
0308
0279
0525
05BA
052C
023E
0000
02CE
0656
0182
069B
0582
0173
07C4
0906
0311
02BE
0096
0248
02A9
02B0
04AA
07EC
0660
0649
0367
03EB
0000
055E
024B
0822
0576
055C
06DA
0000
0515
030E
04F4
02F0
05DB
04D1
0000
0674
0305
0A3B
0525
070A
0186
03EF
0271
02CA
0371
0604
0663
02C6
017F
030E
0915
0516
0762
0683
07EF
05DF
045E
0048
00E4
051E
060A
0222
0186
04A7
0281
02F3
0592
0273
08D1
04AF
04E8
02E3
048D
01A6
052D
061F
04F7
0166
073E
05E8
0456
055D
041C
0032
0443
00EC
0588
04C2
05ED
036C
04E7
02CE
0325
072A
0000
01D5
050C
0510
04CB
06F7
04A7
0000
0742
0398
0540
0000
0000
01C5
052C
023A
07BE
0450
00BD
0000
07D9
05A8
08F3
05F7
0193
0159
01E2
03D6
01D4
0638
03E9
016D
045F
078E
039A
0360
0513
01B4
05F8
0198
0033
02B2
0533
0279
08DA
0575
05CB
00F2
04A7
0129
0112
0404
044E
0206
0459
043E
011E
04F2
04AE
059F
06BB
0491
0000
0440
01C9
02DE
0194
04B3
0562
02A6
024E
0317
01BF
0597
04E8
0301
0870
02B0
0000
01C7
050B
06B1
008B
0000
0795
05A0
0394
063C
01E5
0549
069E
0388
03BD
0036
04A0
06ED
04BB
06F1
029E
0000
0416
0439
0299
01D2
04DD
0671
02D5
04C6
0000
0373
043E
0222
0000
0098
04E3
0674
0218
0386
0148
0492
02A9
0230
00EF
0438
0197
0489
0580
04F1
091F
0209
03ED
0607
0299
01B0
07EE
0502
0000
01C8
0386
06FE
0489
030D
0445
0583
0148
07A9
0227
0857
0486
04F9
01E7
0705
04E7
03ED
06F1
034C
025B
037B
08BD
061E
02F0
0147
0469
0211
0000
0302
041E
045C
0698
06A1
01C7
02EF
003A
05C5
0561
0460
0307
083D
079F
07AA
0284
02AD
035A
05DB
02C2
0000
04B3
05A5
054E
05D1
03DE
060D
0427
0186
01A2
02EB
01EF
0396
0658
04C6
041B
026E
07FF
01EF
04D8
071F
0203
00BC
08A7
0000
0715
038B
060F
046D
06CD
05A4
0403
05E8
0404
03CD
0000
0022
0034
072B
043E
0494
0606
0527
0175
0824
0677
04B0
0645
038D
0517
0000
0709
0282
0456
01ED
036D
0496
0471
01A6
0215
034B
0628
0368
0154
034B
061B
039A
0774
022C
0382
0629
05AA
05A9
058A
0414
0002
0030
05F6
027A
0523
0408
00B5
033B
07E4
0575
01A4
04F8
0412
01B6
0296
040D
05D4
0253
018B
06B0
02CF
0000
044D
084C
0550
0000
02E1
0827
04F1
0130
00F8
0659
04B2
039B
0000
01D9
0000
029F
0753
0662
07F2
0487
03E0
0382
005F
03AA
06DD
022E
066C
013C
03E3
0360
06E9
05F6
01C9
0629
0295
04AB
0591
023B
03ED
02DE
0524
0566
00DB
0283
00F8
0692
04C1
05EA
0000
064D
0321
06C8
055E
0212
0189
06C0
035D
04D8
0499
04C8
040D
0577
0764
0287
03EB
074B
047E
0000
0031
03FE
041F
021A
0683
06C5
05B4
0000
0531
04C3
05F6
059B
049D
0394
0500
0405
04B2
0000
01B3
0245
07F3
048C
015B
0412
0559
0564
0375
043D
056A
03FE
02F4
0110
008D
04C2
06B1
0425
0688
0682
063A
0000
018D
092B
0595
01AA
0312
0000
04C1
0172
082F
0035
02E2
01B8
0607
0200
05AE
0499
0163
00CF
04D9
047F
0022
061D
064E
00D6
0263
0609
0448
05DD
046C
0419
00A7
0285
0865
03D4
0465
00F4
022C
019D
0038
047A
0354
02DE
011B
058B
0281
05F3
028D
0719
046E
019B
01C6
0615
0297
04AE
02DC
021B
051A
0657
0479
02F7
008E
057B
0684
01A9
051E
021E
068E
0442
032A
03C7
0000
023E
06C9
08A9
031F
0503
04E5
05B1
0435
05EB
071E
0458
0502
03B8
0132
0383
065F
056A
0061
0327
02E7
01B7
0526
0340
05B1
0211
044B
0740
0357
001F
06F1
05BD
02AC
05BD
05DD
0000
0238
051E
0673
05AA
01FD
05A2
03F4
0334
0261
03A9
0264
0026
0200
02C3
0585
030C
0000
0014
02E4
0486
059A
05FF
0000
001F
07DF
09B0
0427
0226
03F0
033A
0492
07FE
042D
0298
01B5
0587
04F5
0137
0491
027C
02DB
0420
02F9
0389
0413
0510
0059
04BC
046B
03B8
03B8
0442
02EC
0319
006F
07CA
0590
025F
0155
03B2
02E9
0419
0836
074B
0766
0393
0428
0000
0064
0334
0806
05C0
0000
00A6
0334
0936
0307
07F7
03F6
04CE
00FC
03A9
0780
01D9
0016
0829
05EA
03F8
04F3
06F1
0233
0131
0321
0000
03DE
024C
0444
0213
04D5
0407
04F3
03C4
0623
073C
02EA
04DA
00A1
065B
0473
041F
05CA
0425
043D
0000
0362
04B1
0421
06EB
01D6
004D
0A05
0346
04E2
057D
0248
012C
02FB
064B
0000
0000
01BF
0575
0716
0000
0644
05BD
018E
01FC
056B
0606
0276
0000
03E4
0594
03A2
0535
03F2
02D9
0000
0846
06E7
045E
009B
01C8
0459
0419
0407
0644
009E
00E4
015A
03A0
0776
04EB
03CE
049D
035A
0677
054E
037E
02EC
0402
0785
0375
02B2
02BC
020D
01C4
014A
0536
0562
03FA
03B0
0000
03E8
0219
042B
0605
03EB
0000
0492
0543
05D6
00D0
0994
0607
017C
0278
038A
082D
04DD
0390
0171
034B
0580
0217
0AEC
0861
04F1
0058
0284
06F4
0209
02CE
034E
013C
0000
0605
0532
0694
0785
03C8
026F
0299
039D
055A
07BF
034B
036D
0373
0502
055E
062F
03A8
00F3
02DD
0524
01F1
0002
0864
0714
042F
0219
04DC
0279
047E
0381
0708
0330
0337
0054
0738
07A5
0000
04F5
0787
0293
032D
0124
0308
03AB
070A
0521
0465
0391
0229
03F4
02E8
052B
0531
0000
07F8
035D
02A1
031A
02EF
04B5
0036
0776
0462
05E3
03C5
04A8
025C
050A
0297
034C
03B4
05BC
0376
005B
0438
06B3
0553
022D
04D6
025F
05C5
016E
0000
0705
0662
023D
0505
064D
00BC
0253
0000
0344
064C
0493
02F7
034D
0012
00A0
0989
059D
0203
0000
01FB
02FA
0489
05BE
066B
01CF
00A9
045D
04AD
0695
0560
0598
032E
05C5
0020
0000
01C0
06EF
01E8
02C4
0692
03A1
0359
0400
0346
05F5
010F
073F
01EC
036C
0789
05B1
061A
0651
03A7
05F5
0662
08FA
0439
0696
03C2
0576
0319
02F4
0459
01E5
088B
0090
0131
0538
046E
0000
0000
0582
05A7
055E
00F7
06EA
057D
04F8
0000
028A
03E3
0402
04F5
02DB
0008
022B
0410
0620
032D
03DB
01F1
000F
04B6
028D
032A
00A1
03F3
02E0
02D0
01B0
03F6
04C0
01E5
000E
027B
00B2
06DF
003A
04C8
0285
01BF
0000
065B
01D1
03E1
05FD
0466
0000
01AF
0561
03BE
0324
083D
0139
05B8
06D5
02B9
00BD
067A
0454
0255
01A1
060D
0403
06ED
02A7
043C
0509
0050
0329
064F
03CA
0090
0544
0489
0498
0358
0538
0000
030C
0449
0629
04BB
0295
0000
010E
09F8
068F
061F
0481
03DB
04DC
0360
0000
0564
025F
0709
083D
01A2
02DB
07EB
04BA
03EA
04FC
0573
0042
0220
0939
028C
05A6
0086
00A4
007B
0409
058D
07D6
03BC
04E4
02AF
06EB
0235
02F2
0404
0970
01ED
0605
044B
0611
02E7
0229
02F9
0205
0440
013B
08C3
05C4
05B3
00BF
0430
04DE
07D6
034E
04B9
0000
0256
0344
07EB
00C7
04CF
031A
0360
085C
068C
03A6
061E
052C
00C0
036F
032E
07AB
067F
041A
02EA
025E
0260
0281
0133
08D9
04C3
0000
026B
0582
0495
0000
08DA
0728
05F4
012D
03C8
04F2
06C3
03B3
0194
03D7
03C1
0100
03CD
0382
0638
080D
0513
0460
0653
05AE
022E
0251
046B
051D
0239
0858
04D8
061E
05DC
051B
02E9
02E3
0543
037D
0164
0637
06DF
079C
0417
040C
0063
028A
0540
05B2
0484
050B
01F4
0074
0322
0826
0550
04EF
0498
0000
03D8
0712
0628
0351
06EA
0000
00AD
053E
070D
021D
015A
0658
021D
00D4
045B
0549
05BD
0420
0470
02A5
0429
014E
00A4
024D
0753
01B3
074F
0212
02D8
03C5
05B5
0440
0000
02A6
063F
03D9
01DE
00B5
0023
01E5
022F
07AA
024C
05B8
02DD
01C7
0588
077C
0574
0631
035D
0063
041C
0177
02EC
06C8
07A1
0096
082D
020C
051E
0427
02F1
0356
02D7
08EC
00CD
00BA
054E
003F
03E0
03F9
0643
009F
0260
0727
0347
02AB
04A0
02A4
058E
0420
00CB
03ED
0159
02F1
0000
0633
0244
04FB
02B0
0644
0000
062A
039C
03C1
0084
06BF
06A0
0696
05D2
018C
0425
05E9
06DD
0244
0490
02B7
060C
0293
0023
03D8
0158
013C
0566
05D0
00A5
021B
015D
05D9
0756
0647
00FA
0112
01B3
0574
0A1B
059A
020A
02EF
0620
0273
05FA
05AE
0000
01FB
05C7
02F3
0388
0302
0572
0616
0357
04A8
04AF
0320
01A7
0324
0463
0633
045A
00C7
01D0
03F0
0174
0388
0495
0366
05AD
0336
062F
02C8
0159
0445
04AF
0408
05A4
0456
019A
02F3
005A
01BA
0421
025E
004F
01E6
0310
050B
0577
03F9
0244
058E
07FB
05C6
04AC
04A5
0000
0790
03A3
03F5
0472
0561
0540
039F
07FE
0485
045A
02F7
018D
05E1
00CD
0617
02F7
0470
03F4
0689
0559
02E5
0405
03A4
03FB
0471
0611
02C2
0704
0409
042E
041A
0067
0686
031D
021B
026E
0281
0224
04EE
0329
0000
0438
07B5
0179
05CB
037E
0520
012B
01FA
0367
0567
0636
0000
040A
01CC
0415
0210
04E7
04CD
0659
036A
0343
0347
03B8
020F
04B5
0169
0134
07AA
0000
00C5
0103
0695
0158
0195
01D6
0102
02B0
04A0
06CC
0496
06AE
0635
04C5
03E7
05B7
057F
033E
0644
03E4
0185
088E
05F1
00FE
0201
0599
05EF
06DE
04EE
03BA
03E5
0495
0376
04A0
0020
0620
0569
00F6
0221
0301
03F2
080A
01AB
061F
039E
0297
0439
0000
0563
041F
08EE
04F0
0459
026A
0572
0134
032E
01D7
02E2
0452
0558
0458
0543
04C8
0048
02B7
04A2
04F1
01B7
0405
087C
080B
074D
0578
027E
0000
05BD
0285
07EE
03A6
02A1
02A9
0419
022B
056C
028D
0552
001A
0389
06DD
0359
04FA
0404
03FD
00E3
0257
02CF
05AF
04CC
0000
0470
0683
04B1
0654
03BF
01F5
0577
00AD
0455
07C5
0526
0412
0263
00FF
007F
0012
0125
0577
027B
05FE
0219
075D
03A6
00EC
0388
03BF
06AB
0761
066B
059A
01FF
0917
0184
05A4
0391
056C
0254
02F7
02A3
00CC
022F
061A
0550
0821
036D
074A
056A
01F9
066A
0275
017F
0594
00FE
0543
041C
04D2
06E7
03DC
0690
0205
0A39
0611
0773
00C1
0391
0314
03BC
04DF
0087
0342
086C
03B0
02CF
01AA
04CC
0404
052D
0458
037E
0404
06BB
04C2
0355
0399
042F
03C8
0513
045B
0165
03EF
00AF
03B7
036B
01F1
057B
02D2
0491
017E
0325
0466
01CE
041F
0369
0464
04DC
04E6
056D
0542
045F
03C9
004D
03DD
0343
065E
04E9
0000
0580
0400
032B
03E0
0428
06C5
03A9
0334
0124
0438
04E2
0835
0477
01E4
002B
058B
0A7A
0709
058A
079A
00BE
025C
0562
04EA
02D7
02B9
0125
01EB
0225
00B3
0375
00C7
0544
041F
07EC
0293
0000
0128
036E
0599
0745
0734
06D6
046B
0387
04B4
082F
026F
06EA
0517
03EF
01D6
046C
04C9
02AB
046B
080A
01F7
03DF
0094
04B3
050C
03C2
01C8
0405
01F5
0418
0000
035C
01E5
082E
0608
0526
04F8
054E
037A
0334
025C
051B
04F2
0356
01A5
0502
050E
015F
014B
0250
06CC
0128
029D
0000
0647
03BF
06B1
0467
0A1A
0503
02B2
0111
04AF
052F
019E
0657
018E
027D
0254
024B
0306
0531
065F
065D
0661
0527
034D
003A
0295
055B
02F2
00E6
0663
0354
0687
0569
0383
05BE
05B6
0467
054B
0305
07D0
019D
0275
0120
03B7
0368
03FF
0145
03B2
00EA
0470
0555
0144
0AF9
03A5
00DF
0000
015D
04F6
0752
0000
0453
0626
079A
0351
0774
010A
05A6
0490
02D5
01CC
0507
027C
02FD
06C7
048A
045F
038E
0487
0000
0507
0000
0187
0166
0642
033A
0410
0000
04E1
0218
02E9
0363
05B4
0403
0424
0344
05B3
04DD
0636
01F7
064B
07C3
00E8
050B
018E
039F
044F
02BD
070F
0485
0201
0409
03DF
0644
0633
062A
02C8
00BD
058E
05DD
0283
01E5
04F0
07CF
04CB
0000
0397
05A6
027B
0398
0245
0243
088B
0509
02B3
044F
062F
05A2
0078
01A2
0062
032E
04A3
0506
0289
056D
03F2
015B
0000
049D
0414
028F
0334
09DD
03C0
06C5
0462
04A9
0484
07C4
046C
0635
04B3
01CF
078F
068F
0324
01F9
055C
075E
043D
0471
046F
01D0
0235
0245
0296
053B
0104
03D3
0513
0039
06A2
0491
038E
0762
02CC
02EB
04A7
0364
0367
06D2
0682
04B5
05C9
020E
0093
035B
00DB
0398
0689
0598
027C
0010
0000
01F0
0651
0664
0126
0567
021C
0160
017A
05FA
0606
034E
04EA
0444
0272
038F
0480
0600
0472
056E
0335
04D6
0000
0000
0000
049C
03EB
011F
0892
0070
038F
01CE
0000
00A2
05E0
0049
05F0
0381
0472
016E
033B
0638
033B
067E
03B3
009B
00CC
05A7
05F9
03CB
028A
0364
0501
00AA
0297
005A
028E
058B
046D
04FF
0572
01FE
04D8
011E
045B
0268
0839
056E
038D
05CA
0574
01AA
07CB
07F3
053A
0568
0036
0000
04CD
05FA
050F
04C0
0352
0000
068D
04B8
051A
0351
0476
0771
0502
02FD
0000
02D5
042C
056C
06B9
07BB
0406
0629
0123
05E3
05F7
04A6
0070
0215
03F8
07C3
0275
0382
066C
038D
03D7
0347
0527
06DA
0392
05B9
01CF
051B
05A8
01D4
028F
05E5
0229
01BB
050C
07B0
0610
0448
0338
0304
088D
05AF
04CC
0000
04FC
05DE
02EE
01CD
0202
0289
0820
06C3
02B5
05CC
02BD
0086
00FB
00EB
0586
001C
02B0
043E
050C
0394
038D
08D6
02B9
04D8
012B
00BE
05F9
04EC
00A2
0061
070A
0514
0399
0000
0455
05A6
011A
01F1
0129
04CB
0746
0479
02F8
04E6
024D
05C8
03C9
0409
04D6
01D7
0372
00AA
07C0
04D2
0839
0401
051E
04C2
0267
0078
02CE
04FF
0287
008D
00D5
0616
0597
02E8
076D
06EA
035D
03E9
0564
026A
089A
0547
0262
0580
05C6
0523
01BA
0329
0966
05F8
099B
0414
0623
041D
0358
0439
009C
0493
009C
0470
0439
0689
03B1
0000
048E
0735
0328
0000
04F0
04B1
066E
0217
03F3
0208
0430
025E
06B8
0391
0476
0128
03F3
05B0
062D
05D3
02CE
0265
0295
059F
02BB
02E2
0000
0A44
03F9
047F
0000
03B3
06AB
0542
0000
0559
05D8
05D7
0415
059A
041A
0A46
06EB
0348
03E9
084A
01A3
02A3
0395
05F8
02FA
046D
031B
05B6
04F8
0000
0194
0313
056D
00CA
02DC
06CD
02F6
03C1
01C8
075F
028C
037B
059B
079C
0266
05B4
01DA
0827
04B0
01ED
068D
046F
0000
00AA
020F
080F
050D
050E
03D8
060C
04FD
0586
024A
0556
041E
02D9
06C2
02E9
021C
01EC
06DE
0438
0000
0265
0719
0641
0173
03D1
04B8
09A1
0788
01DD
0302
0510
0633
03BA
0000
07B9
0468
0440
03FF
04FA
0344
055C
03AC
069A
013C
0000
044A
06CD
06D3
0000
0358
04C3
030C
01CE
03CF
061D
0579
040C
017B
008D
00E2
0249
03CA
0672
030E
0515
0041
03AB
060B
0313
0203
00A7
084D
03B2
034F
016E
055C
04F0
05CE
0503
0568
01A4
02F7
0755
03FE
01CF
0479
03CA
03BB
02F6
07BF
040C
073C
0461
03E6
007C
08A5
0119
04B1
0260
0443
0125
0742
05D7
048E
054F
044B
03AF
009A
0280
04B2
0577
0147
0650
0259
0B23
0374
0189
012E
06BB
05F6
02C1
040F
02EF
063D
0750
0469
0302
07C8
0000
00A0
0207
0736
031E
0022
03C7
0120
03B9
0000
00B8
05B5
00E0
0045
0593
03D7
0307
0009
03BA
0320
0117
05B8
07AB
0545
0694
01AA
0492
04A0
0445
02B3
0462
05D7
0342
0000
0592
05EA
010B
050A
0601
0270
00CD
08D5
05E0
021B
0000
04F1
061C
0519
0171
0437
067E
06C2
026B
011A
0247
04CE
0563
00D0
0569
058F
0351
0366
035B
02FD
01D0
017F
01AE
0777
030C
0272
0230
027C
0307
0245
074A
037C
065F
02D3
0471
0296
0892
0322
0131
0402
03B3
0851
0A3B
02D3
02AE
0338
0179
0368
0272
0104
03A1
02B2
0078
0000
08D0
0780
039E
0000
02C8
03A1
049C
05CB
0855
031A
0154
040B
04CF
01E7
003B
0836
00FB
0764
0413
02C7
01AB
056D
0608
00ED
0427
0270
069B
057F
071F
045B
0865
0368
048D
06C9
0556
009D
016E
040D
05D5
0562
0436
017A
034A
00DA
04BD
055B
0562
031B
005A
0284
054F
0282
077E
050F
00EA
05DD
01A1
0388
01DD
0349
0526
0479
05CC
07C8
036F
04CA
073E
00E1
0368
05B3
029E
0000
0629
07BB
05EC
0208
06A9
0000
0788
028F
03CF
019F
0630
0000
0229
0326
0436
046B
0219
0196
0000
0555
02D9
047A
02B1
01BA
01E7
03B3
02B7
0311
098C
04E3
0733
0569
03C2
04F0
0200
04E5
052B
044E
00E7
05BA
045C
0630
0232
0398
063B
056C
0728
0623
06FD
00DF
024D
00ED
0344
04BB
0589
0071
0000
02CD
0412
09A3
056B
044F
034A
03AB
04A9
05EF
0467
0398
0287
0235
04AF
041F
02FE
0458
089E
021A
00A0
06D7
03E8
0390
0482
022C
0000
08D5
0539
06A3
0469
05EA
043A
06DF
025E
05DF
07B4
02FD
02BC
0498
0565
0459
0277
0314
0404
00D0
07FB
0872
06A2
0000
0242
011D
05A6
0481
070F
040A
04BE
036B
0651
0798
000F
04F9
06A7
0263
04EB
022B
048F
08FD
04AF
0218
0101
041E
022F
02ED
0489
0557
03C5
0930
0261
06C7
04CD
03E9
0198
077A
004E
03E3
0414
00E0
028A
067D
0495
02F5
0366
0121
03E9
036E
0212
0466
016A
022F
0624
0409
0000
0655
065D
0155
03AC
0178
0390
07DB
0306
053B
0315
0054
08F0
034A
00F0
0540
0708
0691
0391
093D
056B
058C
0393
0123
054E
06EA
0043
047E
02CD
0202
02BF
0395
0196
039C
0360
02D9
012F
062A
05E9
025B
043A
0000
0639
057B
0431
0404
07A5
016A
08C0
015B
00E6
0707
038B
00CF
032E
03FA
053F
04AF
0733
054E
0292
0019
063B
024B
0098
066E
049B
05A2
035B
0178
04CE
04E0
0239
025B
0588
06DF
017D
0524
034B
06B5
04EA
0724
0219
0000
0442
048C
04B8
0043
05C3
01D7
0171
00A9
0248
026B
04B6
043E
0669
0000
075E
0000
0732
0514
06FA
02CF
019A
0412
0136
08A4
038B
0145
0689
036B
01EA
0539
0000
0272
06B2
02F2
066B
0003
00E4
02A3
06D2
0408
0331
016E
0511
03A5
02FA
03EC
07BE
05F5
0540
0339
02C2
066E
0892
0268
04EE
0000
045D
03BF
0954
0287
04E6
080A
0189
0156
030A
038B
02D4
06DC
00A0
05D4
0121
018A
0357
06FA
0547
0425
03AC
01A1
01FD
0437
01A3
02F3
033B
01F8
0427
0667
028F
039A
05B6
0438
0209
01F6
04AE
05A5
073F
0409
0611
032D
048E
03AF
0443
061A
03B4
0585
011E
0303
02B2
0552
0409
03D2
056A
0000
015F
04B6
02F9
0512
061D
01C6
0099
059D
03BD
03BF
0371
04A4
02EC
0708
0540
012B
013C
032A
06C8
07AF
02DF
01C2
02FF
0685
06AC
0543
0360
0272
0296
030A
02DB
08FC
00D4
06D5
068B
04A5
02C1
0000
0035
02DF
05C9
0262
0294
04B7
0210
0448
0208
039D
0011
038A
01C4
091E
0197
0146
0121
0393
0219
009E
03B9
09CD
066D
04B9
03EA
0030
014F
0AAA
046D
020B
034D
0211
0200
08F5
0298
02FA
0432
062F
062F
0866
066D
00DE
05EF
0000
01A6
0566
05BF
00DE
0A49
0233
0606
01D2
030A
06C3
06AB
04C5
0734
012E
0489
0461
06DD
02C6
0000
00B8
0468
0394
0635
057C
0531
029C
03C0
0636
0286
00B4
0352
03A8
05B8
03F1
040E
01C3
04F3
01BB
0577
0554
0622
0560
0420
0508
031E
03C6
03DA
0000
047E
058B
037C
02F2
02B6
017A
09A3
0271
0610
0334
06F3
0444
0724
0612
0648
0176
0000
081E
0675
0353
0086
0348
00B4
0585
02FA
043F
0315
0271
0096
0028
039B
0358
02A6
0390
0494
0258
065F
0381
06A0
027D
0454
050D
0305
0272
078F
04FD
052E
0000
0216
02F0
04ED
02AB
02F6
01A6
06E5
0603
0000
039E
03D2
0281
023F
0484
0084
02B5
0778
063B
0406
0550
01ED
02B1
0187
052C
0336
03D4
0340
061C
0231
05D7
0328
0000
00D8
03F2
041A
0203
002D
0643
052D
01CC
0784
02CC
00FE
0435
02D5
052A
05C1
06A3
04FE
0478
09B6
0374
015E
0474
0499
02FC
0261
0566
03EC
050A
054C
0443
023C
03DC
02F9
077B
0326
0797
017E
0034
0506
05B3
0216
0261
04EB
0141
018C
04DB
047C
05F5
0054
03F4
01DC
059C
0353
0145
0000
08B2
0626
0576
0632
0672
0195
04BC
0334
015E
06C0
0685
0762
0292
04AC
0520
0000
0000
0459
07E6
0818
060E
0282
0209
0443
04F2
053E
063C
04E6
033C
0000
036A
05C3
083F
05C8
02CC
013A
02B3
059F
051F
0636
0537
0451
02AB
02BF
0620
038C
0280
013B
0738
04E4
031E
05BC
00D8
0480
01A8
028A
041F
068B
06FD
05B8
02BC
04CB
03CB
05EC
03BC
07E2
036B
02E7
0205
0543
00F6
0852
07A8
07B6
04D0
048A
0251
0243
01B2
02D8
0433
03DC
0491
05B2
021E
02A9
0000
0318
0590
010A
029F
04D9
05BE
0028
038E
02E0
030D
04B2
0116
008B
05DE
0607
0427
02BB
0244
0869
03BC
07AC
0050
0740
00FD
0000
0259
0462
005F
0593
05BD
0057
01B4
04B4
02C3
0701
0370
0419
0016
0479
06AC
03BC
0000
061A
06D3
03F7
046D
0350
026C
018D
02B7
0000
0067
038B
04CD
02B3
02C9
0980
03A7
032E
023D
005F
0462
0465
00D4
01A9
07F5
01D3
0415
04BE
0203
03A3
04D9
0163
01BF
04AD
02CF
02A5
041E
0131
034A
00A6
059F
011C
0488
00C3
041E
05E2
020B
0000
026B
0402
030C
06C7
0638
00C6
0412
00DE
019A
0000
054A
049D
019D
01B4
0209
03CA
052B
0531
02D7
0000
0000
0000
0000
0000
0000
0000
0000
0010
0257
00AB
000B
0000
0000
0000
0000
0000
0000
0000
0000
0000
0000
0000
0000
0000
0000
012B
0000
0000
0000
0000
0000
0000
0000
0000
0000
0012
0000
0000
0000
0000
0000
0000
0000
0000
0000
0000
006F
0000
0000
0000
0000
0000
0000
0000
005C
0000
00A7
0000
0000
0000
002D
0000
0076
010E
0314
050B
0381
075C
04D1
0503
04AC
06D3
0626
04DA
04D2
023D
0178
0444
034A
04E0
0170
04D8
05C4
03E0
0427
028A
0525
0809
063B
051A
05D8
0607
0530
033B
0438
0333
0373
0491
03FC
0854
0154
05A5
04D4
05C0
0666
042D
0607
0319
0441
0259
086A
03F9
03B4
0AA7
0422
0559
031C
077C
07C9
03C0
033B
066B
03C6
0431
09B9
07ED
040F
0000
05CB
0611
0552
034A
0752
06EC
05EB
03DA
068A
093B
028A
07F3
01D6
02EE
037A
044C
0515
03F0
039D
0651
0708
05A1
04C3
07EB
0832
0511
0773
06A8
0577
05B9
051A
008B
03E8
0763
012B
060C
03D1
03E5
05F2
0784
05A6
0473
05FE
0630
02F2
044A
041D
07AB
038D
0790
0718
0621
03CE
0537
0848
092C
0339
0888
0753
03C4
0433
08F8
04DE
01F6
05A2
06D4
07F1
080F
07DE
048E
087A
0634
066A
083B
04F3
04BD
0705
0709
075B
049A
0804
05D5
07FD
079E
09D5
0551
0824
05F5
0A8E
02F1
0770
0729
07CF
04D2
0491
0699
0064
05B6
0305
084B
05E4
0232
06C0
073B
0587
048C
0514
0605
0337
058C
03E5
07AE
05AF
09AB
0898
0404
06D9
0574
093A
0A3A
06F8
05FE
0AAD
0735
05E1
09CB
0441
0055
054C
068E
045D
06DA
07D8
0844
0749
0798
060E
0604
07D1
063F
0809
0697
03E3
05DA
07B7
0875
05AE
094D
0850
0A79
06E5
0AF0
05C3
0985
07C0
09A1
0686
02F2
00D8
08ED
04CC
08F0
02CB
05B3
0B0E
0662
05A7
06DD
079B
05C3
094D
09BB
07B5
0171
0B5A
06A3
04F6
052E
0C6F
0810
080E
09B3
05B2
093D
0AA3
05B4
0918
083F
08B5
04A8
04D2
04CF
0837
07F8
07E1
0649
0A56
064B
0609
0B49
043A
0BC0
098C
083C
0659
0A12
0920
0822
064D
0867
05DC
051B
0A15
0986
0828
05CB
0A14
090E
08E9
0AF9
07E2
0495
038F
06E8
06C2
03A8
0A09
04A3
08E1
0644
03C7
08E0
05E7
0614
08F8
067D
06D6
0609
0692
05A4
059E
077D
0937
0820
041B
0AD5
07CA
06DC
0912
05B4
03C7
074B
07AC
05B9
0495
0229
067D
03E1
0743
0554
0CA7
083E
053E
06C9
08DE
056F
05A5
0743
0AD4
0698
0DD5
0457
054F
037B
0865
0582
07A3
0860
085C
0708
0633
07FE
0460
0C31
09E9
072B
0781
07D1
0A42
0418
078B
0671
08B5
097C
0056
071D
0995
05B5
072F
0576
0513
07D0
0440
08EB
01EA
03DB
074C
0672
04D7
0586
0ADB
0261
0733
0611
0466
0351
093B
0B06
0427
0256
092F
04B7
0721
04AC
03D8
06B9
07F9
051A
08C1
0654
051E
0364
0786
043D
05E6
0681
08F1
068B
0742
0876
088F
0825
09A5
0907
0790
07F3
07B8
0461
0C97
0757
0731
07D5
0A1D
06C6
08B3
0D44
035E
05B6
0569
0680
0BF1
06E8
088D
09E7
0841
0832
081C
04EF
0786
0756
0812
049A
009B
05E8
0813
05CB
012B
05A1
0592
057F
07BB
0B9D
0451
0000
095C
0346
05EE
0634
0566
06A1
0317
06FC
040C
05FD
0890
046A
0592
092A
0474
0621
06B3
059B
079C
06FB
0972
044C
0C45
0855
07FD
0595
08F1
0520
0B71
0999
06AB
06A7
07E7
08D6
06AE
0BC3
077D
05DF
07B1
0463
07D1
0515
0580
09DF
04FA
0BC2
0A2C
090B
04FE
07FC
0564
0783
04DD
052F
0996
0514
06A8
061F
0826
07A7
08D7
0822
0726
0347
0866
0A7C
01BF
0715
0499
048F
0693
06C4
0551
087F
0643
0560
0760
09D5
088F
027E
0825
0720
06AF
077C
0510
0755
090E
09C2
0A07
06BD
087C
07A8
0320
099C
046D
07F1
05A5
0A40
05D7
078B
0B27
029D
08C6
05B1
06AC
08C2
05A8
0751
044E
078D
0898
0997
06E2
05D9
049A
04C6
047F
073E
0ABA
06CB
0236
0521
083A
0A56
08B4
0460
0416
007A
0630
06D7
05B3
01B7
0675
0590
0625
0895
084C
0871
05C0
0962
059E
05A1
0C49
02AE
0649
08F7
06CD
0694
067E
051C
0758
08C6
096F
072E
058D
07AC
039F
09FA
05E6
03CF
0646
09EB
0997
0673
0846
05FD
054B
0783
0336
0658
0750
0A15
0858
0761
096F
0416
0B58
0303
06EC
0497
07DF
049A
079D
08D5
0ACA
067F
0580
0655
05F3
0773
02C2
019C
06A5
051F
055D
0569
069C
0823
067F
0870
079B
0783
073F
0718
09C4
05CF
0837
082C
0215
097B
0930
092D
0680
051B
085E
06BB
0554
0828
04EF
0969
0743
07E7
086C
0597
04ED
07AC
0A94
05A5
07E2
0945
0322
0918
0481
0382
078B
09EE
0767
0342
0CC5
03B9
07EA
06B6
0756
0885
0642
05E9
0775
0898
062F
0B4E
064C
069F
05B7
072E
0487
03D0
03B4
084B
066B
05A5
07B0
054C
0997
08F9
0723
096C
05CE
0418
0AA1
0A65
052F
0AE2
037B
088E
0947
0A9C
04B8
09B7
07F2
0991
057C
0A97
0687
09E9
0A60
0B6F
0571
08ED
04E6
086D
0880
0930
0836
0C52
0660
0283
07AA
0191
0831
0639
0715
0336
0588
05C2
06E7
0A16
0856
094E
04D8
0A65
050A
05A2
02CC
07EF
0714
0411
03D9
0A62
045D
0392
07A3
05BF
0975
062F
0678
0451
0530
0872
062D
0568
0A41
05D0
0722
0A0A
0590
0B2C
0809
0870
0966
05DE
0602
068D
07F1
08A3
05EB
0757
0864
08E8
091D
068D
05B1
00FB
07EC
0586
0ABF
08EA
0849
07E9
0618
0474
07C5
065F
047E
0655
086A
05E7
08A7
0887
0588
0466
089B
06A6
062B
04D4
04D0
0739
08DE
0557
0AC3
035B
0574
0636
06DF
010E
0A2B
068D
06BE
07C9
047B
0819
07A0
0B8B
0671
0398
06C2
086A
0536
0944
0484
04B1
084E
06C0
0774
04C2
09F0
03A8
0D4A
07E3
0841
0621
09F5
0742
092F
0677
05BE
050A
0857
06EA
069B
099A
0976
0799
077D
01DC
0539
07AB
02FA
04F5
0608
0868
0767
0B37
06C1
0866
0775
0953
04DC
0676
07C0
02BC
0564
05DF
08E0
0674
05B9
09AF
0700
02D6
05D9
05A3
07DA
0851
0554
0644
0510
06F9
07DC
0730
0C1C
0CA3
04D9
0388
0AA2
07C3
0723
0750
0AE8
0599
080F
06C4
052E
06D1
076F
0645
0917
053F
08F1
0491
06D9
063D
08A0
0800
0745
093A
055D
0872
0528
06F7
0764
077B
06F6
067D
068D
070B
056D
083A
079E
0873
03EF
0850
0682
08E1
065F
0402
088F
08A5
0359
083C
0350
0896
043B
0000
0A17
0587
03F3
0802
07C3
0774
0644
061D
0AA3
0803
06EB
05C6
089A
03CC
0601
05DE
08A1
04C4
0958
0895
07BD
0924
05E2
089B
078E
04BE
0792
07C4
0821
094F
02FE
0689
054D
09E2
050A
05F8
06EF
0806
05EB
0A14
0707
0957
05F7
055D
0535
05E7
0610
0807
059C
067A
0763
0475
0A49
04E0
0B2D
056B
0718
06A7
0A6F
02D2
0CD0
07C8
0636
00B7
0787
0862
0750
0CCC
068B
0595
030C
05DE
089D
0891
073A
06AB
05F3
04C2
05F0
06E9
07B8
0713
0B06
0667
05CF
07CE
0A53
0915
08A8
05D0
0884
0C52
05F7
05D1
03B2
09CC
087F
074B
04F6
0850
087F
0824
0892
05D6
07AD
09D4
0609
0992
0829
054B
0395
0627
0BB3
03A9
0914
04F0
07A2
085D
0A94
092A
0439
07B7
05D8
0572
062E
0923
0375
0000
062E
0992
0427
05B4
0C47
07D7
03BC
0359
0A05
08E0
0637
06BF
080D
08E4
078B
0AB7
03C8
084E
0535
08E4
071E
0875
087C
065E
077F
073E
0651
06F7
0678
055C
05F9
04F3
060C
0722
0783
0756
08DD
0925
08B3
09DC
0825
0825
074E
081F
0B47
08B7
04BE
0845
07B8
0899
05E3
07C2
038D
074B
062C
0B5E
0511
0660
054D
0754
0735
06F8
058B
023C
051F
0A06
0656
03CE
0790
090A
0684
053D
081B
0666
063E
057A
060F
09F5
06B2
06F6
06A3
0719
050A
07EF
0805
06C8
0CCF
04AD
04FB
0000
06EA
06C1
0A3E
0576
0994
0760
0788
0535
0AE1
068C
0865
078C
049A
0685
07E6
07BD
0986
0599
0ABE
07B7
0597
02BD
05EF
08F0
0772
03CD
07F7
06F4
0828
075C
0A4A
034D
0803
06BA
0ACA
0579
04AB
01FF
022F
071D
07DA
0687
08B4
06D2
0483
025A
092A
0656
04C2
0B37
06FC
09FD
01BC
0816
0AD2
0564
0776
0729
07E0
0520
0878
0947
0540
09ED
086E
08F8
051E
0522
0864
090C
07BD
0767
0640
08C7
071D
0686
07B1
055C
07A3
06FB
08B3
073B
05D7
0794
094D
028E
081A
0912
0806
0643
0784
07FE
0204
091C
08B4
075C
0832
072A
08C3
0580
0397
03AA
0525
0505
07AC
0279
053C
0545
0833
0472
05EE
07E5
048A
0918
07EC
0745
0782
0305
0A0D
0A4B
04BC
074D
092B
03FA
063D
060F
04C3
01FB
073B
07EE
08B3
08FC
04B8
0AC6
04CF
0443
0913
07BC
07A8
041B
0605
0660
08CB
053D
07B8
06CC
069B
06DF
09D1
05BA
0610
0829
0BEC
0855
0634
05FC
057F
0464
07F7
0795
0832
073B
06D0
086D
0535
012F
06BA
044F
07EA
05E0
088A
055D
0608
07F8
01F1
081B
0298
0967
060D
0473
0744
0633
048A
0B8D
04B5
0687
0914
05E5
0547
0719
0790
0562
0587
09EE
052B
05C1
046E
08B9
0963
07E0
0419
05FD
0618
0729
03D3
0CCC
0647
0544
0258
06FD
099A
01AC
088B
0743
04C9
0598
0895
083F
0616
04AD
0687
05D6
08D5
0634
06BF
09D6
075E
07C8
03E1
0247
066A
072C
0589
042C
069F
0A68
045F
06BF
06C2
06D2
06B7
0398
0903
05B9
07BD
0638
06B4
07C3
0A26
05D2
0950
0519
0413
0820
08BE
09CB
04C7
04B7
05CC
0779
08CF
0644
0902
04A4
04EB
05E2
0636
09DF
03E2
09AC
0B31
06DF
086C
0788
0656
0393
043D
0B5B
0665
0832
076A
0312
03DA
078E
0540
0587
0445
0544
05A1
0658
07A7
04BA
02D9
003E
0700
06B2
08AD
05DA
0442
09D7
04A3
0706
088B
0700
04A5
062C
0723
0640
0974
07D7
07C9
058A
0722
03AB
0D70
090C
05AF
0455
088D
04EB
06E5
0820
0914
0489
0403
05FB
088F
0AB2
048C
0957
04B9
0B50
05CB
06CB
0AF9
0979
0649
0832
0671
0992
0680
0CBA
06CF
0912
0353
0BB7
0622
0953
0877
0731
0811
036D
05C4
0946
0A8E
065A
0221
00B9
0527
08D7
03E1
05BD
03F9
0A23
0762
012C
06AC
0B1B
0627
056D
0462
07B4
066F
059D
07AD
08F2
0728
04ED
06A1
07AD
059D
0705
097F
07B3
0450
04C8
07E9
06D5
0918
09AA
0918
075B
0695
0753
0510
077E
0703
081A
08AE
0B44
04FE
07A3
0425
0550
04AF
073A
065A
056B
04E4
068E
05CB
08D2
0BC1
0103
06A6
0906
0B28
080A
070E
0965
04CE
02D6
0600
05A8
06CF
05A0
0289
03A8
098D
035F
05F6
0757
071E
02E7
06A8
03C5
0997
08B6
05EE
08D7
05E6
0592
0622
0BBA
05DA
0293
0612
03AA
0483
08EC
0676
05EA
0523
0838
07DC
0851
0AFF
0514
094D
0542
0841
026B
0638
0618
06AF
03C9
05ED
09F2
0582
055E
08F1
052F
09C5
05C2
09BC
01ED
0836
059F
0735
094A
068C
04FB
054D
074C
04DB
0000
0711
0561
052E
08A8
04C6
06C0
06FC
08D3
02C4
067B
0486
026C
0227
0297
07AF
0838
0659
052C
0A2B
05B1
07DC
0345
0462
0658
0667
0743
02FF
0352
073F
07CB
0810
0566
081B
0119
08D2
0A49
08EB
081A
06D7
0771
051B
0623
067F
0664
05A5
0507
0439
0878
0791
056C
058C
099E
0620
0379
081E
0866
03D8
09EA
0967
0627
05E1
05E8
05EB
0467
05ED
0A51
0499
08B8
053C
05FC
0774
09AD
055C
083B
02F6
06F1
06BD
0768
06B9
05F3
082D
03EC
074F
0917
0709
0747
09F1
065F
0737
0559
08BE
0329
05FE
0742
0991
060B
073A
01B2
0546
07E9
067E
086D
0858
07E7
05DA
0557
0000
0800
06E3
09D3
0798
0151
0844
07F2
083C
08A7
0A19
031E
05C1
07CF
09EB
0756
09F5
03F5
0671
04D5
0562
01D1
0788
06D2
0730
08C3
0924
03EE
0742
084C
0796
051F
0888
0465
0790
0635
07EA
07D1
0401
05AE
064B
09B6
0470
03E2
0466
0827
06CE
09C7
0346
067E
01C9
0742
0964
0764
055E
0960
0728
09C7
0A0B
077D
06F9
0B36
056B
02DD
0657
06DF
08EA
06C5
05B1
0566
0771
079B
03E5
0845
0ADF
02D8
0536
099F
0834
063D
0463
0B0B
054A
0600
02CC
0337
07DC
083E
06EB
0792
06F9
05B4
0456
08BA
0855
0824
09B5
0731
0902
0B4F
05E3
0377
0408
0802
09C7
072F
09C0
06E1
064B
0600
0595
062E
067B
078B
07CB
0526
09CF
09EA
04B8
0759
06EF
0763
0A01
085D
05FB
07CB
059C
0359
05FC
0759
0933
08B0
07CB
058F
0218
09F2
045B
04E3
083F
0396
01A6
05D2
09F1
0687
057D
06E7
08ED
054D
02ED
0127
07C4
07B4
0676
073C
04AA
0513
036D
0499
03CB
0891
07CD
0B6B
04A0
093F
07E9
089B
0569
042C
081F
0AED
07EF
0551
0982
0653
06D1
05D1
069A
05C3
0823
07FB
05FC
0AD2
0766
0A7C
08CC
07AC
0423
0910
0465
087D
0634
0436
0516
0BB9
052A
08C9
0725
0625
07AD
0AD3
0DC7
04AA
091C
0640
02C0
0CDA
0592
08F9
03CD
0A7E
04D9
0321
0189
0203
0769
069F
0602
03C2
0640
0446
054C
0279
0BAF
063F
05AD
0765
0578
04E1
07FE
02C2
078E
074F
09A3
07BD
099A
034A
0306
0871
0620
09BD
0301
055A
060A
0671
06BD
0613
0885
0484
09E3
06A6
0780
0616
05A0
0414
0936
0A0D
08C0
09A3
05D5
05D0
088F
09DC
037A
0646
0827
0836
0522
0A31
03A6
063D
02F7
082D
0173
058F
07BC
0903
04C4
0000
06A7
05CA
04C4
05A8
05B8
03DC
0BC2
05CB
04E8
08E7
053B
09A3
06BB
06AD
0721
06FA
04B9
0727
09E4
04C5
0B12
09C0
0576
083A
04C8
05F2
07B9
0335
0A7B
063D
0622
02CC
05B0
05DB
06ED
09F5
0817
071D
090B
0B46
06C1
086A
052D
04F6
0996
060D
0637
0A0E
0611
061C
0596
09D1
01E9
066E
04BD
06A3
037A
044A
088F
061B
02F7
0705
04B1
01E4
0280
0529
01F1
0478
0730
0217
071C
0837
065D
0816
081F
0410
0995
0356
0786
02CB
088B
0525
0A02
0297
042C
0788
0659
0831
07BD
0447
0701
02E9
054D
078D
0859
074D
0339
06D3
049E
065F
036D
0668
085C
090C
0850
0827
07BE
0386
05CD
06C2
07A1
0A68
0AE6
0705
07E8
068E
0A47
036C
044F
04D1
05EA
087A
085E
0743
08F6
08FE
03FB
015E
05A0
05B0
078B
0648
06F6
0959
05B2
09D1
067E
0472
06AA
05DA
0A02
06D8
06EA
0408
0421
08A7
0631
0730
012D
08EC
05DE
060C
07F6
03A5
05FB
06AF
039A
05F1
0481
03A1
057C
06D6
0774
079F
08AB
074A
0B18
0724
0C2B
045E
08E1
04C4
083D
098F
0815
0827
0A6E
03BF
0669
04EC
0735
02CE
053D
04BA
077A
03D1
0B23
0693
0620
0532
051B
0377
05EA
048A
05AA
0762
0819
0788
09F3
07AD
084F
03B4
0A03
06CD
0968
0918
08D3
08EF
0652
06B7
03DB
07DB
0673
0820
078F
030E
07D4
05F5
08C2
07DE
05E2
05AE
075D
081A
02CC
070F
0657
06A3
070E
0741
07E3
07BA
0447
050B
051D
09A3
05F7
03E4
0A3C
0477
0BC4
0756
0921
085E
0663
0681
0389
0654
06D7
087C
066F
063A
066F
02B6
03D7
0293
06D7
08BB
061F
07D6
0492
06FD
06D4
062A
04CA
0637
057C
089D
07A6
08D4
0708
0921
06A6
0956
0950
0936
0628
04A5
0694
05FA
08D6
0656
03E9
0BA5
0B53
0495
0654
062E
08E5
0548
0722
01DB
07A0
0351
08C9
05A1
0818
0574
0644
0707
0787
06C6
07A8
0636
041B
076A
0719
0848
0913
0928
07A7
0996
0936
0A8B
0805
0511
0613
0757
02FD
007A
06C8
0732
06E7
0A45
03DA
07D8
06D5
04FD
03F9
04B9
0A11
0742
04EC
0925
03EF
09B5
0551
06E6
0705
0799
08BA
0827
070A
06B2
0566
08C5
07B5
06BF
0879
06A3
0358
0699
0797
05AB
07CA
05CF
0482
081F
054F
02AD
0637
05E1
07D3
0923
0B9A
0596
05FA
0948
073C
07B6
073C
0679
0425
0623
07F9
0A79
0A12
0707
09E1
04D3
05EA
031E
038F
0000
071E
0649
0859
03C2
0645
06BC
0887
05F0
06F1
05EA
06BE
053A
06C2
0316
0977
06C7
0A77
078B
0A06
06BE
0A30
08C9
0473
094E
06C3
07FA
0869
06F3
0856
07B9
0204
04FE
08C3
0795
0291
066F
01D6
0750
0693
0605
0852
0A6B
074C
059D
05F0
075F
0535
077B
0868
068F
0A31
07B2
087D
07AD
0696
0A33
0A07
08B7
09C8
0441
030E
0881
0403
0000
04D7
07B4
05DF
0881
07C1
0672
0C7F
0853
0634
0AA8
0767
092F
0555
067E
0822
08BF
099E
09DC
0869
09E5
064A
0A19
072A
073B
0D3E
0507
0542
0601
06FB
05D5
064E
030F
07FB
0867
04FF
065B
06FC
0424
092D
062B
052E
0893
08F6
098B
05E2
08BC
03A9
07C1
05D2
076B
03C8
0833
0143
07F7
066F
0CA8
0704
0617
048C
09AA
02A2
0555
033F
0043
05B1
0A26
0601
088F
074A
056D
064B
0780
07B0
05DF
0BFC
0540
0A44
052C
07F5
0773
084A
039E
0970
068A
0696
07B2
086A
060A
0913
0980
0717
0440
0270
0737
07E5
0657
035B
086A
0446
055C
06F1
03F6
0678
0B46
0545
08B2
0683
0759
0879
03F5
047D
0254
0A85
0666
03B0
06B0
04BE
04D5
066F
0565
07F0
064C
0280
050A
0663
0821
056C
028F
044C
09CB
0B31
0B6F
0AEA
0996
0804
0A77
06FC
0541
073D
03FF
07B2
079A
08E1
0A3C
06FA
0441
06D9
0916
08F5
0683
0779
0713
0627
08A2
0587
0814
0B57
0577
0602
04DC
0694
0818
07DA
0579
0719
06EA
053D
0594
0707
0911
08FC
0889
07AC
02D2
0539
02B5
0469
090F
06CC
06A6
0810
0588
0991
079A
0611
07AC
02A5
08D3
05EC
0509
035A
042D
051F
0891
0971
0787
0961
02C7
0791
093B
07CB
06CB
063C
09A9
0364
0823
03D9
04FD
06F6
0A7B
0635
0936
07F3
04AD
07E6
0752
08BC
077E
06A3
0610
058B
06D5
0AD7
08A4
064E
07B0
06A5
0A61
0394
0793
0680
07FC
06B1
057A
0855
05DC
075F
031E
041A
06F2
0861
08AD
0701
0694
0995
047F
07BA
0A67
07DB
071A
08A4
02EB
0535
06AD
0476
039E
07D2
04F0
0550
084D
0642
0209
038C
061B
0812
0606
06AC
069B
06C5
07D4
0602
07F0
0641
0699
05FE
07AB
0A32
0847
072C
02F5
0879
08F8
0726
0589
057E
03C8
07C7
04E0
098E
0758
06B3
05EE
05B6
049E
0873
0556
09E8
06AF
0C0E
0229
0387
0478
06A6
0786
055F
0711
05D3
0ACD
05CD
076D
039A
0987
07E6
0550
04D4
06C5
05BE
0835
04C1
01BC
071C
0713
04CE
0586
0619
092F
034F
0903
0904
0697
0706
0805
0643
094F
05D8
05C6
064A
0B12
0615
0530
0846
0889
06A2
06A1
05C5
0A2C
06F3
048B
0803
05DD
097A
0682
05AB
0A5B
08C3
07BF
0AFA
043C
078D
056F
0535
07E7
048C
0991
0754
0A8F
0473
09AB
058E
076E
025A
0A43
06F1
0434
04A9
0874
09BD
0444
03BB
0627
07AE
0819
0457
034B
0365
0977
0592
0529
0599
082A
062D
07B3
05E6
0B79
05FE
0C0A
0710
0885
06C5
0481
05CB
05AC
07B5
01DB
09B2
08BE
0939
042E
04FF
0855
0488
0371
0611
070D
0756
0B98
067F
0866
0512
03BD
08CE
09A8
0667
0916
0467
0927
068C
0956
0654
092A
096D
0A8C
08E3
0841
0786
086E
0C45
0577
07D7
031F
09F2
0810
04DE
0831
091C
0624
03ED
000C
061A
098B
09EC
05B2
07A3
09BD
0832
0551
08F3
098E
096A
0929
0A93
07E0
0854
0884
01CA
05EC
0473
06C9
08A8
04F3
0761
0492
05E8
08D4
033C
0198
0480
09FD
0894
063E
073D
0570
08CD
05D1
0483
08FD
0623
04B9
0394
095E
0938
080E
0815
07F0
078D
0918
06CE
06F3
09B3
03EF
0809
0679
08A6
0577
0591
0877
04D4
037E
09F2
069B
0616
0268
056C
09BF
0CA7
090E
075D
0697
0DD3
093E
06CD
08D5
09C2
060F
0B5E
080F
0811
05DD
091A
0507
081B
017F
0431
0992
0829
084C
01AA
0A67
05AD
0772
064D
0865
0933
08D9
08E8
0708
069E
05E0
085A
073E
06A7
022C
0379
04C3
085B
0794
063D
09D8
07CB
0B05
05D2
0456
0779
067F
09E8
06A3
0582
0738
04A7
07F2
07F1
03DC
08DF
06FD
020F
0187
08E4
0A7B
0BA1
08CB
09F1
0777
06D4
0850
0430
0A73
08B7
049A
07DB
08E8
06BF
0704
0A55
07AE
048D
0434
07B7
0565
0619
03CB
0A26
07A5
0A6A
02C1
0911
08CC
0C56
0715
04FA
06D8
0567
0921
0827
085D
05FA
0963
03E4
0683
0A76
0945
05D8
037B
0747
0499
0452
0585
06A0
076C
0426
0934
07D5
0A4D
05AF
03D8
07DC
0486
0763
09E8
039B
0000
085D
0482
0B74
07B9
0924
0926
0939
08C8
063D
085B
0C15
081E
056D
09E8
06CD
02C5
05ED
098A
0627
02BC
054E
09FC
04CD
0747
057D
06D5
0AC1
06DA
0687
0655
0891
08BB
05FA
0552
0748
07EB
08D8
0729
0602
0508
02DA
04FF
07F2
0894
032C
07CE
04A1
0589
03C8
0437
0833
0577
06CB
04C2
076D
04B3
0856
02DA
0651
0598
068E
0C5F
0577
00D6
0908
0680
05F0
065D
03C1
089D
0650
082E
053B
06AA
0B32
09DA
066D
0506
085A
069D
0802
096E
06F2
0534
0665
0972
035B
09AD
06D4
0656
0622
0AFF
049F
08C2
06DB
05C6
0945
052E
080C
05EB
0A59
04E7
08B8
056E
0624
05CF
08E0
0752
0744
0464
037A
06E2
0729
0729
0A2D
0448
08C1
0720
06F7
07D5
0916
03C3
04C0
051C
05CB
0973
0545
0000
05B1
096A
02B6
082B
02D4
04C6
067F
043B
051A
0967
0710
0732
0B29
03C7
0785
078E
06CC
064E
09C4
085D
0775
0727
06EB
0089
0AEC
05B1
07D5
07F3
0784
01E6
09A2
0422
05FB
07AF
0885
048E
09DB
0956
065C
08CC
06A6
0684
07D0
0545
0526
08C8
07B2
0610
0B4E
05D1
077C
05AD
055D
0645
082B
064B
07FA
06DE
0506
0C62
0461
077F
03A6
0426
047F
0849
089A
049A
073B
051E
07EA
0A1D
07B4
0877
09A2
0689
09D2
0888
08C8
069C
0876
04A0
08AE
0880
0999
05B2
0807
0671
0818
06F8
068E
094D
0AB6
0113
0652
0930
033B
065F
0941
039C
0703
0A17
0661
0B33
0656
099D
0882
06E5
0423
099E
0898
05B0
0BE6
0727
0879
0423
062C
067C
0717
02F6
0826
07B7
07A8
0799
07B5
0463
0787
037D
0812
073D
0714
05F0
093C
07B4
0392
0B16
08C7
053B
0898
064A
0A36
0AB3
085A
0627
0635
09EE
05F7
08E2
08C5
0843
07E9
06EE
0675
0A0A
086E
041B
0584
0ADF
039A
0AD7
0608
02B5
0778
05A9
0596
0A24
0301
0701
06EC
08D0
06C3
0950
0489
0B49
0882
0521
0996
07F3
0A50
07EE
04E3
0766
08B7
0773
08C5
0A4D
03AA
067E
0A27
061F
033F
0537
086B
0563
0881
0991
07F8
083B
04FE
08A0
089C
0657
0584
05AC
062F
06A5
0550
08F3
0401
0BAD
03E9
07C9
060E
050F
0815
0832
0A9E
051E
0D0E
07FF
0771
0869
04FA
06CD
090B
03B9
0691
0B74
0291
08E6
03E8
09B2
06EF
0995
086A
06E0
06E0
0812
08A4
0495
0766
0A46
058F
078C
0647
0367
092C
09DD
060A
0B7E
067F
0898
064F
0646
02EC
0000
09B1
0606
057F
05A1
0947
0809
0A63
050A
0A69
0127
0641
04AB
0768
073A
04B0
0666
0482
04F6
09CE
0182
0B4F
082D
0852
0749
06A9
06A1
0975
0BAE
037F
090E
07D0
061C
04AE
03AA
0442
086B
0813
0807
0816
0481
08B0
0640
0B59
0672
0647
0699
08A0
045C
0820
08E2
0619
07B8
083B
04E6
0800
0957
0812
06DC
0B7C
004B
09D4
0563
07F7
01D0
09BD
068A
0470
070C
03FA
0705
0797
0624
05D5
089F
0266
084D
040A
08F8
0753
09C5
06C8
06AE
07CF
0697
09B9
09F2
08D3
0685
0A9B
07AF
046A
0859
0663
070B
057E
0252
0A12
0434
06A5
04D2
0833
0667
0906
048F
08BE
09D6
07A0
0589
04F0
078E
07A7
08D1
0986
0B0E
084C
05F3
0709
0765
07A2
0B3C
07B0
03EE
0640
08B8
0669
08FE
036F
0000
06DE
0A83
0452
07F8
0604
061E
0C8C
0771
0400
064F
03C9
0820
08AB
059A
06F1
04F5
0656
060D
07D7
06F4
0596
07F3
0838
0561
047F
076F
035E
08E1
0511
0760
06EB
0604
04DE
0707
0681
09F8
029D
05A6
06CA
0946
058C
0601
0609
0764
0302
0357
098B
09CB
09B9
0A66
0693
03F9
06B9
0DEE
087E
08B8
0786
0414
0826
090C
0480
0731
054D
0300
06A4
080B
0621
06AF
0618
02D9
07DE
0670
0519
0474
08DF
05E2
09EE
0812
0629
059D
0563
0333
083C
051D
08A7
0817
082B
0663
0000
0551
0508
07A5
06B6
0576
070C
039A
0A40
0831
049D
0460
0541
07E4
08BC
0574
087F
042C
0381
056E
0753
05E7
0A22
0A16
0834
07C2
06DD
069F
0737
057A
0836
05D6
0760
02D7
052E
04BC
0C85
02BC
05E8
0352
0A90
07D2
0B57
05DD
060E
0351
05EA
06F7
02DD
06C5
0767
0662
05CC
0792
07F1
0887
0994
059C
063B
05A5
08F2
08DD
087F
0662
04B9
0551
08DB
07C3
08AA
0592
09FE
0556
049C
0661
087B
0930
05B1
006F
076E
0511
083C
047A
05EB
0635
0A5B
06F7
0B36
0CF6
04D5
0862
03B4
0559
0842
083C
0B67
05C0
050A
0783
03FC
0597
0627
08A7
02BD
0197
0795
06DA
07B3
09C5
063E
076A
080E
0A0D
0682
0529
06EA
045A
0628
0531
082E
04F9
0518
060C
052D
0848
0864
04DF
0553
0659
0937
0405
06E8
066E
0860
0542
06D3
06CA
09A1
08D1
0718
04D1
05BD
0983
070D
0735
0535
06E0
012F
032A
0A29
09AE
0507
0A88
0476
03E8
04BF
07B1
074A
09CD
0609
089A
04A0
099E
06FD
073B
05BE
0948
0383
0288
0700
06D6
03F4
084A
0387
03E4
0801
0790
0572
04DF
0631
07A1
0250
0700
071E
0998
0A46
07A9
0456
078E
0AB6
05BF
09B9
0627
072C
049D
065F
05EF
0886
09C2
07A3
04F8
07DF
07AF
08B8
06C7
05A0
0575
0843
0938
076C
0B74
03E6
06B4
0837
07CD
04B0
0957
042E
020B
076F
030F
070A
08B8
089E
08DD
0472
07AE
02D8
065E
0581
0B88
0416
01C3
08B1
0741
088D
057D
09BC
0718
0BA7
091C
096F
0712
085F
08D1
068E
091F
0AAA
078C
0A1A
06E5
07F3
0774
0C00
092A
09F5
0B78
0A77
09BC
06DB
0AA6
085D
0A78
09A5
07FF
0846
092D
0BED
06C6
0B8D
08F2
0A19
0811
08FD
0654
097E
04BC
07A6
0B3B
05EE
092D
099A
04D8
07D7
0613
082D
0749
0AAF
0948
0816
0752
0A71
0AEF
0807
0577
05E9
0000
01B8
033F
02DE
01C7
053E
0478
02A9
030B
03E6
0400
013E
0394
048A
039E
066C
023A
032C
03A9
01BD
0333
02E0
06AC
0223
06B5
0249
051A
032A
0663
0282
0426
02E0
03BB
033A
0469
0387
02A0
01B2
06D0
0156
051C
04DD
0388
04F4
01F2
0000
0482
01BF
021A
06C8
0140
01AD
04DE
00FD
03DB
0336
0538
04FC
0126
047E
0258
057F
04AE
04BE
0000
0000
0000
0000
0000
0000
0000
0000
0000
0027
0000
0000
0000
0000
0000
0000
0000
0000
0000
0000
0000
0000
0000
0000
002F
0000
0000
0000
0000
0000
0000
0000
0000
0000
0000
0000
0000
0000
0000
0000
0000
0000
0000
0000
0000
0000
0000
0000
0000
0000
0000
0000
0000
0000
0000
0111
0000
0000
0000
0000
0000
0000
01BB
0003
0000
0000
0000
0000
0000
0000
0000
0000
0000
0000
0000
0000
0000
0000
0000
0000
0000
0000
0000
0000
0000
0000
0000
0000
0000
0000
0000
0000
0154
0000
0000
0000
0000
0000
0000
0000
0000
0000
0000
0000
0000
0000
0000
0000
0102
0000
0000
0000
0000
0000
0000
0000
0000
0000
0000
0000
0000
0000
0000
0000
0000
0000
0000
0000
0000
0000
0000
0000
0000
0000
0000
0000
0000
0000
0000
0000
0000
0000
0000
0000
0000
0000
0000
0000
0000
0000
0000
0000
0000
0000
0000
0000
0000
0000
0000
0000
0000
0000
0000
0000
0000
0000
0000
0000
0000
0000
0000
0000
0000
0000
0000
0000
0000
0000
0000
0052
0000
0000
0000
0000
0000
0000
0000
0000
0000
0000
0000
0000
002C
0000
0000
0000
0000
0000
0000
0000
0000
0000
0000
0000
0000
0000
0102
0000
0000
0000
0000
0000
0000
0000
0000
0000
0000
0000
0000
0000
0000
0000
0000
0000
0000
0000
0000
0000
0000
0000
0000
0000
0000
0000
0000
0000
0000
0000
0000
0000
0000
0000
0000
0000
0000
0000
0000
0000
0000
0000
0000
0000
0000
0000
0000
0000
0000
0000
0000
0000
0000
0000
0000
0000
0000
0000
0000
0000
0083
0000
0000
0000
0000
0000
0000
0000
0000
0000
0000
0000
0000
0000
0000
0000
0000
0000
0000
0000
0000
0060
0000
0000
0000
0000
0000
0000
0000
0000
0000
0000
0000
0000
0000
0000
0000
0000
0000
0000
0000
0000
0000
0000
0000
0000
0000
0000
0000
0000
0000
0000
00ED
0000
0000
0000
0000
0000
0000
0000
0000
0000
0000
0000
0000
0141
0000
0000
0000
0000
0000
0000
0000
0000
0000
0000
0000
0000
0000
0000
0000
0000
0000
0000
0000
0000
0000
0014
0000
0000
0000
0000
0000
0000
0000
0000
0000
0000
0000
0000
0000
0000
0000
0000
0000
0000
0000
0000
0000
0000
0000
0000
0000
0000
0170
0000
0000
0000
0000
0000
006B
0000
0000
0000
0000
0000
0000
0000
0000
0000
0000
0000
0000
0000
0000
0000
0000
0000
0000
0000
0000
0000
0000
0000
0000
0000
0000
0000
0000
0000
0000
0000
009E
0000
0000
0000
0000
0000
0000
0000
0000
0000
0000
0000
0000
0000
0000
0000
0000
0000
0000
0000
0000
0000
0000
0000
0000
0000
0000
0000
0000
0000
0000
0000
0000
0000
0000
0000
0000
0000
0000
0000
0000
0000
004B
0000
0000
0000
0000
0000
0000
0000
0000
0000
0000
0000
0000
0000
0000
0000
0000
0000
0000
0000
0000
0000
0000
0000
0000
0000
0000
0000
0000
0000
0000
0000
0000
0000
0093
0000
0000
0000
0000
0000
0000
0000
0000
0000
0000
013F
0000
0000
0000
0000
0000
0000
0156
0000
0000
0000
0000
0000
0000
0000
0000
0000
0000
0000
0000
0000
0000
0000
0000
0000
0000
0000
0000
0000
0000
0000
0000
0000
0000
0000
0000
0000
0000
0000
0000
0000
0000
0000
0000
0000
0000
0000
0000
0000
0000
0000
0000
0000
0000
0000
0000
0000
0000
0000
0000
0000
0000
0000
0000
0000
0000
0000
0000
0000
015E
0000
0000
0000
0000
0000
0000
0000
0000
0000
0000
0000
0000
0062
0000
0000
0000
0000
0000
0000
0000
0000
0000
0000
0000
0000
0000
0000
0000
0000
0000
0000
0000
0000
0000
0000
0000
0000
0000
0000
0000
0000
0000
0000
0000
0000
0000
0000
0000
0000
0000
0000
0000
0000
011A
0000
0000
0000
0000
0000
0000
0000
00FC
0000
0000
0000
0000
0000
0000
0000
0000
0000
0000
0000
0000
0000
0000
0000
0000
0000
0000
0000
0000
0000
0000
0000
0000
0000
0000
0000
0000
0000
0000
016B
0000
0000
0000
0000
0000
0000
0000
0000
0000
0000
0000
0000
0051
0000
0000
0000
0000
0000
0000
0000
0000
0000
0000
0000
0000
0000
0000
0000
0000
0000
0000
0000
014C
003B
0000
0000
0000
0000
0000
0000
0000
0000
0000
0000
0000
0000
0000
0000
0000
0000
0000
0000
0000
0000
0000
0000
0000
0000
0000
0000
0000
001C
0000
0000
0000
0000
0000
0000
0000
0000
0000
0000
0000
0000
0000
0000
0000
0000
0000
0000
0000
0000
0000
0000
00D4
0000
0000
0000
0000
0000
0000
0000
0043
0000
0000
0000
0000
0000
0000
0179
0000
0000
0000
0000
0000
0000
0000
0000
0000
0000
003A
0000
0000
0000
0000
0000
0000
0000
0000
0000
0000
0000
0000
0000
0000
0000
0000
0000
0000
0000
0000
0000
0000
0000
0000
0000
0000
0000
0000
0000
0000
0000
0000
0000
0000
0000
0000
0000
0000
0000
0000
0000
0000
0000
0000
0000
0000
0000
0000
0000
0000
0000
0000
0000
0000
0000
0000
0000
0000
0000
0000
0000
0000
0000
0000
0000
0000
0000
0000
0000
0000
0000
0000
0000
0000
0000
0000
0000
0000
0000
0000
0000
0000
0000
0000
0000
0000
0000
0000
0000
0000
0000
0000
0000
0000
0000
0000
0000
0000
0000
0000
0000
0000
0000
0000
0000
0000
0000
0000
0000
0000
0000
0000
0000
0000
0000
0000
0000
0000
0000
0000
0000
0000
0000
0000
0000
0000
0000
0000
0000
0000
0000
0000
0000
0000
0000
0000
0000
0000
0000
0000
0000
0000
0000
0000
0000
0000
0000
0000
0000
0000
0000
0000
0000
0000
0000
0000
0000
0000
0000
0000
0000
0000
0000
0000
0000
0000
0000
0000
0000
0000
0000
0000
0000
0320
0000
0000
0000
0000
0000
0000
0000
0000
0000
0000
0000
0000
0000
0000
01BA
0000
0000
0000
0000
0000
0000
0000
0000
0000
0000
0000
0000
0000
0000
0000
0000
0000
0000
0034
0000
0000
0000
0000
0000
0000
0000
0000
0000
0000
0000
0000
0000
0000
0000
0000
0000
0000
0000
0000
0000
0000
0000
0000
0000
0000
0000
0000
0000
0000
0000
0000
0000
0000
0000
0000
010C
0000
0000
0000
0000
0000
0000
0000
0000
0000
0000
0000
0000
0000
0000
0000
0000
0000
0000
005A
0000
0000
0000
0000
0000
0000
0000
0000
0000
0000
0000
0000
0000
0000
0000
0000
0000
0000
0000
0000
0000
0000
0000
0000
0000
0000
0000
0000
0000
0000
0000
0000
0000
0000
0000
0000
0000
0000
0000
0000
0000
0000
0000
0000
0000
00B6
0000
0000
0000
0000
0000
0000
0000
0000
0000
0000
0000
0000
0000
0000
0000
0000
0000
0000
0000
0000
0000
0000
0000
0000
0000
0000
0000
0000
0000
0000
0000
0000
0000
0000
0000
0000
0000
0000
0000
0000
0000
0000
0000
0000
0000
0000
0000
00B6
0000
0000
0000
0000
0000
0000
0000
0000
0000
003A
0000
0000
0000
0000
0000
0000
0000
0000
0000
0000
0000
0000
0000
0000
0000
0000
0000
0000
0000
0047
0000
0000
0000
0000
0000
0000
0000
0000
0000
0000
0000
0000
0002
0000
0000
0000
0000
0000
0000
0000
0000
0000
0000
0000
0000
0000
0000
0000
0000
0000
0000
0000
0000
0000
0000
0000
0000
0000
0000
0000
0000
0000
0000
0000
0000
0000
0000
0000
0000
0000
0000
0000
0000
0000
005F
0000
0000
0000
0000
0000
0000
0000
0000
0000
0148
0000
0000
0000
0000
0000
0000
0000
0000
0000
01B8
0223
0000
0000
0000
0000
0000
0000
0000
0000
0000
0000
0000
0084
0093
0000
0000
0000
0000
0000
0000
0000
0000
0000
00D3
0000
0000
0000
0000
0000
0000
0000
0000
0000
0000
016F
0000
0000
004A
0000
0000
0000
0000
0000
0000
0000
0000
0000
0000
0000
0000
0000
0000
0000
0000
0000
0000
0000
0000
0000
0000
0000
0000
0000
0000
0000
0000
0000
0000
0000
0000
0000
0000
0000
0005
0000
0000
0000
0000
0000
0000
00A4
0000
0000
0000
0000
0000
0000
0000
0000
0000
0000
0000
0000
0000
0000
0000
0000
0000
0000
0000
0000
0000
0000
0000
0000
0000
00AA
0000
0000
0000
0000
0000
0000
0000
0000
0000
0000
0000
0000
0000
0000
0000
0000
0000
0000
0000
0014
0000
0000
0000
0000
0000
0000
0000
0000
0000
0000
0000
0000
0000
0000
0000
0000
0000
0000
0000
0000
0000
0000
0000
0000
0000
0000
0000
0000
0000
0000
0000
0000
0000
00E9
0000
0000
0000
0000
0057
007A
0000
0000
0000
0000
0000
0000
0000
0000
0000
0000
0000
0000
0000
0000
0000
0000
0000
0000
0000
0000
0000
0000
0000
0000
0000
0000
0000
0000
0000
0000
0000
0000
0000
0000
0000
0000
0000
0000
0000
0000
0000
0000
0000
0000
0000
0000
0000
0000
0000
0000
0000
0000
0000
0000
0000
0000
0000
0000
0000
0000
0000
0000
0000
0000
0000
0000
0000
0000
0000
0000
0197
0000
0000
0000
0000
0000
0000
0000
012D
0000
0000
0000
0000
0000
0000
0000
0000
0000
0000
0000
01E2
0000
0000
0000
0000
0000
0000
0000
0000
0000
0007
0000
0000
0000
0000
0000
0000
00B0
0000
0068
0000
0000
0000
0000
0000
0043
0000
0000
0000
0000
0000
0000
0000
01AF
0000
0000
0000
0000
0000
0000
0000
0000
0000
0000
0000
0000
0000
0000
0000
0000
0000
0000
0000
0000
0000
0000
0000
0000
0000
0000
0000
0000
0089
0000
0000
0000
0000
0057
0000
0000
0000
0000
0000
0000
0000
0000
0000
0000
0000
0000
0000
0000
0000
0000
0000
0000
0000
0000
0000
0000
0000
0000
0000
0000
0000
0000
0000
0000
0000
0000
0000
0000
0000
0000
0000
0000
0000
0000
0000
0000
0000
0000
0000
0000
0000
0115
0000
0000
0000
0000
0000
0000
0000
0000
0000
0000
0000
0000
0221
0000
0000
0000
0000
0000
0023
0000
0000
0000
0000
0000
0000
0000
0000
0000
0000
0000
0000
0000
0000
0000
0000
0000
0000
0000
0000
0000
00A5
00CE
0000
0000
0000
0000
0000
0000
0000
0000
0000
0000
0000
0000
0000
0000
0000
0000
0000
0000
0000
0000
0000
0000
0000
0000
0000
0000
0000
0000
0000
0000
0000
0000
0000
0000
0000
0000
0000
0000
0000
0000
0000
0000
0000
0000
0000
0000
0000
0000
0000
0000
0000
0000
0000
0000
00E7
0000
0000
0000
0000
0000
0000
01A2
0000
0000
0000
0000
0000
0000
0000
0000
0000
0000
0000
0204
0000
0000
0000
0000
0000
0000
0000
0000
0000
002F
0000
0000
0000
0000
0000
0000
0000
0000
00D0
0000
0000
0000
0000
0000
0000
0000
0000
0000
0000
0000
0000
0000
0000
0000
0068
0000
0000
0000
0000
0000
0000
0000
002B
0000
0000
0000
0000
003A
0000
0000
0000
0000
00C4
0000
0000
0000
0000
0000
0000
013A
0000
0000
0000
0000
0000
0000
0000
0000
0000
0000
0000
0000
0000
0000
0000
0000
0000
0000
0000
0000
0000
0000
0000
0000
0000
0000
0000
0000
0000
0000
0000
0000
0000
0012
0000
0000
0000
0000
0000
0000
0000
0000
0000
0000
009C
0000
0000
0000
0000
0000
0000
0000
0000
0000
0000
0000
0000
0000
0000
0176
0000
0000
0000
0000
0000
0000
0000
0000
0000
0000
0000
0000
0000
0000
0000
0000
0000
0000
0000
0000
0000
0000
0000
0000
0000
0000
0000
0000
0000
0000
0000
0000
0000
0000
0000
0000
0000
0000
0000
0000
0000
0000
0000
0000
0000
0000
0103
0000
0000
0000
0000
0000
0000
0000
0000
0000
0000
0000
0008
0000
0000
0000
0031
0000
0000
0000
00A5
002A
0000
0000
0000
0000
0000
0000
0000
0000
0000
0000
0000
0000
0000
0000
0000
0000
0000
0000
0000
0000
0000
0000
0000
0000
0000
0000
0000
0000
0000
0000
0000
0000
0000
0000
0000
0000
0000
0000
0000
0000
0000
0042
0000
0000
0000
0000
0000
0000
0000
0000
0000
0000
0000
0000
0000
0000
0000
0000
0000
0000
0000
0000
0000
0000
0000
0000
0000
0000
0000
0000
0000
0000
0000
0089
0000
0000
0000
0000
0000
0000
0000
0000
0000
0000
0000
0000
0000
0000
0000
0000
0000
0000
0000
0000
0000
0000
0000
0000
0000
0000
0000
0000
0000
0000
0000
0000
0000
0000
0000
0000
0000
0000
0000
0000
0000
0000
0000
0000
0000
0000
0000
0000
0000
0000
0000
01DA
00FB
0000
0000
0000
0000
0000
0000
0000
0000
0006
0000
0000
0000
0000
0000
0000
0000
0000
007F
0000
0000
0000
0000
0000
0000
0000
0000
0000
0000
0000
0000
0000
0000
0000
0000
0000
0059
0000
0000
0000
0000
0000
0000
0000
0000
0000
0000
0000
0000
0000
0000
0000
0000
0000
0000
0000
0000
0000
0000
0000
0000
0000
0038
0000
0000
0000
0000
0000
0000
0000
0000
0000
0000
0000
0000
0000
0000
0000
0000
0000
0000
0000
0000
0000
0000
0000
0000
0000
0000
0000
0000
0000
0000
0000
0000
0000
0000
0000
0000
0000
0000
0000
0000
0000
0000
0000
0000
0000
0000
0000
0000
0000
0000
0000
0000
0000
0000
0000
0000
0000
0000
0000
0000
0000
0000
0000
0000
00B3
0000
0000
0000
0000
0000
0000
0000
0000
0000
0000
0000
0000
0000
0000
0000
0000
0000
0000
0000
0000
0000
0000
0000
0000
0000
0000
0000
0000
0000
0000
0000
0000
0000
0000
0000
0000
0000
0000
0000
0000
0000
0000
0000
0000
0000
0000
0000
0000
0195
0000
0000
0000
0000
0000
0000
0000
0000
0000
0124
0000
0000
0000
0000
0000
0000
0000
01D0
0000
0000
0000
0000
0000
0000
0000
0000
0000
0000
0000
0000
0000
0000
0000
0000
0000
0000
0000
0000
0000
0000
0000
0000
0000
0000
00CB
0000
0000
0000
002C
0000
0000
0000
0000
0000
0000
0000
0000
0000
0000
0000
0000
0000
0000
0000
0000
0000
0000
0000
0000
0000
0000
0000
0000
0000
0000
0000
0000
0000
0000
0000
0000
0000
005E
0000
0000
0000
0000
0000
0000
0000
015F
0000
0000
0000
0000
0000
0000
0000
0000
0049
0000
0000
0000
0000
0000
0000
0000
0000
0000
0024
0000
0000
0000
0000
0000
0000
0000
0000
0000
0000
0000
0000
0000
0000
0000
0000
0000
0000
0000
0000
0000
0000
0000
0000
0000
0000
0000
0000
0000
0000
0000
0000
0000
00D7
0000
0000
0000
0000
0000
0000
0000
0000
0000
0000
0000
0000
0000
0000
0000
0000
0000
0000
0000
0000
0000
0000
0000
0000
0000
0000
0000
0000
0000
0000
0000
0000
0000
0000
0000
0000
0000
0000
0000
0000
0000
0000
0000
0000
0000
0000
0000
0000
0000
0000
0000
0000
0000
0000
0000
0000
0000
0000
0000
0000
0000
0000
0053
0000
0000
0000
0000
0000
0000
0000
0000
0000
0000
0000
0000
0000
0000
0000
0000
0000
0000
0000
0000
0000
0000
0000
0000
0000
0000
000E
0000
0000
0000
0000
0000
0000
0000
0000
0000
0000
0000
0000
0000
0000
0000
0000
00FD
0000
0000
0000
0000
0000
0000
0000
0000
0000
0000
0000
0000
016A
0000
0000
0000
0000
0000
0000
0000
01B2
0000
0000
0000
0000
0000
0000
0000
0000
011C
0000
0000
0000
0000
0000
0000
00A4
0000
0000
0000
0000
0000
0000
0000
0000
0000
0000
0000
0000
0000
0000
0000
0000
0000
0000
0000
0000
0000
0000
0000
0000
0000
0000
0000
0000
0000
0000
0000
0000
0000
0000
0000
0000
0000
0000
0000
0000
0000
0000
0000
0000
0000
0087
0000
0000
0000
0000
0000
0000
0000
0000
0000
0000
0000
0000
0000
0000
0000
0000
0000
0000
0000
0000
0000
0000
0000
0000
0000
0000
0000
0000
0000
0000
0000
0000
0000
0000
0000
0000
0000
0000
0000
0000
0000
0000
0000
0000
0000
0000
0000
0000
0000
0000
0000
0000
0000
0000
0000
0000
0000
0000
0000
0000
0000
0000
0000
0000
0000
01E0
0000
0000
0000
0000
0000
0000
0000
0000
0000
0000
0000
0000
0000
0000
0000
0000
0000
0000
0000
0000
0000
0000
0000
0000
0000
0000
0000
0000
0000
0000
0169
0000
0000
0000
0000
0000
0000
0000
0000
0000
0000
0000
0000
0000
0000
0000
0000
0000
0000
0000
0000
0000
0000
0000
0000
0000
0000
0000
0000
0000
0000
0000
0000
0000
0000
0000
0000
004E
0000
0000
0000
0000
0000
0000
0000
0000
0000
0000
0000
0000
0000
0000
0000
0000
0000
0000
0000
0000
0000
0000
0000
0000
0000
0000
0000
0000
0000
0000
0000
0000
0000
0000
0000
0000
0000
0000
0000
0000
0000
0000
0000
0000
0000
0000
0000
0013
0000
0000
0000
0000
0000
0000
0000
0000
0000
0000
0000
0000
0000
0000
0000
0000
0000
0000
0000
0000
0000
0000
0000
0000
0000
0000
0000
0000
0000
0000
0000
0000
0000
0000
0000
0000
0000
0000
0000
0000
0000
0000
0000
0000
0000
0000
0000
0000
0000
0000
0000
0000
0000
0000
0000
0000
0000
0000
0000
0000
0000
0000
0000
0000
005D
0000
0000
0000
0000
0000
0000
0000
0000
0000
0000
0000
0000
0000
0000
0000
0000
0000
0000
0000
0000
0000
0000
0000
0000
0000
0000
0000
0000
0000
0000
0000
0000
0000
0000
0000
0000
0000
0000
0000
0000
0000
0000
0000
0000
0000
0000
0000
0000
0000
0000
0000
0000
0000
0000
0000
0000
0000
0000
0000
0000
0000
0000
0000
0000
0000
0000
0000
0000
0000
0000
0000
0060
0000
0000
0020
0000
0000
0000
0000
0000
0000
0000
0000
0000
0000
0000
0000
0000
0000
0000
0000
0000
0000
0000
0000
0000
0000
0000
0000
0000
0000
0000
0000
0000
0000
01D4
0000
0000
0000
0000
0000
0000
0000
0000
0000
0000
0000
0000
0000
0000
0000
0000
0000
0000
0000
0000
0000
0000
0000
0000
0000
0000
0000
0000
0000
0000
0000
0000
0000
0000
0000
0000
0000
0000
0000
0000
0000
0000
0000
0000
0000
0000
0000
0000
0000
0000
0000
0000
0000
0000
0000
0000
0000
0000
0000
0000
0000
0000
0000
0000
0000
0000
0000
0000
0000
0000
0000
0000
0000
0000
0000
0000
0000
0000
0000
0000
0000
0000
0000
0000
0000
0000
0000
0000
0000
0000
0000
0000
0000
0000
0000
0000
0000
0000
00E9
0000
0000
0000
0000
0000
0000
0000
0000
0000
0000
0000
0000
0000
0000
0000
0000
0000
0000
0000
0000
0000
0000
0000
0000
0000
0000
0000
0000
0000
0000
0000
0000
0000
0000
0000
0000
0000
0000
0000
0000
0000
0000
0000
0000
0000
0000
0000
0000
0000
0000
0000
0000
0042
0000
0000
0000
0000
0000
0000
0000
0000
0000
0000
0000
0000
0000
0000
0000
0000
0000
0000
0000
0000
0000
0000
0000
0000
0000
0000
00E4
0000
0000
0000
0000
0000
0000
0000
0000
0000
00DA
0000
0000
0000
0000
0000
0000
0000
0000
0000
0000
0000
0000
0000
0000
0000
0000
0000
0000
0000
0000
0000
0000
0000
0000
0000
0000
0000
0000
003C
0000
0000
0000
0000
0000
0000
0000
0000
0000
0000
0000
0000
0000
0000
0000
0000
0000
0000
0000
0051
0000
0000
0000
0000
0000
0000
0000
0000
0000
0000
0000
0000
0000
0000
0000
0000
0000
0000
0000
0000
0000
0000
0000
0000
0000
0000
0000
0000
0000
0000
0000
0000
0000
0000
0000
0000
0000
0000
0000
0000
0000
0000
0000
0000
0000
0000
0000
0000
0000
0000
0000
0000
0000
0000
0000
0000
0000
0000
0000
0000
0000
0000
0000
0000
0000
0000
0000
0000
0000
0000
0000
0000
0000
0020
0000
0000
0000
0000
0000
0000
0000
0000
0000
0000
0000
0000
0000
0000
0000
0000
0000
0000
0000
0000
0000
0000
0000
0078
0000
0000
0000
0000
0000
0000
0000
0000
0000
0000
0000
0000
0000
0000
0000
0000
0000
0000
0000
0000
0000
0000
0000
0000
0000
0000
0000
0000
0000
0000
0000
0000
0000
0000
0000
0000
0000
0000
0000
0000
0000
0000
0000
0000
0000
0000
0000
0000
0000
0000
0000
0000
0000
0000
0000
0000
0000
0000
0000
0000
0000
0000
0000
0000
0000
0000
0000
0000
0000
0000
0000
0000
0000
0000
0000
0000
0000
0000
0000
0000
0000
0000
0000
0000
0000
0000
0000
0000
0000
0000
0000
0000
0000
0000
0000
0000
0000
0000
0000
0000
0000
0000
0000
0000
0000
0000
0000
0000
0000
0000
0000
0000
0000
0000
0000
0000
0000
0000
0000
0000
0000
0000
0000
0000
0000
0000
0000
0000
0000
0000
0000
0000
0000
0000
0000
0000
0000
0000
0000
0000
0000
0000
0000
0000
0000
0000
0000
0000
0000
0000
0000
00AD
0000
0000
0000
0000
0000
0000
0000
0000
0000
0000
0000
0000
0000
0000
0000
0000
0000
0000
0000
0000
0038
0000
0000
0000
0000
0000
0000
0000
0000
0000
0000
0000
0000
0000
0000
0000
0000
0000
0000
0000
0000
0000
0000
0000
0000
0000
0000
0000
0000
0000
0000
0000
0000
0000
0000
0000
0000
0000
01D7
0000
0000
00F8
0000
0000
0000
0000
0000
0000
0000
0000
0000
0000
0000
0000
0000
0000
0000
0000
0000
0000
0000
0000
0000
0000
0000
0000
0000
0000
0000
0000
0000
0000
0000
0000
0000
0000
0000
0000
0000
0000
0000
0000
0000
0000
0000
0000
0000
0000
0000
0000
0000
0000
0000
0000
0000
0000
0000
0000
0000
0000
0000
0000
0000
0000
0000
0000
0000
0000
0000
0000
0000
0000
0000
0000
0000
0000
0000
0000
0000
0000
0000
0000
0000
0000
0000
0000
0000
0000
0000
0000
0000
0000
0000
0000
0000
0000
0000
0000
0000
0000
0000
0000
0000
0000
0000
0000
0000
0000
0000
0000
0000
0000
0000
0000
0000
0000
0000
0000
0000
0000
0000
0000
0000
0000
0000
0000
0000
0000
0000
0000
0000
0000
0000
0000
0000
0000
0000
0000
0000
0000
0000
0000
0000
0000
0000
0000
0000
0000
0000
0000
0000
0000
0000
0000
0000
0000
0000
0000
0000
0000
015D
0000
0000
0000
0000
0000
0000
0000
0000
0000
0000
0000
0000
0000
0000
0000
0000
0000
0000
0000
0000
0000
0000
0000
0000
0000
0000
0000
0000
000C
0000
0000
0000
0000
0000
0000
0000
007E
0000
0000
0000
0000
0000
0000
0000
0000
0000
0000
0000
0000
0000
0000
0000
0000
0000
0000
0000
0000
0000
0000
0000
0000
0000
0000
0000
0000
0000
0000
0000
0000
0000
0000
0000
0000
0000
0000
0000
0000
0000
0000
0000
0000
0000
0000
00DE
0000
0000
0000
0000
0169
0000
0000
0000
0000
0000
0000
0000
0000
0000
0000
0000
0000
0000
0000
0000
0000
0000
0000
0000
0000
0000
0000
0000
0000
0000
0000
0000
0000
0000
0000
0000
0000
0000
0000
0000
0000
0000
01D3
0000
0000
0000
0000
0000
0000
0000
0000
0000
0000
0000
0000
0000
0000
0000
0000
0000
0000
0000
0000
0000
0000
0000
0000
0000
0000
0000
0000
0000
0000
004E
0000
000E
0000
0000
0000
0000
0000
0000
0000
00AC
0000
0000
00B6
0000
0000
0000
0000
0000
0000
0000
0000
0000
0000
0000
0000
0000
0000
0000
0000
0000
0019
0000
0000
0000
0000
0059
0000
0000
0000
0000
0000
0000
0016
0078
0000
0000
0000
0000
0000
0000
0000
0000
0000
0000
0000
0000
0000
0000
0000
0000
0000
0000
0000
0000
0000
0000
0000
0000
0000
0000
0000
0000
0000
0000
0000
0000
0000
0000
0004
0000
0000
0000
0000
0000
0000
0000
0000
0015
0000
0000
0000
0000
0000
0000
0000
0000
0158
0000
0000
0000
0000
0000
0000
0000
0000
0000
0000
0000
0000
0000
0000
0000
0000
0000
0000
0000
0000
0000
0000
0000
0000
0000
0000
0000
0000
0000
0000
0000
0000
0000
0000
0000
0000
0000
0000
0000
0000
0000
0000
0000
0000
0000
0000
0000
0005
0000
0000
0000
0000
0000
0000
0000
0000
0000
0000
0000
0000
0000
0000
0000
0000
0000
0000
0000
0000
0000
0000
0000
0000
0000
0000
0000
0000
0000
0000
0000
0000
0000
0000
0000
0000
0000
0000
0000
0000
0000
0000
0000
0000
0089
0000
0000
0000
0000
0000
00AB
0000
0000
0000
0059
0000
0000
0015
0000
0000
0000
0000
0000
0000
0000
0000
0000
0000
0000
0000
0000
0000
0000
0000
0000
0000
0000
0000
0000
0000
0000
0000
0000
0000
01B9
0000
0053
0000
0000
0000
0000
0000
0000
0000
0058
0000
0000
0000
0002
0000
0000
0000
0000
0000
0000
0000
0113
0000
0000
0046
021C
0010
0000
0037
0000
0000
0000
0000
0000
0000
0088
0000
0163
0000
0000
0000
0008
00A6
0085
017C
0000
0217
0072
00B5
0000
0152
0000
0041
0000
0000
0000
02FD
0000
0000
0000
010B
0000
0033
0000
0000
0073
0000
0000
003F
0112
0045
0000
002B
0000
0000
0012
0127
0000
0000
00DF
0000
006A
0000
0232
0000
0000
0000
01E1
0000
0162
009C
01BE
0066
01CD
01B4
027A
0144
005C
00B5
009C
029C
024A
0145
016C
017E
03FB
0164
025A
0459
01E3
0331
0096
0083
0168
032B
0224
028B
0406
03C3
024C
02AE
0121
0178
00BF
0174
02C8
0218
023C
007C
00D1
0145
00D4
01D8
0216
024A
0010
03BF
0274
008A
031A
0366
0372
01BC
015B
0448
0208
0098
01CD
01D1
009C
0113
01CB
053F
0630
06E2
05A0
072E
063D
055D
0504
05D6
061B
0658
087E
0394
071C
0690
05D5
04BC
05D1
06F0
0377
03F8
071C
036B
08B6
05A4
046F
03CF
06D0
04CF
04A2
04DB
0323
03E6
05AE
03B3
0664
042E
0499
0475
0494
06DE
055A
058F
05E0
0696
05AB
04AB
057E
01E0
04E9
05BE
0492
03E2
041A
05C6
05DE
03E8
06BF
0737
05BD
05F8
04DB
0498
0172
0475
060C
042A
033C
0592
0590
0398
058C
06C1
06D4
01E6
02C7
04F6
0352
05CD
067E
06C5
01FA
03F4
0824
0695
0458
07FC
04B3
0589
0369
0564
03F7
0705
05CD
04AA
043D
06CF
0730
04CC
044D
04A1
04BD
07D4
0679
0517
052F
03D4
05DA
0382
047F
0222
07B3
0651
0504
04DE
0623
054F
05DD
07CA
0621
03FF
05EF
05BA
03A4
0456
093C
04F1
001F
057D
04BF
0649
0778
04A8
04AC
07F6
0707
02E5
0210
075E
0412
076F
06D2
04DD
0418
0524
0782
070C
0478
0416
059A
05D0
08CE
060D
0717
0495
0845
05D2
04D7
0437
067D
01DA
04ED
069A
0595
0442
0552
0570
058A
0455
0347
05B5
06E6
056C
05BC
0998
0513
05B8
0649
0407
0255
05DE
0632
04CC
0401
054A
032A
045D
077D
06E2
053F
055E
0110
053B
074B
02EC
04B0
062F
0570
0390
01D9
05F8
06CC
048D
07EB
017F
028F
04B4
0767
0636
07A6
03AA
0523
05B2
06A8
03B8
041B
0535
02BF
05BB
0398
038E
04B7
02F0
0584
05CF
0597
02EE
03B0
0890
0499
03E8
0297
04A0
05FA
0648
0435
03E0
00B5
06A0
043C
0312
00DC
079E
0385
01C9
054F
0394
064B
0418
0469
0487
03E7
029A
0377
046F
0209
034B
021D
05AB
032D
05AC
0529
0415
05BD
050D
060E
04D4
01A5
0548
069A
0601
02D2
041D
0326
052E
0497
0866
04B2
044D
04FD
0661
07CC
03DA
0726
051B
0581
06F1
0553
07FA
0510
06BC
06C8
0667
05B7
0456
06BC
05B9
06B5
054D
02E8
05E9
0849
0399
08D9
06E9
0739
04E1
0635
0607
02E6
076B
04EA
0614
04FB
0614
03F4
0625
052C
0516
0249
055B
05D8
075A
0783
05E9
03F5
02FF
04D2
0856
02E6
067B
07A1
0730
0236
0461
03F2
0529
0710
06FC
084C
0581
04EB
04A8
0701
046B
082F
061F
03DC
04F9
01B0
04BF
0595
05DB
02E8
0479
06E8
05F3
047E
01DB
0568
08E7
033E
0418
083B
0458
037A
0835
03D2
02B1
0617
0936
043F
0565
05A4
03A1
0505
0473
07B3
0228
0532
0684
0675
02AF
008F
070B
025F
0331
02AE
044E
054E
0828
05F5
01CA
06AC
05E8
0273
04F0
083F
0547
08FF
0403
018E
030D
03A1
048D
033D
0633
049C
0769
041E
03E7
05B5
07D9
038E
0385
058E
05CB
04DD
0668
0774
0329
0339
0929
05C9
0437
047D
0475
03BA
053C
02F7
02E9
0534
05A9
066F
03B9
0481
0111
064E
087B
049A
04BB
03A5
06EF
0630
06CF
0744
041D
005F
0196
05C5
056D
0A40
04AE
062A
018C
02D4
05A5
0588
067B
0690
0526
076F
0466
018B
02AA
069E
0787
06EC
078D
0708
05BD
0519
0325
04E7
07A1
0723
04B2
0595
052A
0439
0330
05F4
04B3
047E
05A4
040C
05AF
038E
0516
0640
0505
0547
051E
0948
04FD
039A
02EA
0559
029D
05A8
062F
05BF
0526
04BB
03DE
0547
04A6
0586
071D
01F4
048D
0000
0530
052F
034E
0101
04BD
02A3
0626
070E
072C
0625
03EB
0564
04DA
04DB
0686
05D8
09CA
06B7
033A
055C
0361
0417
0493
056A
0408
04DC
0503
0446
042A
0788
0733
0791
0553
03F7
06E1
05CB
058B
0601
03CE
0679
06D4
0595
034B
0686
05AA
0381
0536
056C
05F0
03B2
0495
0429
0685
0715
0549
03F2
0539
060B
09E6
0745
0559
0411
03B5
02F5
0687
05B6
0781
034B
0612
06E4
04F8
0701
046B
0566
064C
03E9
0610
05AA
06BB
04A4
0347
05BB
04EA
0502
04C6
058C
078E
0720
0771
0565
0292
04A8
06CC
05FD
04F9
0173
075E
064B
05DD
04CF
0482
048D
066F
07F4
0218
03CD
061A
064E
04AC
0507
07F3
0362
062E
023F
0474
06D3
041F
036E
0687
0645
065B
0456
01C5
0541
0293
05B8
03F3
01F8
03E1
0488
0002
0656
0550
0432
06EA
0345
0614
06BC
03C1
06E2
0666
0587
035D
0502
0365
03BA
0711
0491
0319
07FF
0504
0695
052A
049C
0457
04DC
04B5
0578
048C
070A
028A
083E
046C
0511
066A
07AE
0599
03A8
040C
01D5
0821
0422
0405
05BA
0500
04C8
0250
0752
043D
047D
06DE
0853
065D
056E
014C
06DD
0404
048E
045A
028E
04BD
00C7
0154
05FE
0770
05A2
0941
0443
0463
0697
05BB
048F
0430
059A
06F1
0646
035E
02CE
05A8
07CE
05FC
05EF
0443
02A8
0310
0613
02D7
03AE
06C0
06F2
0633
06B9
03CC
02DE
0726
02F7
0645
059B
0554
04A4
0371
01DD
06EF
0856
0522
0821
050D
030D
0478
0602
074D
0548
05D2
0408
050F
04BD
0392
0547
0516
0324
04D5
04E1
0374
06D6
066A
0000
0731
0437
060C
0603
01AD
04DD
0738
07E5
0437
0344
063F
0588
04BC
0562
03BC
060F
0669
0523
0507
03E2
0363
05B4
089A
032F
057E
075F
070D
069D
060E
04D4
04AE
0347
0617
07EB
0599
068A
0632
0463
0520
07E5
0518
03B1
04DD
048F
03F5
0574
0621
037E
03BC
0588
0711
077E
02ED
02E7
06EC
051E
07BF
03C8
0763
0333
0340
05DB
064A
01FB
045B
06F4
0238
0456
05A7
06BE
073A
03C3
0000
0529
06AF
07D5
0674
04BF
06EC
067D
05A4
04BC
0559
0488
0747
0577
05C3
04AC
03B1
0604
02EC
01B8
053E
02F1
04F8
0495
04B1
04FB
0688
0539
05B8
0530
0233
020D
04A2
06D7
0761
04F6
07AC
0855
0478
0373
057D
0645
050E
02D7
0390
064D
046E
04F3
02DE
0839
0507
0539
02A8
07D7
03F7
013A
041F
02A8
0726
04D0
049D
0542
049A
04FD
0844
0760
0737
03B7
0301
02EB
063F
055C
00F6
02D0
04F8
051C
0467
06FD
0537
07FA
0744
045D
052E
0622
071E
0716
036B
051F
06FC
07AA
042F
06AA
030E
0473
06E1
0645
064A
06CB
040D
042D
0571
0555
0331
0672
0478
051C
0311
06D9
076F
0366
0654
05B8
05F1
060E
0413
02DE
07B3
0436
06BD
0060
0916
04C0
04EE
07A4
03F9
05C7
04CB
049D
03A2
02D9
02EF
043E
074E
04EB
0484
0324
0912
082A
076C
072B
05E1
024C
04C3
052B
0488
037A
042C
0730
0495
045D
0232
062B
0662
0477
0479
0434
06CA
0691
04DB
0512
0608
0521
0469
0698
0817
0797
0656
07B4
05CD
01BE
0883
040C
03FF
0418
063C
010D
0530
0537
064A
031D
06C0
0655
01FF
015F
00F9
05DC
0525
0441
02E4
0342
04F4
063D
07A5
07E4
0754
05E2
006D
0491
0736
04F8
033D
0746
0368
0057
02AE
0607
0494
0626
052F
0649
03BB
0697
0369
02AD
06DD
07D2
04DD
031C
0497
06B7
051B
0629
0512
0591
06E7
06A2
03BE
05A7
02C2
0177
057F
0667
04BE
0446
04E6
06DA
029F
08D9
02AF
068B
04EF
05DF
0404
0765
04B6
07D7
045B
0134
07D9
05A6
050B
0511
0962
060F
022C
0470
06C1
0445
01D2
0065
0831
07C6
03FF
0666
0487
0348
0805
09B5
0688
06BB
068A
03CF
050F
02D4
073D
01D4
0639
0667
04CA
03A9
0662
0863
06E1
03A4
06EF
0424
065A
0622
01C7
02A3
0598
03A2
068F
06C5
051E
03B4
0368
08DF
040F
0461
07EF
0501
0705
04FB
0500
0327
0545
060F
06D2
0190
03BB
00A8
0304
057C
03AB
0451
02B2
04B1
048A
037B
06D8
05D8
053D
0756
06F9
070A
026B
0497
058C
0646
0594
03C4
05B4
03D1
04D6
04A9
03A8
0555
05EF
07F4
035D
02DC
0550
05AC
0598
0384
053A
064C
0487
0721
04F8
0346
08A9
0766
0818
05E8
04AC
054F
028D
0485
0A02
061F
05BA
039F
059D
0660
040A
03C6
03A1
03A2
0594
05C0
06C4
05C7
05D8
01BF
048E
0648
0731
05D9
082D
0314
0423
0654
07B2
0437
0427
05A2
03A3
02DD
0524
043D
079B
046E
04F9
0605
0651
06FC
0446
0563
041F
038E
00A2
034E
05B7
0621
06C3
06BE
030A
06A2
0636
0468
06FA
0230
03C4
01AC
05E3
0677
0469
02D0
062D
0426
055A
0562
0558
0345
0394
0568
04A8
04AD
0554
0798
06D0
0543
063D
049E
045C
075A
0512
0098
0435
02FA
0575
03EE
0431
06AF
07F7
046E
0197
05EC
04C2
0606
0564
0547
0577
05A6
0481
069B
0286
066A
04A3
040D
05CD
03C7
02D9
04E9
0B30
0B78
05A8
06C6
0260
041E
056B
05A7
0662
048F
01CD
0302
041B
0A3A
07B3
062B
03D3
062E
06C0
0496
0549
0266
0304
074A
08AC
055D
0547
0545
05EC
045E
0626
0651
03A1
043B
0641
0524
02B4
00F9
0490
06DF
05EA
06F9
042A
030D
0306
058F
0590
064F
08B2
05B8
06B7
0313
040D
083E
0628
0577
06C2
02B7
05AD
052D
067C
07A2
059B
06EC
0236
02E8
004C
01E6
0845
05C7
074D
0510
026B
0434
06CE
076C
0638
068F
0252
013E
0564
0651
065E
0279
0498
0637
067F
06C5
062E
03BD
058D
0204
03FF
075C
0716
0564
01F6
04FE
04D4
02A3
047F
014C
0259
052E
040C
020A
065C
075A
0482
05A2
07B7
03CF
0456
0344
03E8
049C
05AF
02CF
065E
0610
0550
0507
04A2
0476
0373
0398
05B8
0388
0570
03D1
08DC
0779
0485
04AB
0409
054D
048B
0823
052B
0613
0408
01B2
07C8
0403
053E
05C2
0231
07AB
04D3
077E
0685
02F9
02F7
03D7
0250
080B
0618
0616
0407
02E2
085A
08A1
0757
0670
0633
0210
076F
0527
0507
0680
0316
071E
0500
0313
03BC
050E
027B
04A0
0614
06BC
05E8
05B6
0477
068A
06A9
063E
06C2
0486
03B6
0458
079A
05B0
0447
0736
02D8
0190
03BE
0844
0840
0513
0275
041F
0463
041B
0582
0770
038F
061C
02F9
05E5
04AD
044D
0520
04A9
00F2
0569
03FD
071C
0628
04B0
0265
02F6
036A
02D2
060D
0711
030C
0143
00D3
024D
01CE
0756
0475
01B3
07F0
0406
048B
037F
065F
089A
0418
03FB
059C
04B5
041C
0401
0672
073F
0343
02AF
050B
0742
03F7
06C4
06CA
02CE
03A1
0313
0680
07F6
072B
051E
036D
02CC
0554
052B
0782
0764
0827
0676
05ED
048A
03DE
0093
058B
0539
0710
0874
07F0
0442
06F1
03A4
07B5
0531
07E5
02AE
0500
09A8
05F4
0283
058D
0613
059D
00FA
0690
02E1
0835
0341
0355
0524
0667
0578
05A5
0468
0670
04B8
02E5
039B
0747
069A
043C
037C
0348
073E
08E3
061E
0421
02D9
0390
07A6
072B
0920
03FD
0126
027F
0750
0847
04A2
0737
0207
02C9
063E
03B1
020D
07A1
072E
049F
0414
06D4
063E
0443
020C
035E
0449
0495
052F
0482
0558
03BA
066E
0331
051E
0685
0587
05DB
06F0
047B
0000
02C0
0774
00F5
0810
05FB
0663
0361
0581
04B3
0635
04B0
04CF
0555
0803
06FA
07AA
07B9
01AB
0731
05B1
031B
0390
064A
07BB
0544
0398
0403
021F
0912
069A
06AF
05C1
0550
0379
02EB
07A6
0558
041E
04E7
0630
067E
036A
03C3
061A
011B
045D
073A
06D6
0619
0579
05AB
072F
0524
05A8
03D3
0231
07CF
07FC
0742
0124
0460
0341
0502
0000
056B
0420
060E
051E
054C
0478
0647
052B
03FF
049A
0415
04E5
0666
050D
0611
0454
01AD
0649
02DB
05E9
04E3
06F8
0346
00C0
0477
04FA
05E1
0777
0234
075C
0593
0466
03A1
0724
0643
06C9
06FC
0463
037E
05D1
0395
05A0
030F
04AB
08FE
0668
03C1
03FD
0787
04EE
034C
01D4
0435
0257
04BD
063F
06D6
0468
006C
04C2
0559
07F3
0540
0181
0426
0534
0642
06AB
03F0
0216
0564
066C
0386
0323
07BA
0496
059A
067B
0640
0523
04CC
0630
0762
064A
059A
03E2
06DA
0A58
06F7
067D
02FC
04D9
056E
05D1
075F
03A4
0376
044C
075E
06B4
053F
045E
0646
04CA
044E
018E
0634
057D
05A1
04A3
0663
0781
0527
050A
0501
09A0
08B1
041F
035D
0661
0574
036B
05BC
068A
05E2
0214
03D8
01A0
06D4
0407
0460
041D
038C
0727
03A9
0477
0591
0626
01E9
0587
054C
0649
00FD
04D7
04CE
0462
0561
04E4
03F9
06E4
0515
0277
03B8
0278
06BD
026A
0590
04F6
03E0
0673
0467
05C0
04B1
0606
0611
08BD
0484
0630
0473
03BB
05B3
0893
069C
080B
0417
02D6
03C1
06EE
0706
04AE
062E
020C
038D
04D7
0674
03BC
01F9
0612
0526
0387
03DF
0201
0270
0614
0545
0406
0597
0497
0225
055B
05E2
0495
0843
05D2
04BC
0284
07BD
03AC
0392
0381
072D
06BD
05C9
02EE
075F
05C3
05AC
0652
04DE
06C8
03EC
0770
0654
05D1
070D
056E
0223
02F2
05CE
03F2
04E4
05A8
038D
0576
064F
071E
0422
026E
043F
047C
0742
04AE
0489
02DE
01A5
0504
0465
06A3
0198
0343
04E2
086E
0268
041E
0680
0269
0798
0417
0577
02C4
0415
03C1
068A
051E
07A2
06B2
02FA
065B
03E5
05C8
05D3
05ED
043C
09FD
051E
0526
0632
01F4
01B7
06A8
04FF
0602
03F1
0539
07F5
02D6
059D
0489
04E4
00E3
08B0
07C9
04A9
035A
05BB
04F3
0782
084E
0498
02C7
052E
0698
0711
0697
036C
06E5
0482
063D
04D3
0772
057C
0629
07D3
0669
0737
02FB
07CC
0634
00AD
01B7
0463
0664
0104
0506
05DF
03B2
0703
0262
0393
072F
04BE
029F
04F0
0561
0608
047C
0433
01F0
07D8
036C
02FB
06C5
0552
0535
0400
0435
0734
01FB
05F8
04BE
034D
05F0
0506
083B
04E8
0459
015D
042B
04AE
077D
04CF
04A7
03FF
051E
06E7
0630
034D
048B
0747
0608
048C
065E
049D
02CA
066B
04C5
01A0
0221
03B1
0546
023E
03D0
062C
0078
023C
0610
0686
057F
08FF
06FF
01E3
0985
06AF
01E0
04F1
04B3
0635
065D
05F2
0522
0971
0918
04BD
0555
03FF
052A
06AD
0517
030E
02B2
01A3
05B3
02FD
083F
0623
02E4
035D
0568
0631
0535
07A4
088F
0857
0548
07B7
0363
04B5
03B6
05AF
04BA
06A1
0697
02BE
036A
0549
032C
07BE
03FA
033F
01A3
066C
0656
06EA
0600
0879
05D7
0354
0007
0684
03A6
0553
06B8
01DD
04EA
06CF
03D9
05CF
02D3
04D1
07C8
06A8
04A5
03BF
0507
0410
0632
02AC
0499
0656
070E
0521
02FA
07AD
060A
0626
0714
0878
03D2
040D
05CD
060C
082F
058D
0655
039A
023F
0337
02F4
01BC
0459
0341
06DF
0654
06B2
058B
03B1
0663
042E
06A4
07E6
04FC
0687
0583
0603
076E
05CC
0716
0591
02EA
05FA
04B8
01B7
028E
047B
0543
0761
078C
0419
06D4
05C5
01D8
05CE
05B6
0441
0425
048A
04CD
04C2
0589
04C7
0811
062E
05E0
061D
05EE
05EB
0381
05C2
02B2
01B0
024E
0687
069F
03FF
02F5
0362
04CE
034F
067C
0659
07D1
08A4
0774
052F
075A
0574
0443
04E8
08A4
0688
0594
05D0
0220
024F
03C5
029E
0310
06F2
07D4
0756
0498
04DD
0623
013D
03D8
016E
04B6
0535
0587
047C
02EE
07FE
0380
0608
05B5
04F0
0625
072D
0704
0669
0337
057C
03C6
06F3
0403
0452
0299
03D4
072C
08FF
046B
035C
0669
0817
06CB
030C
03DB
06BD
0767
05B9
0782
029E
05DB
05C3
030C
0364
04BD
0193
0390
0588
07F4
061B
043B
04E6
0377
05AC
074E
0560
05CB
0800
0317
059E
0528
038E
0526
0364
039B
05E2
04F1
00A7
0499
04C2
05E8
054A
051D
03FC
06EA
043E
052C
0579
06B0
0423
0446
05B9
0698
03B5
06BB
04A3
0796
073B
09C8
089C
0391
0208
05AC
0939
060D
04AC
060B
05C2
0294
0615
046A
0399
032F
0479
01C2
06E5
05D6
0479
0481
0993
08AE
07B1
04A1
02C0
0399
03F5
0697
04D0
0603
0564
045A
010A
0899
04F8
04B4
051F
0760
0477
03CE
058C
05E7
01E8
0593
05B8
0532
034C
05D7
06B2
0632
0535
0583
0531
04AB
07CF
06B0
04FE
0634
0772
05CD
04C6
0400
038B
024D
04B9
0209
04FA
069B
038E
0821
0709
0382
035E
0481
048C
07A9
0693
0391
0655
087B
042E
0741
0449
0580
04D0
040B
02EF
0540
0774
0468
057E
0344
05BF
0454
05EA
0444
0557
02DC
0625
044C
0698
02D3
02EC
030B
05C0
031C
00BE
0526
0663
061C
05B5
0671
054C
0427
03C0
0388
05A6
0608
0328
036B
02D4
046B
055C
04FA
0523
05A3
0569
06D1
04D0
0804
05C6
06A0
05B8
023B
04DE
0642
0451
0596
06D7
047F
0739
03A8
03C5
03EF
044F
035D
0654
072E
07B1
0555
07CC
0486
03CD
04E0
0594
0459
0307
062F
030A
0479
093D
082B
0607
0731
0320
045F
0455
0429
0338
0666
021F
03FA
0627
0389
058A
076A
067E
05FA
07D6
07A9
0556
0429
048E
051C
058D
08CA
06CB
0628
050B
0639
05BE
05FF
0545
050A
05EA
0302
0671
0479
049D
0580
065D
0575
04C6
05BA
04AD
0726
05E0
0715
0774
079F
07C0
04D2
0229
03FD
03C8
04EE
04B9
05DA
02D5
07C4
073B
0429
0579
06D3
0482
0345
0368
0576
046A
03A0
06A9
0639
06B7
031E
0120
04FC
0541
06B0
0574
0348
03BB
053B
026D
027E
0311
05D2
06DE
03F9
0710
03C2
038B
022B
02AE
03BB
0647
032C
05B9
04CD
0572
053F
021F
06F2
072E
044D
01BD
045E
0559
05D4
06D2
042F
04CB
046F
055B
02E6
0449
0312
074D
06FD
05F2
041F
0476
0417
0322
04E8
0627
050A
0174
057C
03FB
04F4
0652
03C7
06F5
097E
04E0
049E
02FE
05E0
0157
0569
0419
069B
0685
04AE
03B0
064F
08F0
0604
07A1
0742
05C2
0511
050E
05F8
059A
06E8
0629
0664
04CC
05DA
04F3
069E
0635
0622
059E
051E
0216
049E
06F3
06CC
04B3
0369
04DF
06E9
064D
04F4
0451
0866
06B7
0657
0424
0796
0393
050F
0294
0314
07C7
0813
044E
0420
0670
058B
0643
0517
07C2
051E
0469
0443
01FF
0275
090B
0610
0196
053A
03E7
0634
0673
04DA
0376
03BD
055E
0563
029A
0395
02B5
074C
070C
057F
05E6
026E
0540
0426
0647
0528
043A
0509
0522
03DC
0751
0415
0562
0585
028B
04BC
0548
0919
06DF
0420
053D
04EE
0494
0566
0393
0698
05C0
034A
02FD
0452
081D
06D3
0718
061A
079D
04E9
0926
03C4
038E
0576
056E
040E
048A
0257
07B0
07B9
0459
03CE
020E
0000
06FA
03A2
0448
04E7
076C
051F
0555
06A6
0555
04F1
0758
04F1
0716
0463
0510
0AFB
070C
037D
0210
04E1
0515
04BE
05B5
046B
0484
0522
0496
02B6
05E1
07AD
0622
030A
061A
03E2
0320
0485
03D4
05FC
0700
0297
0603
0461
0708
0630
0575
040C
0614
0446
038E
045E
03A8
05DF
0447
066F
072E
060F
03F0
05BA
04F2
046D
0497
03B4
00E6
05D6
0231
057F
06B1
0653
0523
0563
07A3
0538
0616
06F2
053D
054E
03FF
0751
067B
01E3
04CF
04D8
06CA
0472
0567
0565
0154
0790
081D
04B0
0396
063D
06B2
04A7
0778
0696
0432
0679
062B
0577
09EF
03D6
0461
0466
04BF
0430
04F2
0598
0275
0743
0466
03C0
027C
04C1
0537
0526
04D0
03E8
0354
0630
06BA
027E
052F
054F
0504
0656
0004
052B
0768
0682
0549
0657
0703
05B4
04F3
0686
03ED
04DA
0509
065B
0567
0391
0476
0405
04EE
08C7
05F4
061E
03C4
0487
070E
026C
0781
02FC
0410
0562
0869
0554
02E7
056F
0850
0371
03F1
0526
03FF
0477
0279
07E2
0602
0591
06E6
0580
05EC
0342
052B
0427
0593
05D5
06D4
054F
0472
07C6
06A3
04CF
057D
053C
049A
08C0
05F0
03A6
01CF
01F2
0721
0592
0413
03F2
04DA
0746
0339
0227
0801
068F
05B2
055F
0542
0467
02A5
0717
0600
046C
03B1
0459
08FD
0414
023D
0535
02B4
04AB
05AD
06E5
0503
05F1
0552
04E2
037D
03BE
0580
083A
06D9
05CE
0715
045D
055A
077A
05C5
027A
04F0
0711
046E
03F8
02AA
03EC
0644
0378
0491
01B0
0568
046E
04AA
05E1
0426
031E
0265
0490
023C
07C6
04E6
0639
0544
05F3
03C1
043B
06E5
0752
0565
06EA
04B8
05DA
0869
05D1
042E
02F2
0499
03C8
058B
0799
040A
068A
036A
06B7
0575
04C4
03C6
0717
06DA
0412
04D8
043C
03C8
06D8
06ED
023E
042D
04B8
0400
03B5
045B
05F7
0454
04B9
0399
062D
0744
01FA
06F9
0692
0410
0511
0822
066A
0287
047A
052E
055D
061D
04F6
082E
0425
0160
066A
06F4
068C
0549
031F
053D
0536
030B
015E
03D9
0412
0471
05C6
0671
0420
0578
07AF
0771
04D8
03C0
050E
0835
043C
05D1
0232
0839
070D
0594
042D
05D2
05EE
05C1
0598
044A
0692
052C
06D8
055E
05CB
048D
0767
083B
080C
0733
0704
04F9
05DE
0213
0437
05CE
0555
06A2
060A
0043
04FB
07C8
06D3
0666
0416
03FB
07AA
0557
01F8
00DD
04D4
036C
049C
06DA
030A
079E
05D0
01B5
07B6
0893
0750
065F
0565
02F4
0692
07C9
05FA
041E
0358
045A
0500
073E
0374
048E
08C3
046F
03E2
070E
0467
0391
06DB
0240
049E
0625
05DF
0521
064C
0382
03F2
044B
0376
0461
068E
04D6
01E0
0264
04AE
05D3
0810
052D
071F
047A
037B
0863
05D9
06C7
0372
0080
04F9
08AF
05E0
0647
0456
0048
03B8
0979
0739
03C1
08AD
0595
04BE
06E4
0663
069E
05C2
030F
0310
045A
052B
046E
052A
0597
081E
05BB
0676
044B
0550
032D
0723
063C
04EC
04E2
06DE
037A
07CE
05B6
0405
06A9
0617
021C
0301
0593
0414
054E
0663
070F
06F9
0662
0525
06A7
067D
047B
0519
0586
04DA
062B
05AD
059B
05C9
016D
04E2
08C5
060D
064C
044E
04C6
0464
0003
03F7
03AB
03DC
019F
03DC
0558
0564
07CB
0433
031A
066B
0384
0483
06F4
0690
0409
05E4
0381
0559
0551
0600
0441
0346
087C
03F8
0554
0691
063C
04A0
0512
01D2
073B
0473
0436
0220
039A
058F
0671
0641
049D
034C
0419
046A
0411
03EA
06F1
0628
064B
0562
0587
060E
03C3
0651
0637
0343
06DD
08BB
055C
04A4
0168
070D
057E
04EB
0339
0517
0543
03D4
0856
055D
04F4
055D
05CB
05BA
05DA
0229
0800
072A
0596
03BB
04E6
02EB
0748
040E
06A4
0192
0534
04D6
0333
0846
05C5
059D
04A3
0471
0593
05FE
0384
06F8
04CE
05D5
08FF
06B3
0611
02CD
0711
06A8
0673
05D6
0674
0562
0679
049E
02E3
05CD
0558
02F5
052A
0215
0427
07BB
04C4
0541
03D3
02CC
08D0
04A9
037B
02C4
0146
036C
050B
05D5
0479
0565
037F
0442
0690
05D0
03AF
078F
02EC
069D
055F
03DA
0555
055B
0585
049B
0308
07B0
054B
092A
0777
036A
0473
046C
0389
03AA
048B
05B0
0522
02C6
06DC
028D
0474
0186
044D
0615
04D1
03A5
04E9
0493
0194
04B0
0564
03F3
0622
06B0
05EF
0651
0481
07D8
056E
05DF
0755
0490
068C
0602
022E
0516
047D
06B0
00B7
07EE
0599
04BD
0588
07CB
04B1
026F
04D2
0557
03EC
04BE
060B
02EA
0602
055A
05D8
0696
04CD
0653
0513
06B1
06BC
024E
02B4
03D4
05F8
0563
0533
062B
06C0
05BA
0530
0505
0167
07B6
0643
0A06
03BC
04B9
04A7
08BC
0706
05CB
0683
05E0
05DF
0502
05AC
0509
070D
072C
0385
037A
03A6
0546
0687
0776
02F7
0510
03E4
066B
086E
03E6
012F
0430
03F0
0459
07A4
03BB
053C
0750
04E4
054B
0576
0000
0654
06F1
04E7
076F
0545
02FD
01BC
02C6
05C1
02F2
057D
0516
065F
0836
05B0
027C
054F
05C3
039F
0303
0431
05F8
0674
0594
060E
0351
04BC
01E3
0468
0466
065D
03CA
02F9
03B2
04B3
0352
04DC
06F2
0649
0325
0356
044D
080F
07BF
0841
03E5
03EE
0422
07E7
02D2
0444
03F4
00EA
0431
084C
0402
0387
0654
04D1
05F8
0301
001D
016A
09A6
0508
094F
04AC
02E5
05AE
04A8
083E
0888
04CE
083B
0684
07E6
0605
01BD
0627
0552
050B
0499
05A4
06F1
0437
03F1
06AE
05F0
0613
0353
0495
076E
077D
0523
0358
07CE
04E5
025B
062B
0986
0738
0666
0446
0297
05A7
0744
05D2
0423
0319
03EF
048C
059A
0367
0731
0400
08E2
00B7
06C5
037C
047C
04E6
061B
06F0
04D6
0646
08F1
0685
0577
0701
00E1
0594
0548
041D
063D
0705
0536
0288
0569
060A
0337
030A
02F0
0391
05B3
05DE
06DE
0451
0599
0655
05A8
0448
0321
05A5
07DA
065E
0617
01A7
050E
04F1
0255
044D
0784
05AF
0630
049F
056F
038E
044A
0509
02A7
04B2
0942
0625
05CA
049F
06D9
0650
06DC
0466
01C5
01CF
0494
03D6
04A1
06A3
02DA
04DD
06DC
04F6
0337
04CA
02EA
047D
06AD
0341
06CF
047A
0545
0311
0360
063C
0551
05C5
0561
0223
061E
05EB
06AD
0624
0427
03E1
05DE
03AA
04CD
066D
0862
0557
0252
0389
068B
07A9
0584
05B2
04DC
0557
05F3
0311
0434
06DB
01C7
0405
049D
03D8
06E1
0763
047B
02D0
0262
0666
0425
0353
02D7
061D
042B
0161
0510
0631
06B7
06CC
0120
0197
02B0
0611
041D
0419
09C8
0707
054C
0786
031E
04EF
0483
0638
0623
0883
06B8
041C
047A
0748
0605
04CD
05A7
066E
04E0
05FE
0696
0628
074E
046C
02CF
0446
0370
0927
0297
0449
0477
0490
0463
0864
0638
06A0
05D0
04D7
04BB
0367
0652
06D6
03F7
03EB
02D3
05E2
07B7
05FB
03D9
0634
051E
0646
0583
0195
0428
0439
04EE
0099
0523
06AD
096B
05D0
0631
07CF
05A0
03B9
01D8
053C
0569
0696
046A
01C9
0395
016F
0712
03F2
045C
0386
05B0
02BA
03E3
0534
0527
057D
04C6
002D
0223
0588
06FF
03CF
0587
0211
06D4
0560
04D7
0477
03DA
03FA
056F
048A
0519
0300
025B
04DC
049A
027B
076F
05B9
0685
04E5
03DA
03C0
048D
04C9
063A
05A0
02F0
00CC
0329
0412
039A
03E7
05F8
0492
0294
00D1
00B1
0136
0023
01EE
0460
04B8
0625
03AE
02C8
04EC
03C1
047E
0357
0220
0288
05D3
028D
01DE
02F6
041B
0470
057D
02C0
033C
0635
05C3
02F8
016E
0369
03E8
0559
038F
0000
03A7
0494
0266
0584
0593
003A
02FB
04BF
02B9
0391
0537
0516
0377
0298
0373
0151
0331
060E
0246
014A
0329
04D2
0000
02C7
0244
04AE
03F8
06B8
03A5
065C
069A
05C9
0459
0355
05EA
04F2
0448
029E
02B8
05C7
0330
059D
05E1
0605
0589
052B
04B9
0295
05F6
06D3
060E
050F
06FA
055D
05CC
053D
035D
030E
04FE
047A
052D
07BA
04A9
032D
04FC
0567
05BB
0391
04EF
03A7
04FF
054B
06DB
061D
041B
08D8
05FA
0521
056B
06D0
07F6
041A
0319
0670
05FA
03D9
03B2
0000
0484
08FA
093D
06D0
08B0
0C33
08D5
067E
076B
097F
0966
0A9F
0658
0773
0601
0624
09F4
0B10
0752
07A1
0B78
0AE8
06AC
095B
0AD3
0BA7
0C37
0937
0857
0A5A
0791
0502
0531
0934
036C
0986
07F4
0757
05E6
0797
0AB2
0818
0898
06F8
09F1
075C
0527
0AEE
0730
0A57
08BC
0DFE
08E4
0892
090D
0EF6
07DD
0949
09DB
09B9
0710
0724
08FF
025F
09DB
093B
0A4E
0A73
0E30
07A6
0917
0C3C
0B62
0D2B
091F
09EE
0AB0
0A6E
0C36
0997
0A03
06EF
0ADF
0BB4
0DFD
0A6D
0E94
081D
0C4C
0929
0A15
088E
0C9D
09D3
06DA
0A79
0750
0931
073B
0AD0
07C9
083A
08A0
08EF
0BE8
0BCF
0794
09E2
08F6
08A5
0530
08B3
0969
0A07
0C8F
0A7F
09B0
0A24
0AD6
0C52
0B49
0D88
0ABB
099C
08D1
0C24
098E
0000
0722
0A46
0987
0869
09DB
0A0D
0DC4
0A35
0A79
0882
0933
09D0
0D2D
0A8E
0B07
0943
084B
0A12
0C81
0B11
09C9
0DB2
0CDE
0E4F
0B17
0BB4
0B63
0CF5
0C00
0D83
0678
082C
052E
0E03
09AB
076D
08B5
0AE5
0A2B
08C6
0AF5
0820
0AF0
0BF0
0CCE
08C9
0A31
09F6
0BA9
061D
0A81
0AD3
0D2D
099C
0A6D
084D
0D89
0870
0AFF
0B9E
0E6E
0C0C
0A7A
0113
09DA
0C04
092F
0A2B
0A9B
0D9F
0AF8
08A6
092B
0CBF
0CC4
0D5E
0626
0A11
0ADB
0D6C
09D6
0AF8
095D
0940
0A51
0D9F
0C0C
0DD6
0C5A
0AFE
0D01
0B67
0D44
0BA3
08D8
0804
096F
0A1F
0B9B
097E
0BF3
0ADD
0A64
0890
0748
0C45
0EC8
08FE
0E02
0911
0A64
07C5
093D
08A2
0834
0B12
0841
08C1
0962
0C47
0954
07FB
0A9D
08D7
09BA
08D4
0A72
00BF
0917
083A
0AB4
06C6
0A14
0DD4
07C6
0AB4
0B5D
09AC
0823
0759
0B66
0BA2
0E24
09A1
0AAF
0705
09D5
082C
0C2B
092D
0B31
0BDC
07A3
0C2F
0935
0BFB
0DF8
0CED
0EC7
082B
0E45
09CF
0A2E
07C2
0BE7
0F25
05DA
07CD
09CC
0BD6
07AC
085A
084D
09D2
078E
0EFB
07FD
0745
06E6
0A45
09D7
07B6
0CCA
0883
090F
0795
0AB9
06E0
088E
0B3F
0B3B
0000
080E
0A43
0B2A
07D0
09F9
064D
086B
0AF1
0A90
07B1
0C7E
0752
0BB8
05B6
0A18
0807
0CC1
0BE6
0C24
0A5C
0C10
0A8F
0BF5
0C75
0BB9
0D4E
09DC
0885
0BBF
0BE1
0D1C
0B8D
0DDC
0B37
0AF7
0FCA
0C17
09FD
069F
0ACE
0B8D
0A9D
0A46
0E5D
0B37
0D88
0D21
0B9B
0850
0A3E
0BFB
0B7E
09A4
063C
089A
0CA4
0A70
0862
091E
0B7B
08D0
0B91
09B6
0253
0A53
075B
0837
05B5
082C
08EE
09E7
09D2
091F
0A77
0BC8
0963
07F4
0899
0B6B
0BF4
0AA6
0792
0C03
09FA
0C1C
0727
0DF3
0B7C
11AE
08D3
0987
077C
0918
0985
0A96
0ADB
08F2
0D39
0BFE
0D33
091C
0A52
0D09
0876
0964
0A03
0AA2
0CE0
0B06
0AB4
0CD3
0E57
0A9E
0C36
084B
0A01
081B
082B
0A4C
0A98
0B9F
087B
0A39
09A1
0C63
0B33
0A39
0000
080D
0C22
0A35
0C08
0759
0BD4
05D5
07EA
08EA
0B2F
0B51
0B47
0C9C
0CD0
0C3A
0681
05F3
069C
0BA4
09A5
0BB4
091F
0BCC
0A5E
0E51
0A69
0CD2
0E35
07C1
0A3D
0861
0A98
08A1
0AED
0A9A
0AB3
0D97
09FE
0B16
05FC
0892
09A8
0880
0C3D
0893
09F0
07B3
0A68
0A28
0B72
083A
082E
083A
0A98
0D2C
0D8D
0AB8
0882
08C4
0948
0E8B
099C
08C4
02D4
0600
0A44
0C9E
0744
07F0
0825
0818
0E22
0B07
0BBD
08B6
0BCA
0C3F
084A
0F49
08D3
0CD5
0A52
0823
0D50
0A42
07FA
096B
08D8
09B1
0CD0
0AD6
0CD4
0790
0D26
0944
0C24
068E
08EE
0CFA
0BD2
0C5E
097B
093C
09BF
0C1D
098D
0614
0B4C
0B13
091F
0A8A
083B
0DEF
088B
0AB0
0830
0BAB
086D
0829
09DD
0B97
0D44
0A19
09F6
0855
094C
0B37
0000
080C
0A31
0A22
06EA
0A08
091B
0B3B
0DB1
0991
0C95
0B80
081C
0ACD
0A2A
0B6F
0CF6
0C09
0802
09ED
0C3F
096D
0934
0A86
08FF
09CB
0AC0
0A21
0E17
0B6F
0C7A
0C9D
09A3
0902
0A52
0CCA
0CE1
0B89
0BE4
09F5
0C60
06F4
071D
095B
0B04
0D2E
094F
0FC4
07E0
0E4E
06B2
0D7C
0B9D
0901
06AC
0A0F
0C12
0AA9
0B9D
09F8
0C74
07DC
0864
09AB
04C1
093C
0C65
0843
0946
0AE4
0A64
0A88
087B
0B5E
0C42
0A3C
0A83
0AA5
0CD2
0A5A
0EDA
0878
0A96
0B96
0B82
0B9C
0D87
09EA
0F17
0B9D
0C86
09AE
0B86
0A4C
0ED9
0A0B
0C5C
082C
0BD8
0A2E
0D35
0B64
0FBE
0DFD
0887
0785
06B1
0979
067B
0BDB
0B19
0ACD
08FC
0901
0B1D
0A6D
0B46
0B4D
0DEA
08EA
090A
05A6
0962
084C
0BE4
0815
064D
0715
0079
0604
0A7F
0AED
09F7
0D06
07E8
0721
09AE
0CAA
09B8
0B56
0B83
0A06
0DF2
094C
0B1E
0993
0C3F
0B7C
0BEA
090B
098A
0934
0F25
09D3
08F6
0979
0B5B
0C20
0B67
0AD2
0801
08C8
09D0
0B1C
0BED
0CE6
0AC6
0B6F
06D0
0B24
07EA
09AD
0A78
0914
0785
0941
0C70
0C20
091E
07A6
0B0C
0D1C
0907
0733
0A93
0A04
06B4
0A93
0B55
0873
08A4
09C1
0000
07FC
0AEB
0B76
0D43
0821
08AD
0924
0D99
0DBF
0A0E
09E9
0966
09E9
0A19
059B
0910
0BB3
09EE
0DDB
07C6
0B7E
059C
0D75
0959
0A76
0A87
0D03
0A29
0C6F
09D7
0A87
077A
0B39
0930
0A09
0958
0B7F
0AC8
0CBC
0BBC
0916
0942
0B38
0947
047E
0BAF
0A91
0B85
0AF7
0AC1
0C19
0B29
0741
0893
0DCE
07DB
0A1A
064E
0E53
08EC
095F
0ABB
0C0E
0081
0894
0A8C
08FC
0C2F
0A74
0DCC
0AB9
090D
08D1
0AB7
0CA0
0DA5
0C25
079B
099C
0AE0
0CB9
0A25
0F13
085F
0F70
093D
0B85
05F5
0B39
0BA9
0B95
08DA
0D3F
085C
0D71
08B8
096F
0A8C
0B5C
0C0C
09F9
0B80
0997
0A96
08A0
0BAD
0AF7
0A31
0931
0C13
084A
0968
0A47
0FCB
096D
09AF
0AAF
0C91
0A3D
0B47
0955
0AB3
09C4
0AFA
0809
0A30
0943
00A5
0AAB
0ABD
0969
07FA
0A67
0A8F
0868
06BB
0B0A
0E4C
0D56
0837
0D0D
0BDF
0CDB
084A
0AAA
0921
09C0
0BB4
0CFC
0B77
0A22
0B26
0DC9
088E
08BC
0945
0B23
0EAF
0793
0612
0954
0DF0
08E3
0C00
06ED
0B77
0B4C
0CF4
0BB5
0E80
0C91
0A87
09E6
0BF3
0585
0940
095F
09E3
0739
0B1E
0B56
07B3
110E
0B96
0AF8
0A35
0BDB
085E
0C17
09E3
0BBE
01DB
0740
07B4
0AE6
0DC5
0A0A
0CB7
0B41
0750
07BF
0891
0973
0C30
0A6C
054F
0A44
06F5
0A0A
08DD
0DC4
0D5B
0A88
0C06
0DF5
0BE9
0CF9
0A00
0908
0E6A
0BBD
0C75
0443
0BBC
0BAC
0A2E
0A0C
0BA0
0B6E
0DC1
0A9D
0A16
09F7
0D2C
0A54
0B33
0E03
0B10
0921
0952
0C8A
0775
0FD6
0762
08F9
0865
0C99
08A5
0BF2
0978
09BD
0901
0961
0A8F
091B
0000
05F8
0BF7
0B40
07C9
0962
0B92
0B44
06F9
0724
0CA5
0CC9
0C1C
0669
0C91
0B63
0BEB
0BF4
0C70
0950
0823
0929
0AC3
097F
0A2E
0ACA
09B6
08F9
08EB
0943
09ED
0BA7
0BFC
07CA
09B2
0B83
0B45
0C7A
0A93
0A22
0C60
0CF9
0CC5
0AE6
0CD0
0B74
0ACE
0EA5
0AA6
0806
09C2
0AEE
0C88
0754
0A59
0586
0B65
0AB8
0BE9
07F1
07D2
0993
0B52
099E
023A
0906
091D
0B76
0A9B
09CD
0AEF
0C2E
0994
0957
09AB
0A9A
088E
0876
0F64
087C
0B9C
086B
0A45
0997
08BA
0B2E
08FF
0CE3
0A41
0B6D
0462
078F
0686
0E49
0A13
0AEE
09DD
0D95
09A3
0BD5
0A12
0B98
0A73
0B88
09F5
093A
07C3
0C36
08FF
0A2D
0E12
0B57
08AF
05C2
0A1A
0CE9
0A47
0946
08D5
0BAF
0A51
0E92
0B3B
0CA3
08D6
0FB9
0750
0910
03FB
06DD
0938
08A4
0939
0A77
0A87
09AE
05E7
0982
0A84
080A
0BDE
0ABD
0F63
07F7
0B35
0837
0CE3
0D16
091E
0B31
0B34
0A5B
09C5
0A5E
0D06
0BD2
0A04
0C1A
0861
0AF4
0B97
0D51
0B10
0815
093A
09A0
0CAC
0B09
0843
0AA3
0A23
0CAA
094D
0AD3
08DB
09CD
0A30
0D9E
0ADD
0AAE
0B82
0CC5
0BD4
082B
0952
0A4F
096A
0D7C
0B8D
0C25
08E2
0A7D
007D
070A
09AA
0A1F
08DC
0A34
05CC
0AE7
0B30
0AC6
0902
097B
0AD7
08CF
0A40
0CF1
07C9
0A24
0B35
0C26
0AC0
0CBB
0925
09C4
0BBE
0CD5
0A78
05C4
06D7
0B99
0B15
08C3
0B1D
08C4
0A2D
0ABC
0A53
0C76
097C
0AAD
0655
0B6E
0D5C
0A0F
06EA
0BCD
08FB
0B67
0C23
0DE8
0816
0B16
0D38
09B2
09CF
09AF
0916
0726
0951
0BE9
0B32
098F
0C36
0AFD
0263
084D
07D7
0B35
0912
09DC
0A28
0BA6
0B6B
06B2
0A1D
0705
07FB
0AEF
097A
09DD
0B48
0921
0AB5
09B6
0BE0
0AE6
095B
0A65
05C5
0746
07AB
0973
0E21
08CF
0C85
067E
099C
0933
0F2E
095B
0804
0648
0907
06F3
0C42
0CD7
0CA6
0606
071F
0CC6
08ED
0A49
06FD
0903
0835
0B14
095E
0D52
0AB1
09D8
081B
0926
0B05
09D7
0952
0C92
0AC3
0852
0005
0678
0B5D
0C1C
0B52
080D
0AF0
0887
0AC0
07D4
0B8E
0BE9
0918
0A3D
08BF
0AB5
0B94
09C9
0A68
0B4E
079F
0B9B
0C1B
0C59
0A1B
096C
0E32
0C2A
0791
0524
09CD
0B59
0B95
0C90
0B8F
07B6
0A42
0770
0ED6
0A16
0E08
0875
0BAA
0BC8
0B16
08E2
08D7
06E1
08B0
0A3B
0C6E
0AB2
09C6
093E
0845
09A5
0A60
0ADE
09EC
066D
08B6
09E1
08C4
0845
028F
066B
087E
0A41
0A3F
0680
09F3
099C
0CBD
0960
0AD2
0C86
098A
08D6
0724
0CF4
0B05
0DED
0961
0CA5
0903
09A2
0D41
0CD7
0738
097B
082E
096A
0878
0FDE
0B01
0989
0615
0A14
0DFE
0B06
0EB7
0958
0D55
092C
091D
096D
0D40
0AD6
0C3E
080B
0DEC
0753
0FAB
0AC5
0CBC
089E
0BD3
087B
0A96
0A16
0C6E
0CD0
0687
08BC
0A87
0C68
0D72
0A88
0000
0672
0A26
08A9
0A1F
06F6
0A82
0B94
0984
053C
0A1F
0883
07F6
070E
087F
0BAE
0954
0A8C
09F9
0EE5
09E9
0A6F
08AF
098A
08B9
0B57
0B33
0BCB
0849
088C
08E1
0BDE
0B32
0D0D
0BB8
0915
0E66
08A8
0937
0874
0C52
0925
0B3D
0B60
0CF2
09FA
0B1E
074E
0BE9
063F
0D56
0825
0A03
086C
0A68
0D80
0AA5
0923
08AF
0F46
0DEA
09F2
096D
0857
03EB
06C8
0A30
08BD
0B40
0A32
0678
07C4
0897
0AD9
0837
07FB
0A6E
0A4E
0768
086C
0B5C
0B1F
0E1D
09F4
076B
0971
0ACF
0B0B
0A5B
0957
06D2
06EF
0676
09D2
0CD9
0BCA
097A
0918
080F
0C1B
0A08
0C4C
0A45
0C51
087C
076C
0929
0959
05B4
0824
0986
0A2D
0850
0A79
09C5
0A74
082A
0DEC
059C
09AD
07D7
0CF6
0B37
0B72
07E8
077F
062B
0922
0080
0815
0B59
0942
0837
08F3
0A1B
0939
0AAA
0A57
083F
0AD0
077E
06D9
06B7
0723
0932
0A3A
08DC
0754
0C62
0E3D
0912
067A
0878
08F5
0C97
09F6
0956
06DA
08AA
09FA
0953
0ECA
06DE
0A34
091D
0DC1
0E2A
0ADD
0713
0B11
078C
07D8
0B07
0B80
09C7
09DA
0A21
0AF7
0808
0B87
0B5C
0A34
0BE1
0AD9
0A61
0729
0AD6
0BC0
0CFB
0ADE
086F
0942
01FE
07F5
0F50
06CE
0D1B
08F9
0CAF
07B0
0BC3
0AAD
0EC2
087C
0915
0962
0939
0A98
0936
0CB8
06D1
0C02
09BA
0A5C
09D8
0E3B
0B09
0C03
0927
0B4D
0815
0ACD
05DC
0BC2
0B47
0B86
06EE
0836
0687
0A5F
0E1C
0B9E
0CAF
0AAA
0A9A
074F
06FE
0689
0C5A
0C8F
062A
064C
0AB8
0B68
0910
0C12
0B42
079D
0450
0C3C
0D59
0E71
066C
0C21
07D9
0910
01CE
08AD
0C48
0A99
0AB5
0CCE
093E
0854
0C08
0BB2
0BA3
0CF7
0D59
0C1D
07B5
0C92
0B13
07D6
07A6
08E8
0CA9
0C52
0CBE
067E
05F0
0A54
0B5D
099C
0C4B
06D0
09A8
0B20
0C98
0D23
0C68
09A8
0BA7
0BF9
0A71
0894
0E0E
09DF
0BFE
04F2
0841
0C61
0C18
0966
0A62
0BE8
09A1
089E
08C9
0ACC
0A11
0859
084A
0B94
0BC6
070E
07B4
09BA
0AF8
08F8
0000
087F
0A9C
0BB4
0AC3
0904
07ED
09C4
0791
0A80
0A26
0D48
080D
0B70
0D2B
0B48
0940
08E0
098B
09B7
0A82
0C1D
08C8
0828
0BF6
08C3
09CE
07B0
0ADD
0A98
0BC0
09B8
0C8A
0B37
0B5E
0C38
0C73
0AD4
0ACB
0A2D
097C
0DC2
09CA
0874
07C4
0917
0A68
0D05
0F13
0556
08CD
086F
09CA
0A1B
0ADC
06B8
04E2
0901
0DD3
08C9
09F0
0C86
0A74
0861
016A
0715
0870
09A2
084F
0730
0AD8
070B
0862
068F
0A75
07A5
0EFD
0B25
0ABB
05D4
0E22
0C03
082E
0AE2
0CDE
0D0F
0CFF
0D76
095E
0B2C
0912
0B2A
089C
08D9
0C2F
0973
0A20
0751
0CF5
0C0F
0C54
0959
0C92
090E
0CCD
09C2
0830
0895
0CEF
0BFE
0D81
0970
0A93
0C02
0D6B
0CAF
0D1F
0C44
08C1
0616
0A7E
09B1
0A85
06F5
0D1F
0994
0720
0622
0017
063F
095A
0ABD
0823
0B4A
07C2
073F
092D
08B1
0933
08B8
0A4B
0A69
08C3
0CBA
0805
087F
085A
0B22
0886
0BF3
0BB7
0873
08A7
09E6
0BE6
08C4
07AF
068C
0A5D
08E7
0A2F
0C7C
091B
084D
09E8
0D09
0B00
0BC0
0B47
0827
0D52
0B13
0E0E
08C0
08FE
09FC
0CD1
0BB2
09C9
0A0A
0C10
07D0
0EBA
069A
0C21
04BA
096B
0699
0A38
071C
0B86
0B0C
014B
0726
07B8
0BDC
07E2
0B2C
063F
0EFD
0A71
0A8D
0B19
09E2
0BCA
08F5
09FD
0A3B
0A9E
0AF1
08F2
0B6C
0B82
0AFE
0989
0924
0CFD
06F2
0A98
09E2
0959
0C32
07CB
0B8A
07F3
0865
0450
09A1
0C20
0D9C
0939
0B30
0CAE
0C49
0CB2
09BD
076F
08CA
0C84
0AB5
0B43
0739
0BC1
05F3
09EA
080E
0A96
0659
0B1C
08F7
0A00
0922
0BD6
09E8
091D
06CD
0260
063D
0A98
0631
04A6
0BE4
08BA
0B65
04F7
0AA1
0AAD
0ABD
09A3
0C7E
0A0B
0E31
074B
09BA
0544
0EFF
08A9
06D8
06FD
08CE
0A21
0D42
088F
0B8F
075A
0860
078C
09A1
0D59
0886
0A84
0973
0A5C
06D4
0A95
0B2C
0AD5
0A40
0A7D
0CD2
08E4
0A26
0961
09AE
0C73
0F78
0C20
0B72
09A2
0ADB
0ADB
0B37
095F
08B7
0C21
09AB
096B
0823
0858
082B
0189
070B
0AC9
0819
0A42
0A3E
0B23
07D2
0ADE
0D4E
06F9
0A25
06F4
0C67
0A9B
0BF6
079B
08B4
0A98
09E6
0A64
07E3
088D
0A52
0A97
08AC
0939
0784
06E9
0861
0A2D
08CD
0833
08A7
097E
092A
07D3
0B66
09C3
0D6D
0998
10D1
095C
0C0B
0802
0C7B
0A24
0AFF
0BB5
0F0D
09DC
0DA3
083C
0BC7
0661
08D4
04C9
09DE
0574
0C47
0AED
0B40
0975
09F2
007A
0B48
0B58
0935
0CD1
095F
09CE
0BE5
0AA4
0D1E
06B9
0C34
0AB1
0D27
0C7C
0C76
0EB4
0AB5
0CA3
05CE
0C58
0ADD
0C7D
0AE3
04FC
098F
0A0A
0C22
0C78
0A32
0997
0714
0A73
09E3
0AE8
0ABE
0C4C
0A6A
090D
0AE9
09D3
08D4
0874
09FD
0B82
0E8F
07C7
0BFF
0739
0C22
0985
0DF0
0D1B
0A5B
0C43
0A23
0738
0A58
0AE0
0BFB
08EA
0B09
0888
0816
0000
06ED
09C5
0B4A
0AC6
0896
09A4
08F9
0BA8
09AE
08C4
098E
09DB
0A9B
0AAA
0B30
0DB6
0BE2
0B43
0C94
0E02
0C4E
0B0C
0ADE
0B1B
0ECD
09FB
09B7
0AE2
0D7D
0DA6
0B2A
07CD
09F6
0868
09F7
04EC
0710
0736
0921
0A01
0AB9
0C86
0A0C
07E7
09F2
09F3
0C1F
093D
0AA4
0B0F
098F
0B63
0B91
0D27
0B14
0E13
0D33
0E3A
0AB6
0A72
0B47
052E
082B
0348
050E
08A7
0A34
0C82
0A40
0B1C
076B
0BE8
076C
0809
08F1
0BBF
07BF
0AB9
083A
0BA2
0B77
0E03
0ABE
0ABC
09EA
0AAE
0D27
0A90
08DC
093E
0A92
06DF
0B31
0981
0A4F
069E
085A
0929
0D21
0877
0AE7
07FF
0BED
0AAA
0A27
0747
0991
0BFD
0C10
0C49
09D5
0AB7
08D1
0938
0910
09BD
09B6
0AD9
0A12
1062
0E8E
0AE6
0B5A
09ED
08AE
0504
07FF
0000
0677
073F
0B7F
0A04
0A0F
0A5C
0C41
0A9E
0CFF
09B4
0985
0807
0AD8
0887
099A
094A
0C10
08E8
0CE7
0B74
0D30
0F2B
09F2
0AA8
091F
0D19
0A77
0A58
09D8
0CF7
0865
0981
0767
0CE3
08E4
08EF
0655
07D3
088A
0A42
087C
0B40
0D89
0C85
0908
09FD
0A25
0A0F
0C72
0983
0AA2
08F0
0BD8
0852
0945
08E2
0B3E
0AB8
0C34
09CE
08BB
0875
09E4
01E6
0908
089E
0B95
0954
0C06
0A6C
0CE3
0E32
0B50
0B2A
0A76
0BF6
0C81
0AAC
0B33
0B04
0C96
0CAE
0C95
0C2D
0B9A
0D55
08C9
0B18
0D60
0A01
0CF6
0AE2
0A0E
08CD
09D3
09C5
08DB
0B15
0898
0B53
09F3
0A79
0B9B
09E8
0B11
0BAA
0A27
0C19
09B6
0B4A
0523
08D1
07ED
0B60
0ACF
0D4F
055B
098C
06E0
0C2F
0994
0D5A
086B
0B33
0998
0973
05B9
032C
0757
0D6F
0BC9
0CC9
0D9D
0AAD
09CA
087D
0CA6
0D33
0B56
0B42
0E4E
0790
0AC4
090C
0B2C
08C2
0903
0969
0C1E
0840
0D85
0955
0B77
0BEB
0C73
0936
0799
08FA
0ACE
0BEF
09CE
0BA0
0AA0
0A85
090D
0854
0695
09E7
0AEB
0DF2
0AB4
0C3A
0A2D
08C3
0906
07D6
06B4
0B3E
0970
08C1
04F3
0B70
0820
0A48
0BDF
0BD4
07C9
0804
059C
0961
0A9D
03BE
0757
0D32
08C3
0D4B
0CA7
0BDF
0A6E
0AEB
0ECE
0741
0A02
0831
0780
0779
0C73
0B2A
0D02
0921
0AF8
080A
0D29
0C3C
097B
0A59
0B57
0B5F
097E
090F
0EB3
0B3F
09B9
09A5
0A2E
097D
0BCC
088B
09B9
0AC4
0A84
0BC4
0AD0
07C5
0AFE
0930
0BA0
08D6
0B06
072B
069E
0B2C
0CAC
0C11
0BB3
0A72
09CD
0D53
0B09
0B6E
05A1
0B6B
0A28
088A
06DF
0074
0939
0B51
09CA
0B1C
0DE0
0BB0
0A0B
0A5B
0A8A
0A24
09E0
0B07
0838
0D3A
0821
0A00
0925
0AA7
0AC3
0B35
0AC4
0A3E
09BF
0AC6
0937
0961
0E7E
0C06
0848
063F
0CB5
0D48
0B82
0C93
0994
0D91
0B52
09AF
07E8
0AD4
08ED
07A4
0B90
0B88
0B6F
0B04
0886
05C1
0ABC
0B6D
0ACF
07A3
0FD7
09CE
0833
0B0E
0A05
0BF9
0E58
0A0A
078F
0707
0935
01C1
088B
09A8
0931
08B5
0918
07BF
06DD
0729
09F3
0EEC
0BCB
0CAC
08C1
0AB2
0900
0B35
07CB
0A09
0A87
092A
0B7D
0AFB
0F17
093C
0770
0A9D
0A0B
0645
088D
08B3
0C59
0897
0A1C
0B5E
09CD
0B94
099A
09FE
0D07
0853
0B10
098E
0F2D
09DA
0966
0729
083F
0B61
0ACF
08EB
0780
0A0B
0B78
0C0D
07E6
08A7
0B92
0CDB
0A4B
078C
0855
0D4D
0A1C
00E4
062E
0BA4
0BF6
0BCE
07DC
0AC9
0A29
0A4E
0BE5
09ED
0D46
0C89
0A9B
0FE9
0B51
0B02
055E
0B75
0BA2
0A9D
0A7A
09AB
0BFA
0C4D
0975
08AF
0BD5
0A72
0B52
0694
0C7E
09A7
0B84
0A2D
0BDB
0B21
0CA1
09A3
0AFD
0962
0A69
0B0B
09D4
0AA5
0A32
0E25
09CB
0D81
089D
0E4A
0614
0C58
090B
0A07
0812
0936
09BE
0B57
0828
07A6
0A28
0B00
0A18
0185
057A
0BD0
08A4
0CB8
06FE
0BD2
0915
0C94
0879
0C6F
0AC2
0EAD
0B0F
0CD6
092D
0979
0C18
0887
07E3
06C3
07F8
0B16
0D94
0B6B
0733
0909
0BC2
0A2C
06E5
0AF0
0BFB
0EE6
0ACA
0AB3
0AFE
08CC
08F1
098E
0AC2
0D05
05E9
0ACA
08FD
0FE2
0B39
0CC8
0AAF
0EEC
0C05
0B52
0969
0ABD
0CB3
0A01
1030
084C
09E7
0A27
0BF6
0AD8
099A
0875
0937
03A4
065D
09B4
0DAC
0D2A
0C11
0C00
08A7
0DBD
0A43
0C4D
0A60
0CFE
0C67
0C4C
0D57
0DA6
08C1
06EC
07DE
0936
0A91
0855
0A85
08FA
0904
0BFA
0A30
0865
048E
0A52
0D0B
0CF5
0A22
073A
0C13
0A88
07AC
0CEF
0AAC
0B54
0704
0ACD
089C
0B63
0C01
0A66
0AE6
0B17
0B7D
0963
0C0A
0980
0CCB
091D
0C68
09DA
0AD2
08B7
0A24
07A5
08D7
0AD2
0C37
0080
074D
0A82
0EE3
0DBC
0FD3
08A8
0ED6
0CE7
0BB9
085A
0E53
09F6
0C2D
0B93
0D01
0B58
0A8A
0AD1
0EE9
0735
0505
0818
0BDA
0DC4
079D
0BBE
0887
0C4D
08D9
08C6
0AE8
0A3C
0DD9
0D2F
0B3C
08F7
0C14
092F
09C6
0644
08E7
0638
07B4
0CB8
0A2F
0959
072E
0A5F
0BF4
0763
08FA
0904
0CB6
08F9
0A66
0AC7
09A0
0845
08CB
0923
0D2C
0AAB
095B
0000
079A
0B28
0C72
0B19
0E16
0D33
0D81
0965
0875
0AC2
0D97
0B5F
0AED
0693
0BA0
0A74
0BCA
0B81
0B8D
08BE
099A
083E
0A71
07B2
0A0E
0A09
0F36
092E
0BE4
091B
0D83
0C37
0C23
08F4
0789
0B53
0D8D
0BCA
0ADD
0D07
0B13
06FA
0ACE
0B21
0B2E
086A
087F
0A75
0967
0794
0A29
0BB9
066A
0AD5
0A41
0C6F
0A8E
090C
0B18
09DA
0898
0993
0A7F
0000
0892
0738
0AC8
0A72
0AA5
0975
08AB
0FC4
0B6D
0B31
0CE4
0D01
0AC2
0BAE
0B84
07CC
06F5
09C5
0D22
0B9D
0850
05B3
0BCD
08A2
0B0D
0799
0CD9
0A4C
0EDA
08E0
07D8
0C25
0B5B
0A2F
09FE
0B9A
08E3
0E8D
0BCD
0BAE
08CB
09A7
097E
0ADE
08CB
09E1
0AE6
0923
0737
08A2
0865
0702
0AB4
0A96
0A24
072B
0AAE
0A73
0915
081C
0740
0D04
0AE0
005D
0AC3
08EC
0B26
0A4F
06D0
09B8
0BD8
0C33
09BE
0A34
09C0
0C15
0E41
0CBC
0927
08DC
0BB8
0B83
0B23
0CCB
0856
0F2B
07DC
0A1A
07F6
0BBE
09B7
0ADE
09C2
0A60
0A4D
098F
0C8D
095B
0B8B
0833
0AAD
09A4
0B73
0A0D
0A00
09FB
09C8
0D1F
0C88
0B7E
0ABE
087F
0AD9
0983
0E02
0A29
0C77
058F
09C7
0B1D
0ED7
0AD6
09EA
075C
0A45
09DA
08AB
03E1
089E
0A36
08CD
0B38
0623
09B6
06FB
0609
096C
0AAC
0A2F
0A2E
0E0F
0A85
0DCD
0C86
0C5C
094D
0BF7
0B3C
0AED
0CCA
0C5C
07D2
0B4B
0AE8
0AE9
0BA6
0C4D
07E6
0B6D
0815
0A22
0781
0DAA
0ABB
0C86
08E1
0C39
0C1C
0C6B
0AC3
0C15
0B9F
07EE
087E
0AB6
096B
0E9C
0981
0EF6
09EF
07E3
082D
0D8F
0CF0
0A24
087C
09FB
0D0F
093F
08E7
06FB
01D4
0585
0DC5
0C81
0B74
0C51
0A92
082F
0C21
0B10
0BD9
0C5C
0AD6
0B37
097A
0CDB
09A5
0B26
092C
0CC4
0866
10AC
09BA
0C85
087F
0C0E
093B
0A09
0A1E
0C8A
0744
0AA4
07E6
0858
0994
097C
080F
07D2
0A56
0943
0B59
0AA9
0D46
0CA9
0CC1
0972
09CE
0D21
0AF2
0C26
0A58
0E9D
0845
0AA2
08BD
0C28
05C4
07DE
0CA0
0D15
0B3C
090D
0A81
0C17
00A4
09DE
0C6C
0AA9
082F
0D08
0D6E
0B10
0B46
0B19
0BA3
0AD4
06C4
0AC6
0BA2
0C02
0A2E
0AD4
0824
0ACD
0B11
0D10
0C1F
0CAB
0BE1
08F8
0ADA
0D83
0C23
0976
0CE1
0708
0B4C
08F0
08E9
0599
072E
09D8
0D74
07BB
0AEF
086F
0C3D
0A01
0E79
07DF
0C2C
0C1C
09EF
0C36
09B6
0DF4
0B50
0D1E
0945
09DF
0B68
0EB0
0B2B
0907
069E
0E6F
0AC3
09D5
00F9
088C
091F
0A65
0AB7
09A4
0D1A
09A4
0A49
0A5B
0965
0721
08CB
098C
0B76
0880
0D35
04C5
0C84
084D
0BB9
08AC
084F
0AA5
0A86
0F8C
098C
0B69
0CC0
0BCA
0B1D
08E0
0962
0B91
0931
0A2B
0D60
0884
0BDE
0574
0CE8
06DA
0BD5
0B08
0CBA
090C
0C84
0A0C
0A8E
0AEB
0A80
0ABC
0B46
09E3
0AE1
0A1B
0CBC
0A19
0B4A
0930
0E30
0948
0748
088E
0000
0731
0C71
0A42
057B
0ABB
08FB
0D6E
0A5E
0B56
075A
0AEC
0802
0A5F
0B02
0924
0B10
08A6
0993
0915
06C6
0A1B
0A56
0F2F
0B15
09C3
090C
0C79
0D4D
0911
0A57
0A47
0AE1
0A36
0C1E
080E
0A8E
08A3
0C5C
0D4C
0AE9
0AD6
085B
0C8E
08B5
09FF
083B
0A6B
0CCC
0951
0B4A
0999
093B
0AF2
0B68
0B06
0A23
0B3E
0BB7
0D4F
070F
0A91
0801
0CC5
0195
0B05
0946
0A42
0A7F
09E4
07A3
0A6A
0A04
0BA4
0B8B
0A1D
0A3F
082C
0A8D
0906
0AB9
0E3D
08B0
0C85
0977
0E53
0C87
0A84
082F
08F9
0ACF
0823
081D
0C92
0BFB
0A30
0879
09DE
05C1
0A11
05BC
0D11
07EB
0C7D
070C
0BBC
0A08
0B3B
08E9
0BBB
0B0A
0B7C
0CDD
0C17
0EBA
0ED6
0B0A
09BD
099F
0B3A
0C84
0E9B
06D4
0917
0896
0E96
0A9B
0907
01EB
0710
0DEF
0AF0
0C6C
07DC
071C
095A
0E51
0A5F
0BDD
03AB
0973
0B31
0B84
0BB8
0B83
088D
081A
0A39
0A8A
098B
0866
0ACB
0BB4
0A2E
07E6
0735
0D21
090C
08D3
0A6E
0A33
09A1
092E
0B10
0BF0
09C0
0652
07DD
0C8C
0B56
09B7
0859
0C39
0B50
0772
0AB3
0A3D
0CDE
0F27
0A2B
08DF
0884
0BE5
0C53
0E6E
0B01
0ADF
09A0
0AE4
0844
0944
0A14
00B9
07B5
0D27
09FE
0BB0
0C4B
0868
0986
0744
07B2
0706
0951
0A24
0C6B
09C6
0B48
0865
069C
07D7
0A92
087B
0B3E
09C0
0CA0
0C8C
065B
0A12
0524
0AAF
0A76
0B32
0A10
07C0
0A9D
0D26
0922
0A98
0769
07CF
0950
089E
0923
0A30
0A4E
05CE
08E3
0A48
0B03
0906
0C8C
092B
083E
0D8C
0BBD
09F4
09DF
09FC
0C37
08E1
087D
055E
0BEA
0A40
0C16
005A
0B78
09E4
0C8E
09DB
09C8
0866
089A
0797
0B57
0983
0995
0AC6
08D0
0905
0B23
0C00
0E3C
0AC5
0BED
076C
0AED
0E1F
0CA6
0B51
08C8
0901
06BC
0AA9
0DCB
0A13
0CF0
0AEF
0A41
078C
097B
0D3E
0CA7
0802
0B28
077C
0A96
08C8
08D6
0780
0AE9
0B17
0C42
0D2B
0B54
0A50
09CD
0743
075C
09FA
0E0C
0B23
090E
07B6
0BA0
0AE0
0889
07EA
0976
0000
0A76
07E8
0A18
0C43
0E9E
0D78
09C9
0CF9
0CA3
0809
0797
0762
08EB
07A9
0B63
0AC2
0B57
0A20
0860
0716
0C19
09D1
0A35
0759
0E03
087C
0A6A
08C5
0BD5
0990
0C89
07D5
0AE8
0C6A
0E15
0A79
0764
09D7
0BEE
09CD
0A60
0B09
092D
0631
06D1
0B69
08EE
0D1E
08FE
0887
053F
08AD
0BA4
0E1D
0A49
0C5C
082F
0D33
09E9
09AB
0880
0A1F
082C
00FD
06FB
092A
0A87
0C54
0765
0878
0862
0D81
0942
0793
0A33
0A7A
0A5F
099C
05DC
0A6A
0ACF
0D68
0AE1
0966
0B77
0967
0E4C
081D
0C80
09CA
0B3D
0847
08CE
09A6
0D27
0D1E
0C03
0806
0A9B
0C32
0AC2
0B7F
0738
0CF3
0A9F
0BBF
0875
0B5B
07FA
096B
0AE5
0B46
0820
09CB
08C3
08DF
05E9
0AA0
0945
0ECB
0A73
0CC1
0431
0BF5
08F3
0B61
09B4
01C6
0749
09C4
0C63
052E
07AB
07A8
0DE6
0AF5
0BE0
0F11
0BED
0BE7
0953
08EE
0B70
0BA8
094F
0896
0BE1
08C7
0D40
0C6D
0ADB
0AEB
0D78
0BE4
0B45
0C68
09F2
0C07
0C22
07E1
09E4
07B2
0F10
091C
0D7C
075E
0B60
0C34
0AB6
0AAB
0C4E
098B
07C6
0BED
0C20
0933
09F9
0A24
0989
0500
0AE8
0995
0986
0C79
0B9B
09A3
0861
0E02
0BCF
0A82
091D
0000
00DB
0215
041C
0285
0678
0517
0494
0290
045B
050D
0265
02FD
0354
0295
05BD
0259
022F
0473
0178
0315
0383
03ED
02A3
0932
0313
03DF
02C1
04A8
0260
066A
022E
0186
0404
0510
03DE
03C2
0499
0308
0595
02A9
010E
032D
03B6
02BF
034D
0347
0147
02D3
04F8
03BA
0335
018E
03F0
0185
0361
02DB
04E4
05A2
061A
00A3
015E
0310
055A
018F
02D0
009B
0000
00AF
0020
0000
0000
0085
0194
0000
0046
0000
00C8
01F9
007E
013E
0075
0000
0000
0000
0000
0000
0058
00EE
0000
0000
0000
0000
0000
0000
0000
0000
02D0
0000
00AA
0000
0000
0000
00EC
00CF
0000
004C
0056
0000
0041
00B5
0097
0000
0000
0000
0000
0000
0000
0007
0000
0000
0000
018E
0000
0000
0061
0000
0000
0188
0000
0000
0000
0000
0000
0000
0000
0000
0000
0000
0000
0000
0000
0000
0000
0000
0000
0000
0000
0000
0000
0000
0000
0000
0000
0000
0000
0000
0000
0000
0000
0000
0000
0000
0000
0000
0000
0000
0000
0000
0000
0000
0000
0000
0000
0000
0000
0000
0000
0000
0000
0000
0000
0000
0000
0000
0000
0000
0000
0000
0000
0000
0000
0000
0000
0000
0000
0000
0000
0000
0000
0000
0000
0000
0000
0000
0000
0000
0000
0000
0000
0000
0000
0000
0000
0000
0000
0000
0000
0151
0000
0000
0000
0000
0000
0000
0000
0000
0000
0000
0000
001E
0000
0000
0000
0000
0000
0000
0000
0000
0000
0000
0000
0000
0000
0000
002A
0000
0000
0000
0000
0000
0000
0000
0000
0000
0000
0181
0000
0000
0000
0000
0000
0000
0000
0000
0000
0018
0000
0000
0000
0000
0000
0000
0000
0000
0000
0000
0000
0000
0000
0000
0000
0000
0000
0000
0000
0000
014E
0000
0000
0000
0000
0000
0000
0000
0000
0000
0000
0000
0000
0000
0000
00D8
0000
0000
0000
01C3
0000
0000
0000
0000
0000
0000
0000
0180
0000
0000
0000
0000
0000
0000
0000
0000
0000
0000
0000
0000
0000
0000
0000
0000
0000
0000
0000
0000
0000
0000
0000
0000
00BE
0039
0000
0000
0000
0000
0000
0000
0000
0000
0000
0000
0000
0000
0000
0000
0000
0000
0000
0000
0000
0000
0000
0000
0060
0000
0000
0000
0000
0000
0000
0000
0000
0000
01CA
0000
0000
0000
0039
0000
0124
0000
0000
0000
0000
0359
0000
00B2
0000
0000
0000
0000
01DD
0000
0000
0164
0000
0000
0000
0000
0000
00A6
0000
0000
0000
0000
0000
0000
0000
0000
0000
0000
0000
0000
0000
0000
0000
0000
0000
0000
0016
0000
0000
0000
0427
0000
0000
0000
0000
0000
0094
0000
0000
0000
03C0
0000
0000
0000
0000
004B
0000
0020
0000
0000
0000
0000
0000
0000
0000
0000
0000
0000
00E2
0000
0270
0000
0000
0000
0000
0000
0000
0000
0000
0000
0000
0000
0000
0000
0000
0000
0000
0000
0000
0000
0000
0000
0000
01AC
0000
0000
019C
0000
0000
0000
0000
0000
0000
000B
0000
0000
0000
0000
0000
0000
0000
0000
0000
0000
0000
0000
0000
0000
0239
0000
0000
0000
0140
0000
0000
0000
0000
0000
0000
0238
0000
0000
0000
0000
0000
0000
0000
0000
0000
0000
0000
0000
0000
0000
0000
0000
01DF
009A
0000
0000
0000
0000
0000
0000
0000
0000
0000
0000
0000
0000
0000
0000
0000
0000
0000
0000
0000
0000
0000
0000
0000
0069
0000
0000
0000
0000
0000
0000
0000
0000
0000
0000
0000
0000
0000
0000
0000
0000
0000
0000
0000
0000
0000
0000
0000
0000
0000
0000
0000
0000
0000
0000
0000
0000
0000
0000
0000
0000
0000
0000
0000
0000
0000
0000
0000
0000
0000
0000
0000
0000
0000
0000
0000
0000
0000
0000
0000
0000
0000
0000
0000
0000
0000
0000
0000
0000
0050
0000
0000
01DC
0000
0000
0000
0000
0000
0000
0000
0000
0000
0000
0309
0000
0000
0000
0000
0000
0000
042B
0000
0000
0000
0000
0000
007A
0000
0000
0000
0000
0000
0000
0000
0000
0000
0000
0000
0000
0000
0000
002A
0000
0036
0000
0000
0000
0000
0000
0000
0000
0000
006C
0049
0000
0000
0000
0000
0000
0000
0000
0000
00AA
0000
0000
0000
0000
0000
0000
0000
0000
0000
0000
0000
01AD
0000
0000
0000
0000
0000
0000
00BD
0000
0000
0000
0000
0000
0000
0000
0000
0000
0000
0000
0000
0000
0000
0000
0000
0000
0000
0000
0047
0000
0000
0000
0000
0000
0000
0000
0000
0000
0000
0000
0000
0000
0000
00B0
0000
0000
0000
0000
0000
0000
0000
0000
0000
0000
0000
0000
0000
0000
0000
0000
0000
0000
0000
0000
0000
0000
0000
0000
0000
0000
0000
0000
0000
0000
0000
0000
0000
0000
0000
0000
0000
0000
0000
0000
0000
0000
0000
0000
0000
0000
0000
0000
0000
0000
0000
0000
0000
0000
0000
0000
0000
0000
0000
0000
0000
0000
0000
0000
0091
0000
0000
0000
0000
0000
0000
01BF
0000
0010
0000
0000
0000
0000
030A
0000
00A9
0000
00C7
0000
0000
0000
0000
0000
0000
0000
0000
0000
0000
0000
0000
019A
0000
0000
0000
0000
0000
007F
0000
0000
0000
0000
0000
0000
0000
0000
0000
0000
0000
0000
0000
0000
0000
0000
0000
0000
0000
0117
0000
0000
0000
0000
0000
0506
0000
0000
0000
0000
0000
0000
0000
0000
0000
0000
0000
0000
0000
0000
0000
0000
0000
018F
0000
0000
0000
0000
0000
0000
0000
0000
0000
0000
0094
0000
0000
0306
0000
0000
0000
0000
0000
0000
0000
0000
0000
0000
0000
0000
0000
0000
0000
00AA
0000
0000
0000
0000
0000
0000
0000
0000
0000
0000
0000
0000
0000
0000
0000
0000
0000
0000
0000
0000
0000
0000
0000
0000
0000
0000
0000
0000
0000
0000
0000
0000
0000
0000
0000
0000
0000
0000
0000
0000
0000
0000
0000
0000
0000
0000
0000
0000
0000
0000
0000
0000
0000
0000
0000
0000
0000
0000
0000
0000
0000
0000
0000
0000
0000
0000
0000
0000
0000
0000
0000
0000
0000
0000
0000
0000
0000
0000
0000
0000
0000
0000
0000
0000
0000
0000
0000
0000
0000
0000
0000
0000
0000
0000
0000
013A
0000
0000
0000
0000
0000
0000
0000
0000
0000
0000
0000
0000
02DC
0000
0000
0218
0000
0000
0000
0000
0000
0000
0000
0147
0000
0000
0000
0000
0000
0000
0000
0000
00F5
0000
0000
0000
0000
0000
0000
0000
0000
0000
00DB
0000
0000
0000
02B1
0000
0000
0000
0000
0000
0000
0000
0000
0000
0000
0000
0000
0075
0000
0000
0060
0000
0000
0000
0000
0000
0000
0000
0000
0000
0000
0000
0000
0224
0000
0000
0000
0000
0000
0000
0000
0000
0000
0000
0050
0000
0000
0000
0000
0000
0000
0000
0000
0000
0000
0000
0000
0000
0000
0000
0000
0000
0000
0000
0000
0000
0000
0000
0000
0000
0000
0000
0000
0000
0000
0000
0000
007F
0000
0000
0000
0000
0000
0000
0000
0000
0000
0000
0000
0000
0000
0000
0000
0000
0000
0000
0000
0028
0000
0000
0000
002D
0000
0000
0000
0000
0000
0000
0000
01D3
0000
0000
0000
0000
0000
0000
0000
0000
0000
0000
005C
0000
0000
0000
0000
0000
00AF
0000
00E2
0000
0000
0000
0000
0000
0000
0000
0000
0000
0000
0000
0000
0000
0000
0000
0000
0000
0000
0000
0000
0000
0000
0000
0000
0000
03B9
0000
0000
0000
0000
0000
0000
0000
0000
0000
0000
0000
0000
0000
0000
00AE
0000
0000
0000
0000
0000
0000
0000
0132
0000
0000
0000
008B
0000
0000
0000
0000
0000
0000
0000
0000
0000
0382
0000
0000
0000
0000
0000
0000
0000
0077
0000
0000
0000
0000
0000
0000
0000
0000
0000
0000
0000
0000
0000
0000
0000
0000
0000
00C9
0000
0000
0000
0000
0000
00C7
0000
0000
0000
0000
0000
011B
0000
0000
0000
0000
0000
0000
0021
0048
0000
0000
020C
0000
0000
0000
0000
00EB
0000
0000
0000
0000
0000
0000
0000
0000
0000
0000
0000
0000
0075
0000
0000
0000
0000
0000
01A4
0000
0000
0000
0000
0000
0000
0000
0000
0000
0000
0000
0000
0000
0000
0000
0000
0000
0000
0000
0058
0000
0000
0000
0000
0000
0000
0000
0000
0000
0000
0000
0000
0000
0151
0000
0000
0000
0000
0000
0000
0106
0000
0000
0000
0000
0000
0000
0000
0000
0000
0000
0000
0000
0000
02F8
0044
0000
0000
0000
0000
0000
0000
0000
0000
0000
0000
0000
00CE
0000
0000
0000
0000
0000
0000
0000
0000
0000
001D
0000
0000
0000
0000
0000
0000
0000
0000
0000
0000
0000
0000
0000
0000
022F
0000
0000
0000
0000
0000
0000
0000
0000
00A0
0000
0000
0000
0000
0000
0000
0000
0000
0000
0000
0022
0000
0000
0000
0000
0000
0000
0000
0000
0000
0069
0000
0000
0000
0000
0100
0000
0000
0000
0000
0000
0000
0000
0164
0000
0000
0000
0000
0000
0181
0000
0000
0000
0000
0000
0000
0000
0000
0000
0000
0000
0000
0000
0000
0000
0000
0000
0000
0000
0111
0000
0000
0000
0000
0000
0000
0000
0000
0000
0000
0000
0000
0000
0000
0003
0000
0000
0000
0000
0000
0000
0000
0000
0000
0000
0000
0000
0000
0000
0000
0000
0000
0000
0000
0000
0000
0000
0000
0000
0000
0000
0000
0000
0000
0000
0000
0000
0000
0000
0000
0000
0000
0000
0000
0000
0000
0000
0000
014B
0000
0000
0000
0000
0000
0000
0000
0000
0000
0000
0000
0000
0000
0000
0000
0000
0000
0000
0000
0000
0000
0000
0000
006F
0000
0000
0000
0000
0000
0000
01D6
0000
0000
0000
0000
0000
0000
0000
0000
020E
0000
002A
0000
0000
0000
0000
0000
0000
0000
0000
0000
0000
0000
0000
0000
0000
0000
0000
0000
0000
0000
0000
0000
01F2
0000
0000
0000
0000
0000
0000
0000
008D
0000
0000
0000
0025
0000
0000
0000
0000
0000
0000
0000
0000
0000
0000
0000
0000
0000
0000
03C2
0000
0000
0000
0000
0000
0000
0000
0000
0000
0000
0000
0000
0000
0000
0000
0000
0299
0000
01AC
0000
0000
0000
0000
0000
0007
0000
0000
0000
0000
0039
0000
0000
0000
0000
0000
0000
0000
0000
0000
0000
0000
0000
00A6
0000
0000
0000
0000
0000
0000
0000
0000
0000
0000
0000
0000
006A
0000
0000
0000
0000
0082
0000
0000
0000
0000
0000
0000
003F
0000
0000
0000
0000
0000
0000
0000
0000
0323
0000
0000
0000
0000
0000
0000
0000
0192
0000
0121
0000
0000
0000
0272
0000
0000
0000
0000
0000
0000
0000
0000
0000
047A
0000
0000
0000
0000
0000
0000
0000
0000
0000
0000
0000
0103
0000
0000
0000
0000
0000
0000
0000
0000
0000
0000
0000
0000
0000
0000
0000
0000
0000
0000
0000
0000
0000
0000
007B
0000
0000
0000
0000
0000
0000
0000
0000
0000
0000
0000
0000
0000
00D2
0000
0000
0000
0000
0000
011E
0000
0247
0000
0000
0000
0000
0000
0000
0000
0000
0000
0000
0000
0000
0000
0000
0000
0000
0000
0000
0000
0000
0000
0000
0000
0000
01B2
0000
0000
0000
0000
0000
0000
0000
0000
0000
0000
0000
0004
0000
0000
0000
0000
0000
0000
0000
0000
0000
0000
0000
0000
025D
0000
0000
0000
0000
0207
0000
0000
0000
0000
0000
0000
0000
0000
0000
0000
0000
005B
0000
0000
0000
04A0
0000
0000
0000
0000
0000
03B1
0000
0000
0000
0000
0000
0000
0000
0000
0000
0000
0138
0000
0000
0000
0000
0000
01EF
0000
0000
0000
0000
0000
0000
0000
0000
0000
0000
0000
0000
0000
0000
0000
0000
0000
0000
0000
0000
0000
0000
0000
0000
0000
0000
0000
0000
0000
0000
0000
03A1
0000
0000
0000
00E4
0000
0000
0000
0000
0035
0000
0000
0000
004D
0000
0000
0000
000E
0000
0000
0000
0000
0000
0000
0000
0000
0000
0000
0000
0000
0000
0000
0000
0000
0000
0000
0000
0000
0000
0000
0000
0000
0000
0000
0000
0000
0000
0000
0000
0000
0000
0129
0000
0000
0000
0000
0000
0000
0000
0000
0000
0000
0000
0000
03B2
0000
0000
0000
0015
0000
0000
0000
0000
02C0
0000
0000
0000
0000
0000
0000
0000
0000
01BD
0000
0000
0000
00BB
0000
0000
0000
0000
0000
0000
0000
0000
0000
0000
0000
0000
0000
0000
0003
0000
0000
0000
0000
0000
0000
0000
0000
0003
0000
0000
0000
0000
0000
0000
0000
0000
0000
0000
0000
0000
0000
0000
0000
0000
0000
0106
0000
0000
0000
0000
0000
0000
0000
0000
00CC
0000
0000
0000
0000
0000
0000
0000
0000
0000
0000
0000
0000
0000
0172
0000
0070
0000
0000
0000
0000
0000
0000
009B
0000
0000
0000
0000
0000
0000
0000
0000
0000
0000
01B9
0000
0000
0000
0000
0000
0000
0000
0000
0000
0000
0000
0000
0000
0000
0000
0000
0000
0000
0000
0000
0000
0000
0000
0000
0000
0000
0000
0000
0000
022C
0000
0000
0000
0000
0000
0000
0000
0000
0000
0000
0000
0000
0000
0000
0000
0000
0184
0000
0000
0000
0000
0000
0000
0000
0000
0000
0000
0000
0000
0000
0000
003E
0000
0000
0000
0000
0000
0000
0000
0000
0000
0000
0000
018B
0000
0000
0000
0000
0000
0000
0000
0000
0000
0000
0000
0000
0000
0048
0000
0000
0000
004A
0000
0000
0000
0000
0095
0000
0000
0000
007B
0000
0000
0000
0000
0025
0000
0000
0000
0000
0000
0000
0000
0000
0000
0000
0000
0000
0000
0000
0000
01A0
0000
0000
0000
0000
0281
0000
0000
0000
0310
0000
0000
0000
0000
0000
0000
0000
0000
0000
0000
0000
0000
0000
0000
0000
0000
0000
0000
0000
0000
0000
0000
0000
0000
0000
0000
0000
0000
0000
0000
0000
0000
0000
0000
0000
0000
0000
0000
0000
0000
0000
0000
0000
0000
0000
0000
0000
0000
0000
0000
00A3
0000
0000
0000
0000
0000
0000
0000
00B1
0000
0000
0000
0000
0000
0000
0000
0000
0000
0000
0000
0000
0000
0000
0000
0000
0000
0000
0000
0000
0000
0000
0000
0000
0000
0000
0000
0000
0000
0000
0000
010E
0000
0000
0000
0000
0000
0000
0000
0000
0000
0096
0000
0000
0000
0000
0000
0000
0000
0000
0000
0000
0000
0000
0000
0000
0000
0000
0000
0000
0000
0000
0000
0000
0000
0000
0000
0000
0000
0000
0000
0000
0000
0000
0000
0000
0000
0000
0000
0000
0000
0000
0000
0000
0000
0000
0182
0000
0000
0000
0000
0000
0000
0000
0000
006B
0000
0000
0000
0000
0000
0000
0000
0000
0000
0000
0000
0000
0000
0000
0000
0000
0000
0000
0000
0000
0000
01F2
0000
0000
0000
0000
0179
0000
0000
0000
0000
0000
0000
0000
0000
0000
0000
0000
0000
0000
0000
0000
0000
0000
0000
0000
0000
0000
00B5
0000
0000
0000
0000
0000
0000
0000
0000
0000
0000
0000
0011
0000
0000
022E
0000
0000
0000
0000
0000
0000
0000
0000
0000
0000
0000
0000
0129
0000
0000
0000
0000
0000
0000
0000
0000
0000
0000
0126
0000
0000
0000
0000
0000
0000
0000
0000
0000
0000
0000
0000
0000
0000
0000
0000
0000
0021
0000
0000
0000
0000
0000
0000
0000
0000
0000
0000
0082
0000
0000
0000
0000
0000
0000
0000
00F3
0000
0000
0229
0000
0000
0000
0000
0000
0000
0000
0000
0000
018A
0000
0000
0000
0002
0000
0000
0000
0000
0000
0000
0000
0000
0000
0000
0000
0000
0000
0000
0000
0000
0112
0000
0000
0000
00B7
0000
0000
0000
0000
0000
0000
0000
0000
0000
0000
0000
0000
00E4
0000
0000
0000
0000
0000
0000
0000
0000
0000
0000
0000
0000
0000
0000
0000
0000
0000
0000
0000
0000
0000
0000
0000
0000
0010
0000
0000
0000
0000
0000
0000
0000
0000
0000
0000
0000
0000
0000
0000
0000
0000
0000
0000
0000
0000
0000
0000
0000
0000
0000
0000
0000
0000
0000
0000
011E
0000
0000
0000
0000
0000
0000
016E
0000
0000
0000
0000
0000
03A9
0000
0000
0000
0000
0000
000E
0000
0243
0000
0000
0000
0000
0000
0000
0000
0000
0000
004F
0000
0000
0000
0000
0000
0000
0000
0000
0000
0000
0000
0000
0000
0000
0000
0000
00B6
0000
0000
0000
0000
0000
0000
0000
0000
0000
0000
0000
0000
0000
0000
0000
0000
0000
0000
0000
0000
0000
0000
0000
00C0
0000
0000
0000
0000
0000
0000
0000
0000
0000
0000
0000
0203
0000
0000
0000
0004
0000
0000
0000
0000
0000
0000
0000
0000
0000
0000
0000
0000
0007
0000
0000
0000
0000
0000
0000
0000
0000
0000
0000
0000
0000
0000
0000
0000
0000
0000
0000
0000
0000
0000
0000
0000
0000
0000
0000
0000
0000
0000
0000
0000
0000
0000
0000
0000
0000
0000
0000
0000
0000
0000
0000
0000
0000
0000
0000
0000
0000
0000
0000
0125
0000
00BC
0000
0000
0000
0096
0030
0000
0000
0000
0000
0000
0000
0000
0000
0000
000D
0000
0000
0000
0000
0000
0000
0000
0000
0000
0000
00DC
0000
0000
0000
0000
0000
0000
0000
0000
0000
0000
0000
0000
0000
0000
0000
0000
0000
0000
0207
0000
0000
0000
0000
0000
0000
0000
0000
0000
0000
0000
0000
0008
0000
0000
0000
0000
0000
0000
0000
0000
0000
0000
0000
0000
0000
0000
0000
0000
0000
0000
0000
0000
0000
0114
0000
003C
0000
0000
0000
0000
0000
0000
0000
0000
0000
0000
0000
0000
0000
0000
0000
0000
0000
0000
0000
0000
0000
0000
0000
0000
0000
0000
0000
0000
0000
0000
0000
0000
0000
0000
010D
0000
0000
0000
0000
0000
0000
0000
0000
02C4
0000
0000
0000
0000
0000
0000
0000
0000
0000
0000
0000
0000
0000
0000
0000
0000
0000
0000
0000
0000
005B
0000
0000
0000
0000
0000
0000
006D
0000
0000
0000
0000
0000
0000
0000
0000
0000
0000
0000
0000
0265
0000
0000
0000
0000
0000
0000
0000
0000
0000
0000
0000
0000
0000
0000
0000
0000
0000
0000
0000
0000
0000
0000
0000
0000
0000
0000
0000
0000
0000
0000
0000
0000
0000
0000
0000
0000
0000
0000
0000
0000
016B
0000
0306
0000
0000
0000
0000
01B7
0000
0000
0032
0190
0000
0000
0000
0000
0000
0060
0000
0000
0000
0000
0000
0000
0000
0000
0000
0000
0000
0000
0000
0000
0073
0000
0000
0000
0000
0000
0000
0000
0000
0000
0000
0000
0000
0000
032F
0000
0000
0000
0000
0000
0000
0000
0000
0000
0000
0000
0000
0000
0000
0000
0000
0000
0000
0000
0000
0000
0000
0000
0000
0000
0000
0000
0204
0000
0000
0000
0000
0000
0000
0000
0000
0000
0000
0000
009E
0000
0014
0000
0000
0000
0136
0000
004A
0000
0000
0000
0000
0000
0000
0000
0000
0000
0000
006E
0297
0000
0000
0000
0152
0000
0000
0000
0000
0000
0000
0000
0000
0000
0000
0000
0000
0000
0000
0000
0000
0000
0000
0000
0168
0230
0000
0000
0000
0000
0000
0000
0000
0000
0000
0000
0000
0000
0000
0000
0000
0000
0000
0000
0000
0000
0175
0000
0000
005B
0000
0000
0000
0000
0253
0000
0000
0000
0000
0000
0000
0000
0000
0000
0000
0000
0000
0000
00D4
0000
0000
0000
0000
0000
0000
0206
0000
007C
0000
0000
0000
0000
0000
0000
0000
0000
0000
0000
0000
0000
0000
0000
001F
0000
0000
0000
00DD
0000
0000
0000
0000
0000
0000
0000
0000
0000
0000
0000
0000
0000
0000
0000
0000
0000
0278
0000
0000
0000
0000
0000
0000
018E
0000
0000
0000
0000
0000
0000
0000
0000
0000
0000
03A8
0000
0000
0000
0000
0081
0000
0000
0000
0000
0000
0000
0000
0000
0000
0000
0000
0000
0000
0000
0004
0000
0000
0000
0000
0000
0000
0000
0000
0000
0000
0000
0000
0000
0000
0000
0000
0000
0000
0000
0000
0052
0000
0000
0000
0000
0000
0000
0000
0000
0000
0000
0000
0000
0000
0000
0000
0000
0000
0000
0000
0029
0000
0000
0000
0000
0000
0000
0000
0067
0000
0000
0000
0056
0000
0000
0000
0000
0000
0000
0000
0000
0000
0000
0000
0000
0000
0000
0000
0000
0000
0144
0000
0000
0000
0000
0000
0000
00E3
0000
0000
0000
0000
0000
0000
0000
0000
0000
0000
0000
0000
0000
0000
0000
0000
0000
0000
0000
0000
0000
0000
0000
0000
0000
0000
0000
0000
0000
0000
0000
0000
0000
0000
0000
0000
0000
0000
0000
0000
0000
0000
0000
0000
0000
0000
0000
0000
0000
0000
0000
0000
0000
039A
0000
0000
0000
0000
0000
0000
0000
0000
0111
0000
0000
0000
0000
0000
0000
0000
0000
0000
0000
0000
0000
0000
0000
0000
0000
0000
0000
0000
022E
0000
0000
0000
0030
0000
0000
0000
0000
0000
0000
0000
0000
0000
0000
0000
0000
0000
0000
0000
0000
0000
0000
0000
0000
0000
0000
0000
0000
0000
0000
0000
0000
0000
0000
0000
0000
0000
0000
0000
0000
0000
0000
0000
0000
0000
0000
0000
0105
0000
0000
0000
0000
0000
0000
0000
0000
0000
0000
0000
0000
0000
0000
0000
0000
0000
0000
0000
0000
0000
0000
0000
0000
0000
0000
021E
0000
0000
0000
0000
0000
0000
0000
0000
0000
0034
0000
00BE
0000
0000
0000
0000
0000
0000
0000
0000
0000
0000
0139
0000
0000
0000
0000
0000
0000
0000
0000
0000
0000
0000
0000
0000
0000
0000
0000
0170
0000
0000
0000
0000
0007
0000
0000
004C
0000
0000
0000
0000
0000
0000
0000
0000
0000
0000
0000
0000
0000
0000
0000
00B3
0000
0000
0000
0000
0000
0000
0000
0000
0000
0000
00E2
0000
0000
0000
0000
0000
01B9
0000
0000
0000
00A0
0000
0000
0000
0000
0000
0000
0000
0000
0000
0000
0019
0000
00B2
0000
0000
0000
0000
0000
0000
0000
0000
0000
0000
0000
0000
0000
0000
0000
0000
0086
0000
0000
0000
0000
0000
00BE
0000
0000
0000
0073
0000
0000
0352
0000
0000
0082
0000
0000
0000
0000
0000
0000
0000
0000
0000
0000
0000
0000
0043
0000
0074
0000
015D
0000
0000
0000
0000
035D
0000
0000
0000
0000
0000
0000
0000
0000
0000
0197
0000
0000
0000
0000
002E
0000
0000
0000
0000
0000
0000
0000
0000
0000
0000
0000
0000
0000
0000
0000
0000
0000
0183
0000
0088
0000
0000
0000
0000
0000
0000
0000
0000
0000
0000
0000
0000
0000
0000
0000
0000
0000
0000
0000
0000
0000
0000
0000
0000
0000
0000
0000
0000
0000
0000
00ED
0000
0000
0040
0000
0184
0000
0000
0000
0000
0000
0000
0000
0000
0000
0000
0000
0000
0000
0000
0000
0000
0000
0000
0000
0000
0000
0000
0000
0000
0000
0000
0000
0000
0000
0000
0000
022D
0000
0000
0000
0000
0000
0000
0000
0000
00DC
0000
008F
0000
0000
0000
0000
0000
00DF
0000
0000
0000
0000
0000
0000
0000
0000
0000
0000
0000
0000
0000
0000
0000
0000
0000
0000
0000
019A
0000
0149
0000
0000
0000
0000
0000
004A
0000
0000
0000
0000
0000
0002
000F
0000
0000
0000
0000
0000
0000
0023
0000
01C5
0000
0000
0000
0000
0000
0000
0000
0000
0000
0000
0000
0000
016B
0000
0000
0000
0000
0000
0000
0000
0000
0000
0000
0000
0000
0000
0000
0000
0000
0000
0000
0000
0000
0000
0000
0000
0000
0000
0000
0000
0000
0000
0000
0000
0000
0000
0126
0000
0000
0000
0000
0000
0000
0000
0027
0000
0000
0000
0000
0000
016B
0000
0000
0000
0000
0000
02E7
0000
0000
0000
0000
0000
0000
0000
0000
0000
0000
0000
0000
0000
0000
0000
0000
0000
0000
0000
0000
0000
0000
0000
0000
0000
0000
0000
0000
0000
0000
0000
0000
0041
0000
0000
0000
0000
0148
0000
0000
0000
0000
0000
0000
0000
0000
0000
0000
0000
0000
003A
004F
0000
0000
0000
0000
003C
0000
0000
0000
0000
0000
0000
008E
0000
0000
0000
0000
0000
0000
0000
0000
0000
0000
0000
0000
0000
0000
0000
0000
0000
0000
0000
0000
0000
0000
0000
0000
0000
0000
0000
0000
0000
0000
0000
0000
0000
0000
0000
0000
0000
0000
0000
0000
0000
0000
00FC
00ED
0000
0000
0105
0000
0000
0108
0000
0000
0000
0000
0000
0000
0000
0000
0000
0000
0000
0000
0000
008E
0000
0000
0000
0000
01AA
00CF
0000
0000
0000
0000
0000
0000
0000
0000
0000
0000
0000
0000
0000
0000
0000
0000
0000
0000
0000
0000
0000
0000
0000
0000
0000
0000
0098
0000
0000
0000
0000
0000
0000
0000
0000
0000
0000
0000
0000
0000
0000
0000
0000
00CE
0000
0012
0000
0000
0000
0000
0000
0000
0000
0000
0000
0000
0000
028A
0000
0000
0000
0076
0000
0000
0000
0000
0000
0000
0000
0000
0000
0000
0000
0000
0000
0000
0000
0000
0000
0000
0000
0000
0000
0000
0000
0000
0000
0000
0000
0000
0000
0000
0000
0000
0000
0000
0000
00B8
0000
014A
0000
01D6
0000
0000
0000
0000
0000
0000
0000
0000
0000
01AC
0000
0000
0000
0000
0000
0000
0000
01A7
0000
008C
0050
0068
0278
0048
0089
0000
0319
012B
0081
022F
015D
0317
0000
00BD
0000
0047
0052
0000
0368
0214
022E
0000
0449
0000
0134
0141
025F
0000
01BD
0000
00E1
02EB
02BF
0000
0309
0000
0741
0000
0183
0000
01A2
00FA
0000
012C
0160
00DC
018B
02CD
0000
0000
036E
0000
02D0
0000
01F4
00E2
0000
032A
002F
0334
0000
0000
0000
049B
0358
0116
040A
026C
0285
00DC
035C
0547
0153
0139
0000
00B3
038C
0229
02A2
01C3
01E3
01F3
0444
0236
0176
04F7
055F
01A5
019B
0483
0159
0306
022C
017A
01CE
0382
0254
015D
04F4
0000
02B1
03DD
03CA
022B
018E
033C
0000
0260
021F
04B8
0102
027D
06B6
00D2
029D
0204
05CE
0487
0130
0205
0579
0225
013A
04DD
03BC
016E
0000
035E
0000
0000
0000
0000
0000
0000
0000
0000
0000
0000
0000
0000
0000
0000
0000
0000
0000
0157
0202
0000
0000
00D0
011B
0000
0000
0000
005F
0000
0000
0000
0000
0000
0060
0000
0000
0000
0000
02A7
0008
0000
0000
0000
0000
0000
0000
0000
0000
0000
0161
0000
0000
0000
0219
0119
0000
0000
01F7
0000
0000
0000
0000
0000
0000
01A2
0000
0000
0000
0000
0000
0000
0000
0000
0000
0000
0000
0000
0000
0000
0000
007D
0000
0000
0000
0000
0000
0000
0000
0000
0000
0000
0000
0000
0000
0000
0000
0000
0000
0000
0000
0000
0000
0000
0000
0000
0000
0000
0000
0000
0000
0000
0000
0000
0000
0000
0000
0000
0000
0000
0000
0000
0000
0000
0000
0000
0000
0000
0000
00F8
0000
0000
0000
0000
0000
0000
0000
0000
0000
0000
0000
0000
0000
0000
0000
0000
0000
0000
0000
0000
0000
0000
0000
0000
0000
0000
0000
0000
0000
0000
018B
0000
001F
0000
0000
0144
0000
0000
0000
0000
0000
003F
0000
0000
0000
0000
0000
0000
0000
0000
0000
0000
0000
0000
0000
0000
0000
0000
0000
0000
0000
0000
0000
0033
0000
0000
0000
0000
0000
0000
0110
0000
0000
0000
0000
0000
0010
0000
0000
0000
0000
0000
0000
0000
0000
0000
0000
0000
0000
0000
0000
0000
0000
0000
0085
0000
0000
0080
0000
0000
0000
0000
0119
0000
0000
0000
0000
0000
0000
0000
0000
0000
0000
0000
0000
0000
0021
0000
0000
0000
0000
0000
0000
0000
0000
0000
0000
00CB
0000
0000
0000
0000
0000
0000
0000
0000
0000
0000
0000
0000
0000
0000
0000
0000
0000
0000
0000
0000
0000
0000
0000
0000
0000
0000
0000
0000
0000
0000
0000
0000
0000
0000
0000
0000
0000
0000
0000
0000
0000
0000
0000
0000
0000
0000
0000
0000
0000
0000
0000
0000
0000
0000
0000
0000
0000
0000
0000
0000
0000
0000
0000
0169
0000
0000
0000
0000
0000
0000
0000
0000
0000
0000
0000
0000
0000
0000
0000
0000
0000
0000
0000
0000
0000
0000
0000
0000
0000
0000
0000
0000
0000
0000
0000
0000
0000
0000
0000
0000
0000
0000
0000
0000
0000
0000
0000
0000
0000
0000
0000
014F
0000
0000
0000
0000
009C
0000
0000
0000
0000
0000
0000
0000
0000
0000
0000
0377
0000
0000
0000
0000
0000
0000
0000
0000
0000
0000
0000
0000
0000
0000
0000
0000
0000
0000
0000
0000
0000
0000
0000
0000
0000
010D
0000
0000
0000
0000
0000
0000
0000
0000
0000
0000
0000
0000
0000
0000
0000
0000
0000
0000
018B
0000
0000
0000
0000
0000
0000
0000
0079
0000
0000
0000
00D9
02FF
0000
0000
0000
0000
0000
035A
0000
0000
0000
0000
0000
00C9
017B
0000
0000
0000
0000
0000
0000
0000
0000
035C
0000
0000
0000
0000
0000
0000
0000
0000
0000
0000
0000
0000
0000
0000
0000
0000
0000
0000
0000
0000
0000
0000
0000
0000
0000
0000
0000
0000
0000
0000
0000
0000
0000
0000
0000
0000
0000
0000
0000
0000
0000
0000
0000
0000
0000
0000
0000
020E
0000
0000
0000
01D2
00A5
00A9
0000
0000
0000
0000
0000
0000
0000
0002
0000
0000
0000
0000
0000
0000
0000
0000
0000
0000
0000
0000
0000
0000
0000
0000
0000
0000
002A
0000
0000
0000
0000
0000
0000
0000
0000
002A
0000
0000
0000
0000
0000
0000
0000
0000
0000
0000
0000
0000
0000
0000
0000
0000
0000
0000
0000
0000
0000
005A
0000
0000
0000
0000
0000
0000
0000
0000
0000
0000
0000
0000
0000
0000
0000
0000
02C4
01B8
0000
0000
0000
0000
0000
0000
0000
0000
0000
0000
0000
0000
0000
0000
0000
0000
0000
0000
0000
0000
0000
0000
0000
0000
0000
0000
0000
0000
0000
009B
0000
0000
0000
0000
0000
0000
0000
0000
0000
0000
0000
0000
0000
0000
0000
0000
013B
0174
0000
0000
0000
0000
0000
0000
0000
0000
0000
0000
0000
0000
0000
0000
0025
0000
0000
0000
0000
0000
0000
0000
007B
001E
002E
0000
0000
0000
0000
0000
0000
0000
0000
0000
0000
0000
0000
00B0
0000
0000
0000
0000
0000
0000
0000
0000
0000
0000
0000
0000
0000
0000
0000
0000
0000
0000
0000
0000
0045
0000
0000
03B3
0000
0000
0000
0000
0000
0000
0000
0000
0000
0000
0000
0000
0000
0000
0000
0000
0000
0000
0000
0000
0000
0000
0000
0000
0000
0000
0000
0000
0000
0000
0000
0000
0000
0000
0000
0000
0000
0000
0000
0000
0000
0000
0000
0000
0000
0000
0000
0000
0000
0000
0000
0000
0000
0000
0000
0000
0000
0000
0000
0000
0000
0000
0000
01C0
0000
0000
0000
0000
0105
0000
0000
0000
0000
0061
0000
0000
0000
0000
0000
0000
0000
0000
0000
0073
0000
0000
0000
0000
0000
0000
0000
0000
0000
0000
0000
0000
0000
0000
0000
0000
0000
0000
0000
0000
0000
0000
0000
0000
0000
0000
0000
0000
0000
0000
0000
0000
0000
0000
0000
0000
0000
0000
0000
0000
0000
0000
0000
0131
0000
0000
0000
0000
0000
0000
0006
0000
0000
0000
0000
0000
0000
0000
0000
0000
0000
0000
0000
0000
0000
0000
0000
0000
0000
0000
0000
0000
0000
0000
0000
0034
0000
0000
0000
0000
0000
0000
0000
0000
0000
0000
0000
0000
0000
0000
0000
0000
0000
0000
0000
0000
0000
0000
0000
0000
0000
0000
0000
0000
0000
0000
0000
041D
0000
0000
0000
0000
0000
0000
0000
0000
0000
0000
0000
0000
0000
0000
0000
00BF
0000
0000
0000
0000
0000
0000
0000
0000
0000
0127
0000
0000
0000
0000
0000
0000
0000
0000
0000
0000
0000
0000
0000
0000
0000
0000
0000
0000
0000
0000
0000
0000
0000
0000
0000
0000
0000
0000
0000
0000
0000
0000
0000
0000
0000
0000
0000
03BF
0000
0000
0000
0000
0000
0000
0049
0000
0000
0000
0000
0000
0000
0000
0000
0000
0000
0000
0000
0000
0000
0000
0000
0000
0000
0000
0000
0000
0000
0000
0000
0000
0000
0000
0000
0000
0000
0000
0000
0000
0000
0000
0000
0000
0000
0000
0000
0000
0000
0000
0000
0000
0000
0000
0000
0000
0000
0000
0000
0000
0000
0000
0000
03C2
0000
0000
0000
01FD
0000
0000
0000
0000
0000
0000
0000
0062
0000
0000
0000
0000
0000
0000
00D2
0000
0000
0000
0000
0000
0000
0000
0000
0000
0000
0000
0000
0000
0000
0000
0000
0000
0000
0000
0000
0000
0000
0000
0000
0000
0000
0000
0000
0091
001D
0000
0000
0000
0000
0000
0000
0000
0000
0000
0000
0000
0000
0000
0000
0000
0000
0000
0000
0000
0000
0000
0000
001E
0000
0000
0000
0000
0000
0000
0000
0000
0000
0000
0000
0000
0000
0000
0000
0000
0000
0000
0000
0000
0000
0000
0000
0000
0000
0000
0000
0000
0000
0000
0000
0000
0000
0000
0000
0000
0000
0000
0000
0029
0000
0000
0000
0025
0000
0000
0000
0000
0000
0067
0000
0000
0000
0000
0000
00BC
0019
0000
0000
0000
0000
0000
0000
0000
0000
0000
0000
0000
0000
0000
0000
0000
0000
0000
0000
0000
0000
0000
0000
0000
0000
0008
0000
0000
0000
0000
0000
0000
0000
0000
0000
0000
0000
0000
0000
0000
0000
0000
0000
0000
0000
0000
0000
0000
0000
0000
0000
0000
0000
0000
00A0
0000
0000
0000
0000
0000
0000
0000
0000
006A
0000
0000
0000
0000
0000
0000
0000
0000
0000
0000
0000
0000
0000
0000
0000
0000
0000
0000
0000
0000
0000
0000
0000
0000
0000
03A0
00A7
0000
0000
0000
0000
0000
0000
0000
0000
0000
0000
00C7
0065
0000
0000
0000
0000
0000
0000
0000
0000
0000
02C7
01FC
0000
0000
0000
0000
0000
0000
0000
0000
0000
0000
0000
0000
0000
01D4
0000
0000
0000
0000
0000
0000
0000
0000
0000
0000
0000
0000
0000
0000
0000
0000
0000
0000
0000
0000
0000
0000
0000
0000
0000
0000
0000
0000
0000
0000
0000
0000
0000
0000
0000
0000
0000
0000
0000
0000
0000
0000
0000
0000
0000
0000
0000
0000
0000
0000
0000
0000
0000
0000
0000
0000
0000
0000
0000
0000
0000
0000
0000
031F
0000
0000
0000
0000
001E
0000
0000
0000
0000
0000
0000
0000
0000
0000
0000
0000
0000
0000
0000
0000
0000
0000
0000
0000
0000
0000
0061
0000
0000
0000
0000
0000
0000
0000
0000
0000
0000
0000
0000
003E
0000
0000
0000
0000
0000
0000
0000
0000
0000
0000
0000
0000
007D
0000
0000
0000
0000
0000
0000
0000
0000
0000
0000
03D3
0000
0000
0000
0000
0000
0000
0000
0000
0000
0000
0046
00B4
0000
0000
0000
0000
0000
0000
0000
0000
0000
0000
0000
0093
0000
0000
0000
0000
0000
0000
0000
0000
0000
0000
0000
0000
0000
0000
0000
0000
0000
0000
0000
0000
0000
0000
0000
0000
0000
0000
014C
0000
0032
0000
0000
0000
0000
0000
0000
0000
0000
0000
0000
009A
0000
0000
0000
0000
0000
0000
0000
0076
00C7
0000
0000
0000
0000
0000
0000
0000
0000
0000
0000
0000
0000
0000
0000
0000
0000
0000
0000
0000
0000
0000
0000
0000
0000
0000
0000
0000
0000
0000
0000
0000
0000
0000
0000
0000
0000
0000
0000
0000
0000
0000
0000
0000
0000
0000
0000
002F
0028
0000
0000
0000
00F1
0000
0000
01A2
0000
0000
0000
0000
0000
006D
0000
0000
0000
0000
0000
0000
0000
0000
0000
0000
0000
0000
0000
0000
0000
0000
0000
0000
0000
0000
0000
0000
0000
0000
0000
0000
0000
0000
0000
0000
0000
0000
0000
0000
0000
0000
0000
0000
0000
0000
0000
0000
0000
0000
0000
0000
0000
0000
0000
0000
0000
0000
0000
0000
0000
0000
0000
032E
0000
0000
0000
0000
0000
0000
0000
0000
0000
0000
0000
0000
0000
0000
0000
0000
0000
0000
0000
0000
0000
0000
0000
0000
0000
0000
0000
0000
0000
0000
0000
0000
0000
0000
0000
0000
0000
0000
0000
0000
0000
0000
0000
0000
0000
0000
0000
00E5
0000
0000
0000
0000
0000
0000
0000
0000
0000
0000
0000
0000
0000
0000
0000
0147
0000
0000
011A
0000
0000
0000
007F
0000
0000
0000
011A
0040
0000
0000
0000
0000
0000
0000
0000
0000
0000
0000
0000
0000
0000
0000
0000
0000
0000
0000
0000
0000
0000
0000
0001
0000
0000
0000
0000
0000
0000
0000
0000
0000
0000
0000
0000
001B
0000
0000
0000
0000
0000
0032
00CE
0000
0000
0000
0000
0000
0000
0000
0000
025A
0000
0000
0000
0000
0000
0000
0000
0000
0000
0000
0000
00E2
0000
0000
0000
0000
0003
0000
0000
0000
0000
0000
0148
0000
0000
0000
0000
0000
0000
0000
0000
0000
0091
00A7
0000
0000
0000
0000
0000
0000
0000
0000
00B4
0000
0000
0000
0000
0000
0000
0000
0000
0000
0000
0000
0000
0000
0000
0000
0196
0000
0000
0000
0000
01BD
0000
0000
0000
0000
0000
0000
0000
0000
0000
0000
0000
0000
0000
0000
0000
0000
0000
0000
0000
0000
0000
0000
0000
0000
0000
0000
0000
0000
0000
0000
0000
0000
0000
0000
0000
0000
0000
0000
0000
0000
0000
013B
0078
0000
0000
0000
0000
0000
020A
0000
0000
0000
0000
0000
0000
0000
0000
0000
0000
0000
0000
0000
0000
01B9
0000
0000
0000
0000
0000
0000
0000
0000
0000
0000
0000
0000
0000
0000
0000
0000
0000
0000
0000
0000
0000
0000
0000
0000
0000
0000
0000
0000
0000
0000
0000
0000
0000
0000
0000
0000
0000
0000
0000
0000
0000
0000
0000
0000
0000
0000
0000
0000
0000
0000
0000
0000
0000
0000
0088
0000
0000
0000
0000
0000
0000
0000
0000
0260
0000
0000
0000
0000
0000
0000
0000
0020
0000
0000
0000
0000
0000
0000
0000
0000
0000
0000
0000
0000
0000
0000
0000
0000
0000
0000
0000
0000
0000
0000
0000
0000
0000
0000
0000
0000
0000
0000
0000
00DB
0000
0000
0000
0000
0000
0000
0000
0000
0000
0000
0000
0000
0067
0000
0000
0000
0000
0000
0000
0000
0000
0000
0000
0174
0000
0000
0000
0000
0000
0112
0000
0000
00AD
0000
0000
0000
0000
0000
0000
0000
0000
0000
0000
0000
0000
0000
0000
0000
0000
0000
0000
0000
0000
0000
0000
0000
0000
0000
0000
0000
0016
0000
0000
0000
0000
0000
0000
0000
0000
0000
0000
0000
0000
0000
0000
0000
0000
0000
0000
0000
0000
0000
0000
0000
0000
0000
0000
00B0
0000
0000
0000
0000
0000
0000
0000
0000
0000
0000
0000
0000
0000
0000
0000
0198
0000
0000
0000
0000
0000
0000
0000
0000
0000
0000
0000
0000
0000
0000
0000
0000
0000
0000
0000
0000
0000
0000
0000
0000
0000
0000
0000
0000
0000
0000
0000
0000
0000
0000
0000
0000
0000
0000
0000
0000
0302
0108
0000
0000
0000
0000
0000
0277
0000
0000
0000
0000
0000
0000
0000
0000
0000
0000
0000
0000
0000
0000
0000
0000
0000
0000
0000
0000
0000
0000
0000
0000
0000
0000
0000
0000
0000
0000
0000
0000
0000
0000
0000
0000
0000
0000
0000
0000
0000
0000
0000
0000
0000
0000
0000
0000
0000
0000
0000
0000
0000
0000
0092
006F
0000
0000
0000
0000
0000
0000
0000
0199
0000
0000
0000
0000
0000
0000
0000
0000
0000
0000
0000
0000
0000
0000
0000
0000
0000
0000
0000
0000
0000
002F
00E8
0000
0000
0000
0000
0000
0000
0089
0000
0000
0000
0000
0000
0000
0000
0000
0000
0000
0000
0000
0000
0000
0000
0000
0000
0000
0000
0000
0000
0000
0000
0000
0000
0000
0000
0000
0000
0000
0000
0000
0000
025D
0000
0000
0000
0000
0000
0000
0000
0000
0000
0000
0000
0000
0000
0000
0000
0000
0000
0000
0000
0000
0000
0000
0000
0000
0000
0000
016F
007F
0000
0000
0000
0000
0000
0000
0000
0000
0000
0000
0000
0000
0000
0000
0000
0000
0000
0000
0000
0000
0000
0000
0000
0000
0000
0000
0000
0000
0000
0000
0000
0000
0000
0000
0000
027B
0000
0000
0000
0000
0000
0000
0000
0000
0000
0000
0000
0000
0000
0000
0000
0000
0000
0000
0000
0000
0000
0000
0000
0000
0000
0000
0000
0000
0000
0000
0000
0000
0000
0000
0000
0000
0000
0000
0000
0000
0035
0000
0000
0000
0000
0000
0000
0000
0000
0000
0000
0000
0000
0000
0000
0000
0000
0000
0000
0000
0000
0000
0000
0403
0000
0000
0000
0000
0000
0000
0000
0000
0000
0000
0000
0000
0000
0000
0000
0000
0000
0000
0000
0000
0000
0000
01B1
0000
0000
0000
0000
0000
0000
0000
0000
00AE
0000
0000
0000
0000
00D7
0000
0000
0000
008A
0000
0000
0000
0000
0000
0000
0000
0000
0000
0000
0000
0000
0000
0000
0000
0000
0000
0000
0000
0000
0000
0000
0298
0000
0000
0000
0000
0000
0000
0000
0000
00FD
0000
0000
0000
0000
0000
0000
0000
0000
0000
0000
0000
0000
0000
0000
0000
0000
0000
0000
0000
00AC
0000
0000
0000
0000
0000
0000
0000
0000
00D8
0000
0000
0000
0000
0000
0000
0000
0000
0000
0000
0000
0000
0000
0000
000C
0000
0000
0000
0000
0000
0000
0000
0000
0000
0000
02D0
00CD
0000
0000
0000
0000
0000
0000
0000
0000
0000
0000
0000
0000
0000
0000
0000
0000
0000
0000
0000
0000
0000
0000
0000
0000
0000
0000
0000
0000
0000
0000
0000
0000
0000
0000
0000
0000
0000
0000
0000
0000
0000
0000
0000
0000
0000
0000
0000
0000
0000
0000
0000
0000
0000
0000
0000
0000
0000
0000
0000
0000
0000
0000
0290
00AC
0000
0000
0000
0000
0000
0000
0000
0000
0000
0000
0000
0000
0000
0000
0000
0000
0000
0000
0000
0000
0000
0000
0000
0000
0000
0000
0000
0000
0000
0000
0000
0000
0000
0000
0000
0000
0000
0000
0000
0000
0000
0000
0000
0000
0000
0000
0000
0000
0000
0000
0000
0000
0202
0000
0000
0000
0000
0000
0000
0000
0000
0000
0000
0000
0000
0000
0000
0000
0000
0000
0000
0000
0000
0000
0000
0000
0000
0000
0000
0000
0000
0000
0000
0000
0000
0000
0000
0000
0000
0000
0000
0000
0000
0000
0000
0000
0000
0000
0000
0000
0000
0000
0000
0000
0000
0000
0000
0000
0089
00E6
0000
0000
0000
0000
0000
0000
0000
0000
0000
0000
0000
0000
0000
003E
0000
0000
0000
0000
0000
0000
0000
0000
0000
0000
0000
0000
0000
0000
0053
00D6
0000
0000
0000
0000
0000
0000
0000
0000
0000
0000
0000
0000
0000
0000
0000
0000
0000
0000
006A
0000
0000
0000
0000
0000
0000
0000
0000
0000
0000
0000
0000
0000
008E
0000
0000
0000
0000
0000
0000
0000
0000
0000
0000
0000
0000
0173
0000
0000
0000
0000
0245
0000
0000
0000
0000
0000
0000
0000
0000
0000
0000
0000
0000
0000
0000
0000
0000
0000
0000
0000
0000
0000
0000
0000
0000
0000
0000
0000
0000
0000
002A
0000
0000
0000
0000
0000
0000
0000
0000
0000
0000
0000
0000
001F
0000
0000
0000
0000
0000
0000
0000
0000
0000
0000
0000
0000
0000
0000
0000
0000
0000
0000
0000
0000
0234
006C
0000
0000
0028
010D
0000
0000
0000
0000
0000
0000
0000
0000
0000
0000
0000
0000
0000
0000
0000
0000
0000
0000
0000
0000
0000
0000
0048
000F
0000
0000
0000
0000
0000
0000
0000
0000
0000
0000
0000
001E
0000
0000
0000
0000
0000
0000
0000
0000
0000
0000
0000
0000
0000
0000
0000
0000
0000
0000
0000
0000
0000
0000
02E4
00E6
0000
0000
0000
0000
0000
0000
0000
0000
0000
0000
0000
0000
0000
0000
0000
0000
0000
0000
0000
0000
0000
0000
0000
0000
0000
0000
0000
0000
0000
0000
0000
0000
0000
0000
0000
0000
0000
0000
0000
00D6
0000
0000
0000
0000
0000
0000
0000
0000
0000
0000
0000
0000
0000
0000
0000
0000
0000
0000
0000
0000
0000
0000
03B6
0087
0000
0000
0000
0000
0000
0000
0000
0000
0000
0000
0000
0000
0000
0000
0000
0000
0000
0000
0063
0000
0000
0000
0000
00EE
0000
0000
0000
004A
0000
0000
0000
0000
0000
0000
0000
0000
0000
0000
0000
0000
0000
0000
0000
0000
0000
0000
0000
0000
0000
0000
0000
0000
0000
0000
0000
0000
0000
0000
0000
0000
0000
0000
0305
0000
0000
0000
0000
0000
0000
0000
0000
0000
0000
0000
0000
0000
0000
0000
0000
0000
0000
0000
00F0
0000
0000
0000
0000
0000
0000
0000
0000
0000
0000
0000
0000
0000
001A
0000
0000
0000
0000
0000
0000
0023
0000
0000
0000
0000
0000
0000
0000
0000
0000
0000
0000
0000
0000
0000
0000
0000
0000
0000
0000
0000
0000
0000
0170
0000
0000
0000
0000
0000
0000
0000
0000
0000
0000
0000
0000
0000
0000
0000
0000
0000
0000
0000
0000
011D
0000
0000
0000
0000
0000
0000
0000
0000
0000
0000
0000
0000
0000
0000
0000
0000
0000
0000
0000
0044
0000
0000
0000
0000
0000
0000
0000
0000
0000
0000
0000
0000
0000
0000
0000
0000
0000
0000
0000
0000
0000
0000
031D
0000
0000
0000
0000
0000
0000
0000
0000
0000
0000
0000
0000
0000
0000
0000
0000
0000
0000
0000
0000
0000
0000
0000
0000
0000
0000
0000
0000
0000
0000
0000
0000
0000
0000
0000
0000
0000
0000
0000
0000
0000
0000
0000
0000
0000
0000
031B
012C
0000
0000
0000
0000
0085
0000
0000
0000
0000
0000
0000
0000
0000
0000
0000
0230
0022
0000
0000
0000
0000
0000
0000
0000
0000
0000
0000
0000
0000
0000
0000
0000
0000
0000
0000
0000
0000
0000
0000
0000
0000
0000
0000
0000
0000
0043
0000
0000
0000
0000
0000
0000
0000
0000
0000
0000
0000
0000
0000
0000
01A1
0000
0000
0000
0000
0000
0000
0000
0000
0000
0000
0000
0053
0000
0000
0000
0000
0000
0000
009E
0000
0000
0000
0000
0000
0247
0047
0000
0000
0000
0000
0000
0000
0000
0000
0000
0000
0000
0000
0000
0000
0000
0000
0000
0000
0000
0000
0000
0000
0000
0000
0000
0000
0000
0000
0000
0000
0000
0000
0000
0000
0000
0000
0000
0000
0000
0000
0000
0000
0000
0000
0000
0000
0000
0000
00EA
0000
0000
0000
0000
0000
0000
0000
0000
0000
0000
0000
0000
0000
0000
0000
0000
0000
0000
0000
0000
0000
0000
0000
0000
0000
0000
0000
0000
0000
0000
0000
0000
0000
0000
0000
0000
0000
0000
00B6
0000
0000
000F
0000
0000
0000
0000
0000
0000
0000
0000
0000
0000
0000
0000
0000
0000
0000
0000
0000
0000
0000
0000
0000
0000
0000
0000
0000
0000
0000
0000
0000
00CA
0000
0000
0000
0000
0000
0000
0000
0000
0000
0000
0000
0000
0000
0000
0000
0000
0000
0000
0000
0000
0000
0000
0000
0000
0000
0152
0000
0000
0000
0000
0000
0000
0000
0000
0000
0000
0000
0000
0000
0000
0000
0000
0000
0000
0000
0000
0000
0000
0000
0000
0000
0000
0000
0000
0000
0000
0000
0000
0000
0000
0000
0000
0000
0364
0000
0000
0000
0000
0000
0000
0000
0000
0000
0000
0000
0000
0000
0000
0000
0000
0000
0000
0000
0000
0000
0000
0000
0000
0000
0000
0000
0000
0000
0000
0000
0000
0000
0000
0087
0000
0000
0000
0000
00D0
0000
0000
0000
0000
0000
0000
0000
0000
0000
0000
0000
0000
0000
0000
0000
0000
0000
0000
0000
007B
0000
0000
0000
01AA
0000
0000
0000
0000
0000
0000
0000
0000
0000
0000
0138
0000
0042
0000
0000
0000
0000
0000
0000
0000
0000
0000
0000
0000
0000
0000
0000
0000
0000
0000
0000
0000
0000
0000
0000
0000
0000
0000
0000
0000
0000
0000
0000
0000
0000
0000
0000
0000
0000
0000
0000
00DD
0000
0000
0000
0000
0000
0000
0000
0000
0000
0000
0000
02EE
0000
0000
0000
0000
0032
0030
0000
0000
0000
0057
00FA
0000
0000
0000
0000
0000
0017
0000
0000
0000
0000
0000
0000
0000
0000
0000
0000
0000
0000
0000
0000
0000
0000
0000
0000
0000
0000
0000
0000
0000
0000
0000
0000
0000
0000
0259
0000
0000
0000
0000
0000
0000
0000
0000
0000
0000
0000
0000
0000
0000
0000
0000
0000
0163
0000
0000
0000
0000
0000
0000
0000
0000
0000
0000
0000
0000
0000
0000
0000
0000
0000
0000
0000
0000
0000
0000
0000
0000
00F6
0018
0000
0000
0000
0000
0000
0076
0000
0000
0000
0000
0000
0000
0000
0000
0000
0000
0000
0000
0000
0000
0000
0000
0000
0000
0000
0000
0000
0000
0000
0000
0000
0000
0000
0000
0000
0000
0000
01C5
0000
0000
0000
0000
0000
0000
0000
0000
0000
0000
0000
0000
0000
0000
0000
0000
0000
0000
0065
0000
0000
0000
0000
0000
0000
01EA
0000
0000
0000
0000
0000
0000
0000
0000
0000
0000
0000
0000
0000
0000
0000
0000
01D7
0000
0000
0000
0000
0000
0000
0000
0000
0000
0000
0000
0000
0000
0000
0000
0000
0000
0000
0000
0000
015A
0000
0000
0000
0000
0000
0153
00B9
0000
0000
007C
0000
0000
0000
0000
0000
0000
0000
0000
0150
0000
0000
0000
0000
0000
0000
0000
0000
0000
0000
0000
0000
0000
0000
0000
0000
0000
00D1
0000
0000
0000
0000
0000
0000
0149
0000
0000
0000
0000
0000
0000
0000
0000
0000
0000
0000
0000
0000
0000
0000
0000
0000
0000
0000
0000
0000
0000
0000
0000
0031
0120
0000
0000
0000
0000
0000
0000
0000
0000
0000
0000
0000
0000
0000
0000
0000
0000
0000
0000
0000
0000
0000
0000
0000
0000
0000
0000
0000
0000
0000
0000
0000
0000
0000
0000
0000
0000
0000
0000
0000
0000
0000
0000
0000
0000
0000
0000
0000
0000
0000
0000
0000
0000
0000
0000
0000
0000
0000
017C
0000
0000
0000
013A
0000
0000
0000
0000
0000
0000
0000
00E2
01A3
0000
0000
0000
0000
0000
0000
0000
0000
0000
0000
0000
0000
0000
0000
0000
0000
0000
0000
0000
0000
0000
0000
0000
0000
0000
0000
0000
0000
0000
0000
0000
0000
0000
0000
0000
0000
0000
0000
0000
0000
0000
0000
0000
0000
0000
0000
0000
0000
0000
0000
01B1
00F6
0000
0000
0000
0000
0000
00C8
0174
00E3
00D0
022D
00D4
0000
0000
0000
0000
0000
0000
0000
0000
0000
0000
0000
0000
0042
0054
0000
0000
0000
0000
0000
0000
0000
0000
0000
0000
0000
0000
0000
0000
0000
0000
0000
0000
0000
000C
011A
0000
0000
0000
0000
0000
0000
0000
0000
0000
0000
0000
00EC
017B
002F
0000
0000
0207
0000
0148
0000
0000
0129
0000
0000
0000
028E
02A5
0112
0000
0000
0000
0022
0000
0054
009E
0000
0112
0480
0000
013E
01D0
016C
0000
0292
0046
0051
032E
00DC
0000
00D8
00F4
0000
023E
0000
0000
0000
031B
01AA
0000
0126
00A2
0000
0000
00F1
0000
0080
038E
0136
00CD
0000
0195
03E3
0091
0169
0255
004E
0000
0000
0304
059F
02F5
0000
0000
0000
01E8
0000
0000
013D
02C7
0000
0000
0000
01DC
017B
00BA
0000
0000
0000
0000
0324
02B7
0000
0139
0083
0000
0000
0147
0074
0000
03BC
0000
0000
010D
0000
0000
0000
0173
0000
01CC
0112
0000
0000
0000
001A
0000
00C1
0000
0061
0000
0000
0145
0000
0000
0000
0180
0000
0000
0000
009B
0000
0000
040A
0000
0000
0441
0000
0000
0140
0000
0000
01A0
026E
0000
0000
03FA
0000
0295
0127
0000
0000
0000
0121
01D2
0000
0000
01CD
019F
03BD
0000
0000
0000
00E4
0000
0000
0000
0256
0000
0000
023C
0000
0000
0000
03EA
0000
0000
0000
0062
0329
00A9
0000
00F2
0000
0000
0000
0000
0000
02B7
014D
0000
0000
0000
00BF
003D
0000
02A9
0000
0000
0000
0469
0000
0000
0000
0031
009A
0000
0000
0000
04F3
0000
00C4
0000
0000
03B5
04B3
0000
0000
0000
0000
0000
0151
0000
0000
0267
0000
00A6
0341
0000
0013
0000
0000
016F
0000
0000
0000
0491
001D
0000
0000
008F
0000
019C
0159
0000
0000
0418
01E2
0000
0000
03C3
0004
0000
0277
016A
0107
0000
0000
0000
01AB
0000
0086
0034
01EE
0459
0000
010A
022E
0000
0010
0000
0000
00FA
004B
0000
0000
0000
037C
0000
0000
0000
0000
0000
0074
022A
0000
0000
007A
0157
0000
005C
0000
0000
0020
0030
0104
017E
0000
007A
0042
0041
0000
0000
0000
0000
0080
0116
0000
0000
03B5
0000
01E5
0000
0000
0000
0000
01E1
0000
0000
0000
0000
0000
00FD
0000
0000
00B5
000E
00A2
043F
0000
0000
0000
0000
0000
0000
0248
04AB
0000
0000
0140
0000
0000
0000
0000
01AB
03EC
0000
0000
0000
0000
0000
01D7
0000
0000
0000
0000
0000
0000
003E
03F6
0000
0000
0000
03AE
014E
0000
0000
0217
05C9
0000
0000
0356
0071
0000
02E6
0000
0000
01FD
06E1
0000
0000
00BD
0000
0000
00B1
021C
0000
0000
0075
0064
0000
00C7
05F7
0000
0000
00EC
00B7
02A9
0000
0000
0000
0000
02D5
0000
0000
03A9
0000
0085
0000
0000
0000
01D1
0248
0011
0000
032A
0000
0000
0000
0129
0484
0000
0000
00EE
00DD
0000
0000
0357
0000
0000
02CC
0000
0000
0000
014B
0000
0000
0012
01B5
0201
0000
0171
0191
0000
0000
0108
0337
0000
0000
0000
0000
0007
0106
0179
0000
0000
0334
0100
0084
0111
0000
0000
0000
0000
00EE
0157
0168
0000
0000
0000
0042
0000
0000
05BD
0150
0185
0000
0000
0000
0000
0000
0275
0116
02AD
0000
0000
0000
0000
0000
0000
0070
0000
006E
0000
00E1
0000
0000
01EF
0000
0000
0000
0000
01EF
0000
00F1
02C9
0000
0000
013C
002A
0000
0000
0000
0064
0000
0189
0335
0000
0000
00C5
0424
0000
0000
00AE
0000
0000
0225
003F
0141
0000
0000
0000
01D9
0000
0000
0144
0347
0000
0000
0000
0000
0000
0000
00EF
0000
0119
017F
018F
0000
01F4
0000
0000
0000
0000
004A
0294
0000
0000
0000
0000
01B0
0000
0000
003F
01ED
0000
0000
0000
0000
0000
0000
0000
0000
0000
0000
0000
0142
0425
01AB
0000
0000
0000
0000
015D
05BB
0000
0000
0000
0000
025F
0000
0000
00CB
0000
03D2
0000
0000
00D1
0166
0000
0000
010E
0000
00EF
031D
0000
0317
00D7
0000
0000
0000
0000
01F6
0000
00E5
0000
0317
0000
00F0
0000
0000
0000
0000
0302
0000
0000
0000
01DA
0000
0000
018A
0000
0007
000B
0000
04F5
0000
0000
00F8
01F3
0000
0000
0000
00FB
0000
0000
02A0
0136
03A4
0000
0000
0150
04B8
0000
0000
0020
0000
02F6
0063
0000
0014
0001
0000
0000
0000
0000
01DB
02FF
0000
0282
0217
0000
0166
0000
0000
012F
009D
0188
0378
0000
0000
01B2
0000
0000
012B
01C1
0050
0000
0000
0000
0349
00C4
0000
0079
0096
0000
0000
0327
0000
034B
0000
0190
0099
0000
0000
0000
01E2
0000
0000
0000
002D
02B1
031E
0000
0283
001A
0069
0000
0000
0000
0103
0000
0000
0000
0218
0000
0000
0000
0000
02EF
02CE
0000
0000
0000
0000
0355
0044
0000
03E0
0110
009A
0000
0000
0000
039A
0000
0000
0047
0000
0083
0000
0000
02A5
0292
0000
0000
0000
0000
0000
0303
0112
0000
0000
0000
0000
0203
0000
0000
0192
0000
0000
0000
0000
012B
0000
0000
04E0
0000
0000
001A
0000
0000
0371
02EF
0000
0000
0000
0334
0000
0147
0000
0000
038E
0000
0000
0000
0000
00BB
019C
001D
0000
003C
0234
0000
0000
0000
0000
0005
0000
0032
0000
0000
022A
0000
0000
0000
0000
0000
0000
0223
0000
0048
02DA
0000
0000
027E
00E5
0000
0000
0000
0301
019B
0000
0000
0066
0000
0000
0234
0395
0000
0417
0000
0000
0000
005E
0000
0276
0000
0000
01F3
04E2
0264
0000
0000
0000
01CA
0194
0000
0000
0000
00AB
032D
0000
0000
0000
02A3
01CD
0000
00EF
0136
0000
01E9
0082
0000
0098
01E5
0000
0000
0000
0000
02B4
0253
019C
0000
0000
016E
0000
0000
0233
008F
0000
0000
0000
02D9
00C2
0000
0000
051E
0000
0000
0000
05DF
0000
0000
0426
0000
0000
00D8
0000
01D9
0203
0000
015F
0000
0000
0000
0000
013D
0234
0000
0000
0000
035F
0233
0179
039A
0000
00E3
0000
0000
0000
028A
010A
0000
0000
0000
0000
0397
0000
0000
0000
0000
00AB
001F
0000
0000
0000
0000
0317
0000
0000
01B3
024C
0000
0000
0000
018F
0000
0000
017C
0000
0000
004C
0000
012A
01AA
0000
004B
0501
0000
0000
0311
0000
0000
0000
0000
0000
0000
009F
0052
02A0
0000
0000
00A5
0258
014A
0000
0000
0000
0000
005C
02FB
0000
0000
0000
03BA
0000
0000
0000
006A
03AE
0000
0000
0000
0304
0000
0000
0000
016A
016B
0000
0000
02E8
0000
0000
0000
0055
0000
0007
0130
0000
0000
0398
0000
0000
05EF
0000
0000
00BA
0107
0000
0000
0284
0000
0321
0000
0000
0197
03A3
0000
0000
0000
0000
0000
0000
0000
04C3
02C5
0000
0052
0000
0000
0000
039D
02E1
0000
00B1
00A1
0000
0150
0000
0000
014B
0154
0000
0000
00EF
03A1
0000
00CF
00FC
0000
0361
0000
0000
0000
00C5
0000
0148
0387
0000
0000
01EA
00F1
0000
0356
0000
0000
02F0
01E6
0000
0184
0000
0003
0000
0000
053B
0000
0000
0000
00A9
0000
0000
0000
035F
0000
0000
0000
032C
016C
0000
0000
02E4
0000
0000
01FF
0000
0000
0000
0000
0000
0000
0046
00C4
0000
00A6
0000
0000
0172
0092
0163
0000
01D5
006E
0000
02AE
0000
0000
032B
00B5
0081
0000
00A6
0000
0000
0411
01D6
0000
01A9
002A
0000
0000
0000
0000
0000
009B
008E
0000
0000
0489
0360
0000
0000
0000
00A5
0000
0000
0000
0123
0227
0000
001A
010D
019C
0000
0000
0415
0000
0084
0000
0000
001A
0000
02ED
0000
0082
0258
0040
0000
0000
009D
03A8
0074
0000
0000
031A
0000
0101
0005
0000
0000
0037
0000
0000
0000
0000
0000
0000
0543
0000
0000
0000
0000
0383
0000
0000
00CF
0000
02A1
0358
0000
0000
0000
00CB
03D3
0000
012E
0000
0000
0000
0000
0275
02BE
0000
0000
001C
02FC
0000
0000
018F
00A7
0000
01AD
0000
0000
0000
0000
0043
0000
0000
006B
0167
032B
0425
0000
0039
0000
0000
0222
0000
0212
0000
0000
0000
0137
02A2
0053
0000
003B
0126
0000
02EB
0000
0000
0000
0135
0477
0000
0000
01E8
0000
0000
0136
0180
0000
0034
009D
0010
0408
0000
0000
0000
01AD
0041
0000
0000
0000
013D
0000
018E
011E
0000
0000
0000
0021
0000
0000
0175
025E
0000
008F
028C
0000
00BC
0541
0106
0000
0000
0000
0000
0000
0218
0097
0000
0000
0000
0145
01E6
0315
0000
0000
0000
01BA
0000
0000
0000
0000
01C4
02D8
0028
0000
0011
0000
0000
0159
009D
0000
0000
0000
00C7
0000
01A6
03C8
0000
0000
0000
0000
003B
0000
005A
0212
0043
0110
0000
0000
0000
0000
0340
0000
0000
0000
0000
0000
00DC
0000
0000
0000
0002
0000
0000
0000
0000
067A
0000
0000
0000
0000
0000
04BB
0000
0000
00B1
0000
0000
0151
0489
0060
0000
0000
0229
0000
01B4
009E
0000
0000
0000
0000
03E0
014E
0000
0000
0000
026E
0029
0000
021B
0235
0000
00C3
0000
0130
014C
0000
0000
003C
0000
0000
0000
024B
0000
0179
00EC
0000
010B
0000
0000
0000
010F
0000
0000
007E
006A
0204
0000
02C9
00C2
0000
0000
0204
0060
0000
01DA
0000
0000
0116
0000
03B8
0000
02D3
00BB
0000
0171
013A
0023
0000
0000
0000
0000
009B
0158
01ED
0000
0000
0000
0000
0286
01F3
0000
0000
0000
04FA
0000
0000
0000
0000
0000
002D
0000
0000
0000
01B9
0066
00F4
0000
0000
0000
0000
01DA
0220
0000
0000
0000
0000
015D
039E
0000
0000
01B5
002D
0000
02C5
030C
0000
0000
0000
00A4
0258
0000
01DC
02B9
005A
0000
0000
0000
016A
0000
0066
006F
0000
0000
0256
0000
0027
0000
0000
0011
0000
007B
02BD
04F8
0000
0000
01FB
048B
0295
0090
0000
0000
0340
0000
0000
0000
0232
0096
0000
0000
01AE
0000
0000
0000
008B
0181
0000
0000
0000
041C
0000
0000
009F
0000
0000
0091
003D
0158
0000
0000
0000
0000
013E
0309
0000
0000
0279
0000
0000
0000
0000
007C
0085
0262
022A
0000
0087
0000
019A
0000
01CA
0000
0000
0000
0000
01E4
0000
0000
0000
0283
00B1
0128
0663
0000
0205
0092
0000
018E
0130
0000
0069
0000
0000
0000
0000
0000
003F
013E
0000
0035
0000
0000
03D9
0000
0000
0002
002C
02C2
0000
0000
0000
0000
00CC
0306
01DA
0000
0000
0000
0000
0320
0000
0000
0279
0321
0000
0000
02C1
0000
0000
0000
0000
01FD
0000
0136
0162
0000
0000
0246
0000
0051
005F
0331
0000
0000
0000
0000
031C
0380
0000
0000
04A0
0000
0000
00B9
0000
02C0
0000
0000
0000
0352
0056
0000
0000
0000
0000
0105
0011
0000
02C8
002B
0000
0000
01BA
0018
024F
0000
0000
0011
00D4
0000
0000
0155
0000
00EF
0000
0008
02A9
0000
0000
023C
0000
0000
047B
0000
0000
0000
00DB
018B
0000
0000
0000
0000
002E
03C7
00D1
0000
0000
01F0
0000
01AC
056D
0000
0016
00E7
0000
0000
00CF
0000
0000
0000
0194
0000
00E0
0023
0000
0268
0000
0079
0000
01B3
0000
0020
002C
0000
01B5
04BB
001B
0062
0000
0000
00FB
0152
0000
001A
03DE
0073
0000
007B
0000
01CA
0305
0000
0000
0000
008A
007B
0000
0000
0452
00D3
0000
0000
0218
012D
0000
02F0
0000
0000
0000
0000
03A7
02AF
0000
0000
03D9
0000
00A3
0000
0000
0000
01B8
0228
0000
0000
046C
0000
0109
0152
01FF
0000
0000
0000
0262
0000
0000
0000
0000
01F5
0000
0000
0000
00B4
0105
0000
00E5
0000
0000
0310
012C
01F3
003D
0000
00AB
0063
0000
0000
01AA
0000
0202
0000
0178
023B
0000
0000
0000
043C
0000
0000
0000
0000
0000
0000
0000
0000
0000
0000
0000
02D3
04C3
0000
0000
0179
0000
005D
0000
0000
0000
0149
0000
0000
011C
0146
0000
0000
02C4
0000
0000
0000
00A6
002C
0080
0000
0000
0000
0328
0000
0000
02A8
0000
0000
0106
002F
02DA
0000
0000
0116
0000
0000
0000
0000
0021
0393
010C
0000
0000
0000
0000
02D0
0405
0000
005E
0000
0000
0238
01A6
0000
0000
00A0
031C
0000
0000
02B4
02E4
0000
00DA
0000
0000
0000
0000
0060
008F
0007
0000
0000
0000
0000
0129
0000
0000
0039
0459
0133
0000
002E
0000
0000
0000
0254
0000
0000
0000
0000
0041
0000
0000
0000
0000
0000
03AC
012F
0000
0000
0000
0000
0509
02A9
0000
0000
0000
0043
01F0
0000
0000
0169
0066
0000
0282
0288
0000
0000
0279
027C
0000
0000
04C5
0000
048A
0000
0000
0000
0000
0000
0000
050F
0000
0000
0000
02A7
0000
0000
0000
0000
0000
0183
0000
0000
0000
006F
0000
02A0
0117
0000
0108
0000
0000
0000
0000
00AC
0000
0000
01B0
0294
0000
0000
0000
00A7
023E
01A4
0000
0000
019D
0049
0117
0000
0000
0202
0013
0000
0000
0099
0000
0000
02AE
0000
00BD
0000
0000
0000
0000
0123
0371
0000
0000
0000
0230
0000
0000
0149
0000
0618
00A0
0000
0091
0000
00AF
0000
0000
0120
013A
01E9
0000
0000
0116
006F
0000
0000
00E4
0000
0054
0136
0000
03C5
0000
0000
0000
0000
0000
0010
01D5
02A8
0000
0015
0000
0000
0000
0000
0000
0000
0409
0000
0000
0000
0000
0000
0000
00A4
0000
0000
032C
0039
0036
015C
03DC
0000
035B
0000
0000
0000
01C8
0000
0000
02C5
0000
0000
0000
0211
00A5
0069
01B4
0000
000C
019F
0000
0000
0000
00D8
0000
0000
0000
0000
0000
038E
0000
0083
000C
0000
0000
020D
02CE
0000
0000
01F1
0000
0000
0016
0000
0000
0097
016D
005C
0000
0149
0000
0000
018F
0259
0092
0000
0097
0000
015E
0000
0191
0031
022C
0000
0000
0000
04FA
0000
0000
0209
00D7
0000
04E9
0000
0000
0000
0000
01B0
0000
0000
0000
02B6
0004
014D
0000
0000
03F1
043B
0000
0000
005F
01CB
0166
0000
0000
0000
0000
0288
0000
0000
0000
0000
0000
0000
0000
02E0
0000
0000
0000
024F
0000
0000
0000
0000
01A8
0000
00D6
0470
0000
001C
0000
0000
0000
0000
003A
0000
0000
0063
00CD
0000
0361
0000
012B
0188
0065
0000
0127
0080
0000
0000
02BA
00F3
0000
0115
002E
0041
02A6
0000
00EE
0159
0000
0000
02D7
0024
0000
01DD
0000
00C3
0168
0117
02F6
0000
0000
0077
0105
0000
0000
0000
00D7
0047
0000
0000
0000
0021
0000
01A2
02C1
002C
0000
0000
0000
0000
03B0
00C6
000C
03F3
018E
01DB
0000
0000
001C
0000
0000
04FD
02C2
0000
0000
01C5
0000
01F8
0000
0000
019C
0000
0000
02F5
0000
0000
0000
000F
0000
0071
0091
0000
0036
016E
0525
00DB
0000
0000
002A
03D2
0000
0000
0018
0081
0005
0000
0000
0000
0000
0070
0000
0000
0000
0000
0094
0176
0228
003A
0000
0000
000C
0223
0000
010F
0000
0000
0000
0000
0389
0000
0246
01E8
0000
01E7
0000
0000
0470
0000
01CB
0000
0000
0000
0114
0000
0000
0038
0311
0000
0000
0102
0063
0000
0005
0000
00F2
0059
0000
0000
0000
0000
0000
05A0
0000
0000
0000
0000
0000
0000
0000
0000
0000
0000
0015
01F5
006B
009E
0000
01F5
00F4
0000
0000
0000
00CD
007A
021C
0000
0000
0000
000A
0000
0000
0000
0000
00B0
032F
0000
0000
0000
011D
0000
037B
00A3
0000
0000
018E
00A6
00A6
0000
0000
026F
0000
0342
0000
0000
0000
0000
0000
0000
0000
000B
0000
01CC
015F
0000
04A7
0000
0000
00D7
0000
0000
010F
00A1
0151
0000
0000
0000
0385
0000
0000
0000
0000
0000
0000
00F5
004B
0218
0000
0000
0118
0022
0000
0091
0000
0000
0027
0000
013E
0000
0000
0000
0000
0310
0000
0000
03F6
0000
0000
0000
0000
008E
0000
0000
014D
01A4
022F
0000
0000
011E
000D
0284
023E
0079
0000
0035
0000
0000
0000
009B
00D7
0000
0000
0023
0000
0000
0000
0278
0000
0000
0000
0000
0137
0000
009F
0098
0261
022A
0000
0000
015C
0000
0000
00A4
0000
0000
0168
0000
0000
036C
01CD
0000
0000
0000
0000
0000
01A9
0000
037F
00D7
02E1
0000
00FC
0013
0499
0131
0000
01D1
0000
0000
0000
0000
013F
0000
0225
0224
0000
0000
0000
0000
0000
0000
0000
0000
0000
0097
0000
0000
01F2
02A9
0000
0000
0000
0180
0005
0000
010C
0000
0000
0000
0000
0000
0043
01B9
013C
00EB
0027
0000
0000
0000
0000
0000
02DB
0000
0000
00BE
0157
0000
0000
02D9
0117
0000
0000
0000
0486
0000
0131
0000
00F0
0000
0183
00CC
0000
0046
0107
0254
0000
0000
0000
0000
0000
0222
0000
03FF
0000
0000
0097
0000
00F0
0000
0000
0347
0000
0000
00B5
0463
0000
0000
0000
0000
0104
0000
0000
00F1
0000
0000
017B
00BE
0000
0000
0000
0000
008C
022E
0000
0000
0333
01CB
0000
0267
0155
0000
0437
0000
0000
0000
017B
0211
046F
0000
0000
0000
0028
0000
0000
0000
0000
0000
012E
0000
0000
01A1
0000
0000
01A6
0000
0081
0000
0000
00C5
0013
0087
0000
0000
0136
0000
0000
01E2
0000
0000
0000
0266
0242
0000
0092
0000
0021
00BC
0000
0000
0306
0000
0000
0000
0000
0383
02DC
0000
0000
0196
0220
0000
0000
01ED
0000
0000
0071
0000
0000
058F
0000
0000
05CD
0000
01A8
0000
0000
0000
0065
0000
0000
0000
0000
0000
0465
0028
0000
0000
0000
0000
0240
0000
0000
0000
0000
0065
0000
0101
0000
0000
01B4
0000
0000
0086
0107
008C
0000
0000
0000
0000
0134
0000
0000
0341
0000
0000
010E
04C1
0076
0000
0000
0000
0000
0000
0000
0000
0000
017C
0000
003D
0000
0000
0369
0000
0000
00E9
01C6
0000
02D7
0000
0000
01CC
00BD
0000
0000
0000
0000
03BE
0000
0000
01D7
0000
049D
0000
0000
0000
01E3
0280
0000
0000
0000
0000
0000
00AC
0000
0000
0082
018E
0000
0229
0000
0000
0000
0197
0270
007A
0000
0000
0000
0000
0071
0000
0000
02F2
002D
0000
0311
0000
0236
0000
017C
0107
0000
0000
0177
003D
0000
0000
0000
0295
03BE
0000
0000
0254
00F8
0000
0000
0071
0135
0000
0069
0000
002C
0000
0000
02A4
0000
0000
0000
01DF
0043
0000
0000
0000
0298
0353
0000
0000
0000
0180
0000
0002
00C5
0000
0000
0230
0000
003E
0000
0000
0000
0000
0047
0000
01AF
0000
0214
0000
0082
0000
00D2
015D
0000
0000
01DC
0052
0051
027C
0000
0000
01F8
0000
01F3
0000
03A5
0000
0134
0000
0072
01C7
0000
0000
0493
0000
0040
005B
0000
0000
0000
0000
0142
0058
030D
0000
0000
0120
0000
02D2
0000
0000
0000
0000
0114
0118
0000
0000
017A
0335
0000
0000
019C
0092
0000
0000
0255
0060
0000
0000
0000
0000
0000
00C6
0000
0000
0051
0000
00CF
0000
0000
00A3
0000
0000
0000
0000
003E
00D9
0000
0000
024C
014F
0000
0000
0000
0165
002F
0129
0000
02B0
04C4
0000
0000
00D9
0000
0000
00BB
01BA
0000
0000
0000
0354
0000
0000
0173
0232
0000
0000
0205
0014
0000
0091
0000
0000
0000
00F6
02BF
013B
0000
00E8
014E
0000
0146
0000
0000
0000
03F3
0000
0000
0000
0000
02EA
0000
0077
0000
011F
0000
0000
0000
0000
001E
0000
0014
034F
050B
0000
0000
0064
0000
0000
0000
01F4
005D
0000
0000
0000
0004
01A7
0000
0000
0000
00BC
013D
00AF
019D
0000
0000
0030
0000
0000
0000
0000
03B2
0265
0000
0000
0163
0000
0000
027F
0000
0000
0346
0000
0000
00CC
012B
0108
0000
01FB
026C
0000
0000
0000
02F6
0000
0000
030C
0000
0000
0000
02AE
006F
0000
0000
01EE
0000
0000
0574
0000
0000
0000
0000
0000
0197
0000
0000
0000
0292
007B
02A9
029C
0000
0000
02D5
012C
0000
0000
0000
03BA
0000
0000
0031
028D
0000
0000
0000
0032
0000
0040
0000
0000
024D
0000
0000
009F
0000
0000
00A9
0000
0036
0000
0000
0000
0000
0000
0000
0458
0000
0028
0000
0000
0000
033D
01DB
0000
0000
0000
0000
00F5
0000
0000
0390
0000
0000
02BC
0000
000F
0000
0000
0000
0243
0171
0000
0000
0000
0000
0191
003D
0000
0000
0000
030F
016D
0000
0000
03DD
0000
0000
0210
0000
0000
0000
006B
0000
0235
008E
0000
0000
0000
0000
0000
006D
0000
017F
0000
0000
0000
03A3
0141
00E9
0000
0000
0000
0000
02AB
0000
0069
0000
0000
0035
0657
0067
0000
0000
0000
0378
0200
0118
0000
0000
003B
0000
0000
0297
0107
0000
0000
0000
0000
02B2
0236
0000
0000
0000
0000
0000
0273
0000
0000
043B
000D
0000
0000
0238
0000
00D8
0000
0000
003D
0004
0000
0000
0321
0000
0089
00B9
0000
00D2
002F
0000
0000
01CF
0000
0000
0130
0000
0119
0000
011B
00E5
0000
0000
0459
00A2
0000
0000
0000
0000
0000
04A3
0000
0000
0000
012E
0476
0000
0028
021B
0000
033D
0000
0000
042E
007A
0000
0000
0000
0000
0000
0045
0000
0000
04F6
0000
0000
00DD
01F1
0000
0000
0164
01C1
0000
0108
0000
0000
01BC
0041
0000
0000
0000
0000
011E
0000
0000
027E
00BF
0000
0000
0000
0173
0000
0000
031A
0000
0186
0297
0000
0000
0000
031D
027A
0000
0000
0511
0000
0000
0082
01D6
0000
0000
026F
0000
00B3
0000
0000
020C
0000
0000
0000
0000
0197
001F
00DC
0000
0000
015C
0244
01EF
00B2
0000
0000
00E0
0055
0000
0000
0291
0000
0000
013D
0000
0000
0000
00F3
02E8
0000
0000
0000
0000
0000
02C3
0000
00E4
0320
0000
0215
0114
0000
02AD
0000
0000
0259
0000
0586
0000
0000
0000
059F
0362
0000
021F
0000
0000
00A9
0095
0000
017F
0000
007A
001C
0000
0000
0000
0000
01F4
0000
018E
0000
00B4
01F6
0000
0000
0000
0000
0027
0106
0000
0000
00C5
01B7
0000
0000
000E
01B5
0000
00F2
04BC
0000
0000
0000
01F4
0000
010C
02DE
0000
0000
017B
0000
0000
0021
0000
00DE
0000
0000
0025
0000
0364
0000
0000
0058
01CE
01B9
04D1
0000
0000
0000
026B
0000
0000
0359
0000
0000
01CE
0000
0000
002D
0112
019C
00E1
0000
0000
0000
0197
0000
0000
0000
0178
03D5
008B
0000
0000
0210
0000
0000
00FF
0000
0060
0213
0035
0000
0000
0000
02DA
01A5
0000
0000
0000
0000
0000
0000
0000
01BC
01D1
0000
0000
0000
014B
00D3
0000
0000
0000
0005
01EF
00E5
0000
0000
03F9
0000
0000
03BA
0000
0000
015C
00DC
0000
005D
0000
0132
0469
0111
0000
0000
0000
0000
00E4
0385
0000
01D0
0000
01B1
01B9
0000
0000
0000
00AC
0000
0000
016F
0031
00A6
0000
0000
0000
0000
0000
012B
018E
0086
0000
0000
00C4
0000
0000
01EE
0226
01C3
0000
0000
00DB
01F3
008F
00FB
0000
0000
001B
01D3
0000
003F
0000
0380
0342
01E2
0000
0000
0389
0000
0000
008B
0000
0006
057C
0000
00A2
0000
0000
0011
0000
0000
02B2
0000
0000
0120
0000
0000
0000
0000
0000
0076
0000
0000
02F4
0000
0000
031F
0000
0000
0000
0000
02B2
01F1
0000
0000
006A
0000
0000
0000
0371
0052
0000
0079
0000
0000
03F0
0000
0000
0003
0065
0000
01FF
0000
0050
00DD
0090
0000
065B
0000
0000
01E8
022F
0000
0155
0000
0000
0019
0000
0000
0000
0000
03D3
004E
0000
01A3
0000
0000
0000
0212
0000
0000
0000
01DD
0026
0000
025F
0000
0000
0004
0000
0000
0000
02C2
02D9
0000
0000
0000
0000
0299
0000
0000
0256
0099
0000
0000
00FA
0000
0000
018B
0000
0000
0652
0000
0000
0000
0000
0000
0000
0000
0000
00A7
042F
0000
0000
01A8
0159
0000
00B1
00F3
0000
0000
0164
0000
01A4
001A
0000
0000
0000
0000
0000
0279
0156
0065
0000
0000
023B
03C1
0000
0000
0000
0000
01B6
0000
0000
043A
0013
0000
0000
0000
0579
0000
0000
0000
0000
0000
0000
0000
0031
025F
0000
0000
0205
0000
0000
0296
0000
0000
0000
0147
02F2
0000
0000
0000
018F
00D6
0470
0000
0000
0255
0000
0000
01FB
03D5
027D
0000
0307
02D5
0000
0000
0000
0000
016F
0347
0000
0000
0000
0000
0000
01C3
0000
0000
0000
0169
0000
0000
01ED
0014
0000
0000
0000
00D8
0000
029E
0000
0000
02CC
0105
0000
03F7
0000
0000
0000
0000
0000
0000
0030
00B4
0000
0000
0000
02D2
01AB
0000
0000
0000
03F6
0050
0000
00C0
0467
0000
0040
0000
0000
0322
0402
0000
0000
0000
0160
0000
0000
0160
0116
0069
0000
0000
0000
0018
01A6
0000
0000
0001
0058
0000
0000
01B7
0000
0000
0061
0000
0000
0299
0102
0000
0000
0000
01E8
0034
0000
0000
0081
009E
0100
0000
0000
001C
0000
009C
02DD
0000
00C0
0000
0000
0000
0000
000D
00A9
000F
00EA
0000
0000
0000
029D
0000
0000
0000
013E
01EB
0000
0000
0000
02C6
0174
0000
04F6
0138
023D
00F3
0000
00C0
0000
0000
0000
0000
0000
049F
0090
0000
019E
0458
0000
013A
0000
0000
0197
015F
0000
0000
0000
04CF
0000
0000
0060
0000
0479
0000
0000
022D
0000
0000
0699
0000
0000
0493
0000
0000
0000
00C8
0000
0000
04AA
0000
0000
018C
062A
008F
026D
0000
0000
0000
0000
0000
0000
0000
0000
0000
0000
0000
0000
0000
0000
0000
0000
0000
0000
0000
0000
0000
0000
0000
0000
0000
0000
0000
0000
0000
0000
0000
0000
0000
0000
0000
0000
0000
0000
0000
0000
0000
0000
0000
0000
0000
0000
0000
0000
0000
0000
0000
0000
0000
0000
0000
0000
0000
0000
0000
0000
0000
0000
0000
0000
006C
0000
0033
0000
00FC
0000
0000
00BB
008D
0119
0000
0000
0000
0000
00F3
0000
0000
0000
0000
004A
0051
0000
0000
014B
009E
0000
0000
0046
0092
00F1
0000
0000
0000
0000
00AC
0000
00B1
0000
0000
01D6
0066
0000
0000
011D
0000
0018
0000
0000
0075
0000
01F3
0000
0000
0027
00CE
0009
0000
0000
0050
0000
0000
0224
0374
0000
0000
0000
0000
0000
0000
0000
0000
0000
0000
0000
0000
0000
0000
0000
0000
0000
0000
0000
0000
0000
0000
0000
0000
0000
0000
0000
0000
0000
0000
0000
0000
0000
0000
0000
0000
0000
0000
0000
0000
0000
0000
0000
0000
0000
0000
0000
0000
0000
0000
0000
0000
0000
0000
0000
0000
0000
0000
0000
0000
0000
0000
0000
0000
0000
0000
0000
0000
0000
0000
0000
0000
0000
0000
0000
0000
0000
0000
0000
0000
0000
0000
0000
0000
0000
0000
0000
0000
0000
0000
0000
0000
0000
0000
0000
0000
0000
0000
0000
0000
0000
0000
0000
0000
0000
0000
0000
0000
0000
0000
0000
0000
0000
0000
0000
0000
0000
0000
0000
0000
0000
0000
0000
0000
0000
0000
0000
0000
0000
0000
0000
0000
0000
0000
0000
0000
0000
0000
0000
0000
0000
0000
0000
0000
0000
0000
0000
0000
0000
0000
0000
0000
0000
0000
0000
0000
0000
0000
0000
0000
0000
0000
0000
0000
0000
0000
0000
0000
0000
0000
0000
0000
0000
0000
0000
0000
0000
0000
0000
0000
0000
0000
0000
0000
0000
0000
0000
0000
0000
0000
0000
0000
0000
0000
0000
0000
0000
0000
0000
0000
0000
0000
0000
0000
0000
0000
0000
0000
0000
0000
0000
0000
0000
0000
0000
0000
0000
0000
0000
0000
0000
0000
0000
0000
0000
0000
0000
0000
0000
0000
0000
0000
0000
0000
0000
0000
0000
0000
0000
0000
0000
0000
0000
0000
0000
0000
0000
0000
0000
0000
0000
0000
0000
0000
0000
0000
0000
0000
0000
0000
0000
0000
0000
0000
0000
0000
0000
0000
0000
0000
0000
0000
0000
0000
0000
0000
0000
0000
0000
0000
0000
0000
0000
0000
0000
0000
0000
0000
0000
0000
0000
0000
0000
0000
0000
0000
0000
0000
0000
0000
0000
0000
0000
0000
0000
0000
0000
0000
0000
0000
0000
0000
0000
0000
0000
0000
0000
0000
0000
0000
0000
0000
0000
0000
0000
0000
0000
0000
0000
0000
0000
0000
0000
0000
0000
0000
0000
0000
0000
0000
0000
0000
0000
0000
0000
0000
0000
0000
0000
0000
0000
0000
0000
0000
0000
0000
0000
0000
0000
0000
0000
0000
0000
0000
0000
0000
0000
0000
0000
0000
0000
0000
0000
0000
0000
0000
0000
0000
0000
0000
0000
0000
0000
0000
0000
0000
0000
0000
0000
0000
0000
0000
0000
0000
0000
0000
0000
0000
0000
0000
0000
0000
0000
0000
0000
0000
0000
0000
0000
0000
0000
0000
0000
0000
0000
0000
0000
0000
0000
0000
0000
0000
0000
0000
0000
0000
0000
0000
0000
0000
0000
0000
0000
0000
0000
0000
0000
0000
0000
0000
0000
0000
0000
0000
0000
0000
0000
0000
0000
0000
0000
0000
0000
0000
0000
0000
0000
0000
0000
0000
0000
0000
0000
0000
0000
0000
0000
0000
0000
0000
0000
0000
0000
0000
0000
0000
0000
0000
0000
0000
0000
0000
0000
0000
0000
0000
0000
0000
0000
0000
0000
0000
0000
0000
0000
0000
0000
0000
0000
0000
0000
0000
0000
0000
0000
0000
0000
0000
0000
0000
0000
0000
0000
0000
0000
0000
0000
0000
0000
0000
0000
0000
0000
0000
0000
0000
0000
0000
0000
0000
0000
0000
0000
0000
0000
0000
0000
0000
0000
0000
0000
0000
0000
0000
0000
0000
0000
0000
0000
0000
0000
0000
0000
0000
0000
0000
0000
0000
0000
0000
0000
0000
0000
0000
0000
0000
0000
0000
0000
0000
0000
0000
0000
0000
0000
0000
0000
0000
0000
0000
0000
0000
0000
0000
0000
0000
0000
0000
0000
0000
0000
0000
0000
0000
0000
0000
0000
0000
0000
0000
0000
0000
0000
0000
0000
0000
0000
0000
0000
0000
0000
0000
0000
0000
0000
0000
0000
0000
0000
0000
0000
0000
0000
0000
0000
0000
0000
0000
0000
0000
0000
0000
0000
0000
0000
0000
0000
0000
0000
0059
0000
0000
0000
0000
0000
0000
0000
0000
0000
0000
0000
0000
0000
0000
0000
0000
0000
0000
0000
0000
0000
0000
0000
0000
0000
0000
0000
0000
0000
0000
0000
0000
0000
0000
0000
0000
0000
0000
0000
0000
0000
0000
0000
0000
0000
0000
0000
0000
0000
0000
0000
0000
0000
0000
0000
0000
0000
0000
0000
0000
0000
0000
0000
0000
0000
0000
0000
0000
0000
0000
0000
0000
0000
0000
0000
0000
0000
0000
0000
0000
0000
0000
0000
0000
0000
0000
0000
0000
0000
0000
0000
0000
0000
0000
0000
0000
0000
0000
0000
0000
0000
0000
0000
0000
0000
0000
0000
0000
0000
0000
0000
0000
0000
0000
0000
0000
0000
0000
0000
0000
0000
0000
0000
0000
0000
0000
0000
0025
0000
0000
0000
0000
0000
0000
0000
0000
0000
0000
0000
0000
0000
0000
0000
0000
0000
0000
0000
0000
0000
0000
0000
0000
0000
0000
0000
0000
0000
0000
0000
0000
0000
0000
0000
0000
0000
0000
0000
0000
0000
0000
0000
0000
0000
0000
0000
0000
0000
0000
0000
0000
0000
0000
0000
0000
0000
0000
0000
0000
0000
0000
0000
0000
0000
0000
0000
0000
0000
0000
0000
0000
0000
0000
0000
0000
0000
0000
0000
0000
0000
0000
0000
0000
0000
0000
0000
0000
0000
0000
0000
0000
0000
0000
0000
0000
0000
0000
0000
0000
0000
0000
0000
0000
0000
0000
0000
0000
0000
0000
0000
0000
0000
0000
0000
0000
0000
0000
0000
0000
0000
0000
0000
0000
0000
0000
0000
0000
0000
0000
0000
0000
0000
0000
0000
0000
0000
0000
0000
0000
0000
0000
0000
0000
0000
0000
0000
0000
0000
0000
0000
0000
0000
0000
0000
0000
0000
0000
0000
0000
0000
0000
0000
0000
0000
0000
0000
0000
0000
0000
0000
0000
0000
0000
0000
0000
0000
0000
0000
0000
0000
0000
0000
0000
0000
0000
0000
0000
0000
0000
0000
0000
0000
0000
0000
0000
0000
0000
0000
0000
0000
0000
0000
0000
0000
0000
0000
0000
0000
0000
0000
0000
0000
0000
0000
0000
0000
0000
0000
0000
0000
0000
0000
0000
0000
0000
0000
0000
0000
0000
0000
0000
0000
0000
0000
0000
0000
0000
0000
0000
0000
0000
0000
0000
0000
0000
0000
0000
0000
0000
0000
0000
0000
0000
0000
0000
0000
0000
0000
0000
0000
0000
0000
0000
0000
0000
0000
0000
0000
0000
0000
0000
0000
0000
0000
0000
0000
0000
0000
0000
0000
0000
0000
0000
0000
0000
0000
0000
0000
0000
0000
0000
0000
0000
0000
0000
0000
0000
0000
0000
0000
0000
0000
0000
0000
0000
0000
0000
0000
0000
0000
0000
0000
0000
0000
0000
0000
0000
0000
0000
0000
0000
0000
0000
0000
0000
0000
0000
0000
0000
0000
0000
0000
0000
0000
0000
0000
0000
0000
0000
0000
0000
0000
0000
0000
0000
0000
0000
0000
0000
0000
0000
0000
0000
0000
0000
0000
0000
0000
0000
0000
0000
0000
0000
0000
0000
0000
0000
0000
0000
0000
0000
0000
0000
0000
0000
0000
0000
0000
0000
0000
0000
0000
0000
0000
0000
0000
0000
0000
0000
0000
0000
0000
0000
0000
0000
0000
0000
0000
0000
0000
0000
0000
0000
0000
0000
0000
0000
0000
0000
0000
0000
0000
0000
0000
0000
0000
0000
0000
0000
0000
0000
0000
0000
0000
0000
0000
0000
0000
0000
0000
0000
0000
0000
0000
0000
0000
0000
0000
0000
0000
0000
0000
0000
0000
0000
0000
0000
0000
0000
0000
0000
0000
0000
0000
0000
0000
0000
0000
0000
0000
0000
0000
0000
0000
0000
0000
0000
0000
0000
0000
0000
0000
0000
0000
0000
0000
0000
0000
0000
0000
0000
0000
0000
0000
0000
0000
0000
0000
0000
0000
0000
0000
0000
0000
0000
0000
0000
0000
0000
0000
0000
0000
0000
0000
0000
0000
0000
0000
0000
0000
0000
0000
0000
0000
0000
0000
0000
0000
0000
0000
0000
0000
0000
0000
0000
0000
0000
0000
0000
0000
0000
0000
0000
0000
0000
0000
0000
0000
0000
0000
0000
0000
0000
0000
0000
0000
0000
0000
0000
0000
0000
0000
0000
0000
0000
0000
0000
0000
0000
0000
0000
0000
0000
0000
0000
0000
0000
0000
0000
0000
0000
0000
0000
0000
0000
0000
0000
0000
0000
0000
0000
0000
0000
0000
0000
0000
0000
0000
0000
0000
0000
0000
0000
0000
0000
0000
0000
0000
0000
0000
0000
0000
0000
0000
0000
0000
0000
0000
0000
0000
0000
0000
0000
0000
0000
0000
0000
0000
0000
0000
0000
0000
0000
0000
0000
0000
0000
0000
0000
0000
0000
0000
0000
0000
0000
0000
0000
0000
0000
0000
0000
0000
0000
0000
0000
0000
0000
0000
0000
0000
0000
0000
0000
0000
0000
0000
0000
0000
0000
0000
0000
0000
0000
0000
0000
0000
0000
0000
0000
0000
0000
0000
0000
0000
0000
0000
0000
0000
0000
0000
0000
0000
0000
0000
0000
0000
0000
0000
0000
0000
0000
0000
0000
0000
0000
0000
0000
0000
0000
0000
0000
0000
0000
0000
0000
0000
0000
0000
0000
0000
0000
0000
0000
0000
0000
0000
0000
0000
0000
0000
0000
0000
0000
0000
0000
0000
0000
0000
0000
0000
0000
0000
0000
0000
0000
0000
0000
0000
0000
0000
0000
0000
0000
0000
0000
0000
0000
0000
0000
0000
0000
0000
0000
0000
0000
0000
0000
0000
0000
0000
0000
0000
0000
0000
0000
0000
0000
0000
0000
0000
0000
0000
0000
0000
0000
0000
0000
0000
0000
0000
0000
0000
0000
0000
0000
0000
0000
0000
0000
0000
0000
0000
0000
0000
0000
0000
0000
0000
0000
0000
0000
0000
0000
0000
0000
0000
0000
0000
0000
0000
0000
0000
0000
0000
0000
0000
0000
0000
0000
0000
0000
0000
0000
0000
0000
0000
0000
0000
0000
0000
0000
0000
0000
0000
0000
0000
0000
0000
0000
0000
0000
0000
0000
0000
0000
0000
0000
0000
0000
0000
0000
0000
0000
0000
0000
0000
0000
0000
0000
0000
0000
0000
0000
0000
0000
0000
0000
0000
0000
0000
0000
0000
0000
0000
0000
0000
0000
0000
0000
0000
0000
0000
0000
0000
0000
0000
0000
0000
0000
0000
0000
0000
0000
0000
0000
0000
0000
0000
0000
0000
0000
0000
0000
0000
0000
0000
0000
0000
0000
0000
0000
0000
0000
0000
0000
0000
0000
0000
0000
0000
0000
0000
0000
0000
0000
0000
0000
0000
0000
0000
0000
0000
0000
0000
0000
0000
0000
0000
0000
0000
0000
0000
0000
0000
0000
0000
0000
0000
0000
0000
0000
0000
0000
0000
0000
0000
0000
0000
0000
0000
0000
0000
0000
0000
0000
0000
0000
0000
0000
0000
0000
0000
0000
0000
0000
0000
0000
0000
0000
0000
0000
0000
0000
0000
0000
0000
0000
0000
0000
0000
0000
0000
0000
0000
0000
0000
0000
0000
0000
0000
0000
0000
0000
0000
0000
0000
0000
0000
0000
0000
0000
0000
0000
0000
0000
0000
0000
0000
0000
0000
0000
0000
0000
0000
0000
0000
0000
0000
0000
0000
0000
0000
0000
0000
0000
0000
0000
0000
0000
0000
0000
0000
0000
0000
0000
0000
0000
0000
0000
0000
0000
0000
0000
0000
0000
0000
0000
0000
0000
0000
0000
0000
0000
0000
0000
0000
0000
0000
0000
0000
0000
0000
0000
0000
0000
0000
0000
0000
0000
0000
0000
0000
0000
0000
0000
0000
0000
0000
0000
0000
0000
0000
0000
0000
0000
0000
0000
0000
0000
0000
0000
0000
0000
0000
0000
0000
0000
0000
0000
0000
0000
0000
0000
0000
0000
0000
0000
0000
0000
0000
0000
0000
0000
0000
0000
0000
0000
0000
0000
0000
0000
0000
0000
0000
0000
0000
0000
0000
0000
0000
0000
0000
0000
0000
0000
0000
0000
0000
0000
0000
002F
0000
0000
0000
0000
0000
0000
0000
0000
0000
0000
0000
0000
0000
0000
0000
0000
0000
0000
0000
0000
0000
0000
0000
0000
0000
0000
0000
0000
0000
0000
0000
0000
0000
0000
0000
0000
0000
0000
0000
0000
0000
0000
0000
0000
0000
0000
0000
0000
0000
0000
0000
0000
0000
0000
0000
0000
0000
0000
0000
0000
0000
0000
0000
0000
0000
0000
0000
0000
0000
0000
0000
0000
0000
0000
0000
0000
0000
0000
0000
0000
0000
0000
0000
0000
0000
0000
0000
0000
0000
0000
0000
0000
0000
0000
0000
0000
0000
0000
0000
0000
0000
0000
0000
0000
0000
0000
0000
0000
0000
0000
0000
0000
0000
0000
0000
0000
0000
0000
0000
0000
0000
0000
0000
0000
0000
0000
0000
0000
0000
0000
0000
0000
0000
0000
0000
0000
0000
0000
0000
0000
0000
0000
0000
0000
0000
0000
0000
0000
0000
0000
0000
0000
0000
0000
0000
0000
0000
0000
0000
0000
0000
0000
0000
0000
0000
0000
0000
0000
0000
0000
0000
0000
0000
0000
0000
0000
0000
0000
0000
0000
0000
0000
0000
0000
0000
0000
0000
0000
0000
0000
0000
0000
0000
0000
0000
0000
0000
0000
0000
0000
0000
0000
0000
0000
0000
0000
0000
0000
0000
0000
0000
0000
0000
0000
0000
0000
0000
0000
0000
0000
0000
0000
0000
0000
0000
0000
0000
0000
0000
0000
0000
0000
0000
0000
0000
0000
0000
0000
0000
0000
0000
0000
0000
0000
0000
0000
0000
0000
0000
0000
0000
0000
0000
0000
0000
0000
0000
0000
0000
0000
0000
0000
0000
0000
0000
0000
0000
0000
0000
0000
0000
0000
0000
0000
0000
0000
0000
0000
0000
0000
0000
0000
0000
0000
0000
0000
0000
0000
0000
0000
0000
0000
0000
0000
0000
0000
0000
0000
0000
0000
0000
0000
0000
0000
0000
0000
0000
0000
0000
0000
0000
0000
0000
0000
0000
0000
0000
0000
0000
0000
0000
0000
0000
0000
0000
0000
0000
0000
0000
0000
0000
0000
0000
0000
0000
0000
0000
0000
0000
0000
0000
0000
0000
0000
0000
0000
0000
0000
0000
0000
0000
0000
0000
0000
0000
0000
0000
0000
0000
0000
0000
0000
0000
0000
0000
0000
0000
0000
0000
0000
0000
0000
0000
0000
0000
0000
0000
0000
0000
0000
0000
0000
0000
0000
0000
0000
0000
0000
0000
0000
0000
0000
0000
0000
0000
0000
0000
0000
0000
0000
0000
0000
0000
0000
0000
0000
0000
0000
0000
0000
0000
0000
0000
0000
0000
0000
0000
0000
0000
0000
0000
0000
0000
0000
0000
0000
0000
0000
0000
0000
0000
0000
0000
0000
0000
0000
0000
0000
0000
0000
0000
0000
0000
0000
0000
0000
0000
003E
0000
0000
0000
0000
0000
0000
0000
0000
0000
0000
0000
0000
0000
0000
0000
0000
0000
0000
0000
0000
0000
0000
0000
0000
0000
0000
0000
0000
0000
0000
0000
0000
0000
0000
0000
0000
0000
0000
0000
0000
0000
0000
0000
0000
0000
0000
0000
0000
0000
0000
0000
0000
0000
0000
0000
0000
0000
0000
0000
0000
0000
0000
0000
0000
0000
0000
0000
0000
0000
0000
0000
0000
0000
0000
0000
0000
0000
0000
0000
0000
0000
0000
0000
0000
0000
0000
0000
0000
0000
0000
0000
0000
0000
0000
0000
0000
0000
0000
0000
0000
0000
0000
0000
0000
0000
0000
0000
0000
0000
0000
0000
0000
0000
0000
0000
0000
0000
0000
0000
0000
0000
0000
0000
0000
0000
0000
0000
00B7
0000
0000
0000
0000
0000
0000
0000
0000
0000
0000
0000
0000
0000
0000
0000
0000
0000
0000
0000
0000
0000
0000
0000
0000
0000
0000
0000
0000
0000
0000
0000
0000
0000
0000
0000
0000
0000
0000
0000
0000
0000
0000
0000
0000
0000
0000
0000
0000
0000
0000
0000
0000
0000
0000
0000
0000
0000
0000
0000
0000
0000
0000
0000
0000
0000
0000
0000
0000
0000
0000
0000
0000
0000
0000
0000
0000
0000
0000
0000
0000
0000
0000
0000
0000
0000
0000
0000
0000
0000
0000
0000
0000
0000
0000
0000
0000
0000
0000
0000
0000
0000
0000
0000
0000
0000
0000
0000
0000
0000
0000
0000
0000
0000
0000
0000
0000
0000
0000
0000
0000
0000
0000
0000
0000
0000
0000
0000
0000
0000
0000
0000
0000
0000
0000
0000
0000
0000
0000
0000
0000
0000
0000
0000
0000
0000
0000
0000
0000
0000
0000
0000
0000
0000
0000
0000
0000
0000
0000
0000
0000
0000
0000
0000
0000
0000
0000
0000
0000
0000
0000
0000
0000
0000
0000
0000
0000
0000
0000
0000
0000
0000
0000
0000
0000
0000
0000
0000
0000
0000
0000
0000
0000
0000
0000
0000
0000
0000
0000
0000
0000
0000
0000
0000
0000
0000
0000
0000
0000
0000
0000
0000
0000
0000
0000
0000
0000
0000
0000
0000
0000
0000
0000
0000
0000
0000
0000
0000
0000
0000
0000
0000
0000
0000
0000
0000
0000
0000
0000
0000
0000
0000
0000
0000
0000
0000
0000
0000
0000
0000
0000
0000
0000
0000
0000
0000
0000
0000
0000
0000
0000
0000
0000
0000
0000
0000
0000
0000
0000
0000
0000
0000
0000
0000
0000
0000
0000
0000
0000
0000
0000
0000
0000
0000
0000
0000
0000
0000
0000
0000
0000
0000
0000
0000
0000
0000
0000
0000
0000
0000
0000
0000
0000
0000
0000
0000
0000
0000
0000
0000
0000
0000
0000
0000
0000
0000
0000
0000
0000
0000
0000
0000
0000
0000
0000
0000
0000
0000
0000
0000
0000
0000
0000
0000
0000
0000
0000
0000
0000
0000
0000
0000
0000
0000
0000
0000
0000
0000
0000
0000
0000
0000
0000
0000
0000
0000
0000
0000
0000
0000
0000
0000
0000
0000
0000
0000
0000
0000
0000
0000
0000
0000
0000
0000
0000
0000
0000
0000
0000
0000
0000
0000
0000
0000
0000
0000
0000
0000
0000
0000
0000
0000
0000
0000
0000
0000
0000
0000
0000
0000
0000
0000
0000
0000
0000
0000
0000
0000
0000
0000
0000
0000
0000
0000
0000
0000
0000
0000
0000
0000
0000
0000
0000
0000
0000
0000
0000
0000
0000
0000
0000
0000
0000
0000
0000
0000
0000
0000
0000
0000
0000
0000
0000
0000
0000
0000
0000
0000
0000
0000
0000
0000
0000
0000
0000
0000
0000
0000
0000
0000
0000
0000
0000
0000
0000
0000
0000
0000
0000
0000
0000
0000
0000
0000
0000
0000
0000
0000
0000
0000
0000
0000
0000
0000
0000
0000
0000
0000
0000
0000
0000
0000
0000
0000
0000
0000
0000
0000
0000
0000
0000
0000
0000
0000
0000
0000
0000
0000
0000
0000
0000
0000
0000
0000
0000
0000
0000
0000
0000
0000
0000
0000
0000
0000
0000
0000
0000
0000
0000
0000
0000
0000
0000
0000
0000
0000
0000
0000
0000
0000
0000
0000
0000
0000
0000
0000
0000
0000
0000
0000
0000
0000
0000
0000
0000
0000
0000
0000
0000
0000
0000
0000
0000
0000
0000
0000
0000
0000
0000
0000
0000
0000
0000
0000
0000
0000
0000
0000
0000
0000
0000
0000
0000
0000
0000
0000
0000
0000
0000
0000
0000
0000
0000
0000
0000
0000
0000
0000
0000
0000
0000
0000
0000
0000
0000
0000
0000
0000
0000
0000
0000
0000
0000
0000
0000
0000
0000
0000
0000
0000
0000
0000
0000
0000
0000
0000
0000
0000
0000
0000
0000
0000
0000
0000
0000
0000
0000
0000
0000
0000
0000
0000
0000
0000
0000
0000
0000
0000
0000
0000
0000
0000
0000
0000
0000
0000
0000
0000
0000
0000
0000
0000
0000
0000
0000
0000
0000
0000
0000
0000
0000
0000
0000
0000
0000
0000
0000
0000
0000
0000
0000
0000
0000
0000
0000
0000
0000
0000
0000
0000
0000
0000
0000
0000
0000
0000
0000
0000
0000
0000
0000
0000
0000
0000
0000
0000
0000
0000
0000
0000
0000
0000
0000
0000
0000
0000
0000
0000
0000
0000
0000
0000
0000
0000
0000
0000
0000
0000
0000
0000
0000
0000
0000
0000
0000
0000
0000
0000
0000
0000
0000
0000
0000
0000
0000
0000
0000
0000
0000
0000
0000
0000
0000
0000
0000
0000
0000
0000
0000
0000
0000
0000
0000
0000
0000
0000
0000
0000
0000
0000
0000
0000
0000
0000
0000
0000
0000
0000
0000
0000
0000
0000
0000
0000
0000
0000
0000
0000
0000
0000
0000
0000
0000
0000
0000
0000
0000
0000
0000
0000
0000
0000
0000
0000
0000
0000
0000
0000
0000
0000
0000
0000
0000
0000
0000
0000
0000
0000
0000
0000
0000
0000
0000
0000
0000
0000
0000
0000
0000
0000
0000
0000
0000
0000
0000
0000
0000
0000
0000
0000
0000
0000
0000
0000
0000
0000
0000
0000
0000
0000
0000
0000
0000
0000
0000
0000
0000
0000
0000
0000
0000
0000
0000
0000
0000
0000
0000
0000
0000
0000
0000
0000
0000
0000
0000
0000
0000
0000
0000
0000
0000
0000
0000
0000
0000
0000
0000
0000
0000
0000
0000
0000
0000
0000
0000
0000
0000
0000
0000
0000
0000
0000
0000
0000
0000
0000
0000
0000
0000
0000
0000
0000
0000
0000
0000
0000
0000
0000
0000
0000
0000
0000
0000
0000
0000
0000
0000
0000
0000
0000
0000
0000
0000
0000
0000
0000
0000
0000
0000
0000
0000
0000
0000
0000
0000
0000
0000
0000
0000
0000
0000
0000
0000
0000
0000
0000
0000
0000
0000
0000
0000
0000
0000
0000
0000
0000
0000
0000
0000
0000
0000
0000
0000
0000
0000
0000
0000
0000
0000
0000
0000
0000
0000
0000
0000
0000
0000
0000
0000
0000
0000
0000
0000
0000
0000
0000
0000
0000
0000
0000
0000
0000
0000
0000
0000
0000
0000
0000
0000
0000
0000
0000
0000
0000
0000
0000
0000
0000
0000
0000
0000
0000
0000
0000
0000
0000
0000
0000
0000
0000
0000
0000
0000
0000
0000
0000
0000
0000
0000
0000
0000
0000
0000
0000
0000
0000
0000
0000
0000
0000
0000
0000
0000
0000
0000
0000
0000
0000
0000
0000
0000
0000
0000
0000
0000
0000
0000
0000
0000
0000
0000
0000
0000
0000
0000
0000
0000
0000
0000
0000
0000
0000
0000
0000
0000
0000
0000
0000
0000
0000
0000
0000
0000
0000
0000
0000
0000
0000
0000
0000
0000
0000
0000
0000
0000
0000
0000
0000
0000
0000
0000
0000
0000
0000
0000
0000
0000
0000
0000
0000
0000
0000
0000
0000
0000
0000
0000
0000
0000
0000
0000
0000
0000
0000
0000
0000
0000
0000
0000
0000
0000
0000
0000
0000
0000
0000
0000
0000
0000
0000
0000
0000
0000
0000
0000
0000
0000
0000
0000
0000
0000
0000
0000
0000
0000
0000
0000
0000
0000
0000
0000
0000
0000
0000
0000
0000
0000
0000
0000
0000
0000
0000
0000
0000
0000
0000
0000
0000
0000
0000
0000
0000
0000
0000
0000
0000
0000
0000
0000
0000
0000
0000
0000
0000
0000
0000
0000
0000
0000
0000
0000
0000
0000
0000
0000
0000
0000
0000
0000
0000
0000
0000
0000
0000
0000
0000
0000
0000
0000
0000
0000
0000
0000
0000
0000
0000
0000
0000
0000
0000
0000
0000
0000
0000
0000
0000
0000
0000
0000
0000
0000
0000
0000
0000
0000
0000
0000
0000
0000
0000
0000
0000
0000
0000
0000
0000
0000
0000
0000
0000
0000
0000
0000
0000
0000
0000
0000
0000
0000
0000
0000
0000
0000
0000
0000
0000
0000
0000
0000
0000
0000
0000
0000
0000
0000
0000
0000
0000
0000
0000
0000
0000
0000
0000
0000
0000
0000
0000
0000
0000
0000
0000
0000
0000
0000
0000
0000
0000
0000
0000
0000
0000
0000
0000
0000
0000
0000
0000
0000
0000
0000
0000
0000
0000
0000
0000
0000
0000
0000
0000
0000
0000
0000
0000
0000
0000
0000
0000
0000
0000
0000
0000
0000
0000
0000
0000
0000
0000
0000
0000
0000
0000
0000
0000
0000
0000
0000
0000
0000
0000
0000
0000
0000
0000
0000
0000
0000
0000
0000
0000
0000
0000
0000
0000
0000
0000
0000
0000
0000
0000
0000
0000
0000
0000
0000
0000
0000
0000
0000
0000
0000
0000
0000
0000
0000
0000
0000
0000
0000
0000
0000
0000
0000
0000
0000
0000
0000
0000
0000
0000
0000
0000
0000
0000
0000
0000
0000
0000
0000
0000
0000
0000
0000
0000
0000
0000
0000
0000
0000
0000
0000
0000
0000
0000
0000
0000
0000
0000
0000
0000
0000
0000
0000
0000
0000
0000
0000
0000
0000
0000
0000
0000
0000
0000
0000
0000
0000
0000
0000
0000
0000
0000
0000
0000
0000
0000
0000
0000
0000
0000
0000
0000
0000
0000
0000
0000
0000
0000
0000
0000
0000
0000
0000
0000
0000
0000
0000
0000
0000
0000
0000
0000
0000
0000
0000
0000
0000
0000
0000
0000
0000
0000
0000
0000
0000
0000
0000
0000
0000
0000
0000
0000
0000
0000
0000
0000
0000
0000
0000
0000
0000
0000
0000
0000
0000
0000
0000
0000
0000
0000
0000
0000
0000
0000
0000
0000
0000
0000
0000
0000
0000
0000
0000
0000
0000
0000
0000
0000
0000
0000
0000
0028
0000
0000
0000
0000
0000
0000
0000
0000
0000
0070
0000
0026
0000
0000
0000
0000
0000
0000
0000
0000
0000
0000
0000
0017
0000
0000
0000
0000
0000
0000
0000
0000
0000
0000
0079
0000
0000
0000
0000
0000
0000
0000
0000
0000
000F
0000
0000
0000
0000
028B
0145
0000
0000
0000
0000
0080
007F
0000
0000
0000
0000
0000
0000
0000
0221
00B4
0000
0000
0000
0000
0000
0000
0000
0000
0000
017F
00C6
0000
0000
0000
0012
006B
00DC
0000
0000
0000
0065
0000
0000
0000
0000
00BC
0000
0000
0000
0000
0000
0000
0000
0000
0000
0026
0147
0000
0000
0000
0000
0000
0000
0000
0000
0000
0124
0091
0060
0000
0000
0000
0000
0000
0000
0000
0000
0000
01BA
0000
0000
0000
0000
00B3
0097
0000
0000
01A3
0000
0000
0000
0000
0000
005F
0000
0000
0000
020B
0014
0000
0125
0000
0000
0000
0000
0000
0000
00DE
0000
0000
0000
0000
0000
0000
01F3
0000
0000
0000
0000
0000
0064
0000
0000
0000
011A
0084
0000
0000
0059
0264
0000
0000
0000
0029
0020
010E
0000
0000
0000
00AA
011D
0000
0000
0000
0000
0000
0000
0000
0000
002B
0000
0000
011E
0000
0000
0000
0000
0000
0000
0000
0000
003A
0000
0000
0000
0000
0000
0000
0000
0000
0000
011C
0000
0000
0000
0000
0000
0000
0000
0078
0000
0000
01E1
0000
0000
0000
0000
0000
0000
0000
00B3
0236
0000
0000
0000
0000
0000
0000
0000
0000
007D
0000
0000
0000
0000
0000
0000
0000
00ED
0000
0000
0000
0000
0000
019B
0000
0000
0000
021B
0086
0000
0000
0000
017A
0000
0000
0000
0000
01C4
0000
0000
0000
0000
0000
0000
0000
0000
0000
0000
0000
00AA
0000
0000
0000
0128
0000
01BF
001E
0000
00C9
0000
0000
000F
0000
0000
0000
0000
0000
0000
00F9
0195
0000
013E
0000
0000
0000
0000
0000
0000
0075
011D
0000
0000
0000
0000
02F5
0100
011B
02A8
0000
0000
0000
0000
0000
0000
000F
0000
0000
0114
0000
0000
0000
0000
0061
0000
0000
02D4
0000
0179
0000
0000
0000
0123
024B
0000
0000
0000
0000
0000
0000
0000
012D
0000
0000
0000
0000
0000
0000
0000
0000
0000
01D8
0000
0000
0000
0032
0131
0063
0000
0000
0308
0000
0000
0000
0000
0000
008C
0000
0000
0000
0000
0000
0000
0000
0000
0000
0000
0000
0000
0062
00F4
0000
0000
0000
00A3
0000
0000
0000
0000
0000
005C
0000
0000
0000
0000
0000
0000
004C
00DB
0000
01EA
00A6
0000
0000
0000
0000
0000
01A7
0000
0000
0000
0000
0000
0000
011C
0202
0000
0000
0000
0000
0000
0000
0253
0000
0148
0000
0000
0000
0000
0000
0207
0000
0083
0000
0000
0000
0000
01AC
0000
0000
00A9
0086
0000
0000
0000
0000
0000
0000
0000
0000
0173
0000
0000
0000
0000
0000
0000
0000
0000
0000
0000
0000
0105
0025
0000
0000
0000
0000
0000
0000
0000
0000
0000
0000
0000
0000
0278
0000
0000
0000
0000
0116
002E
00B3
0000
0000
0000
0000
0000
0000
01F9
01B7
0000
0000
0116
0000
0000
0000
0000
0018
0000
0000
0000
0000
0000
003E
0000
0000
0000
024F
0000
0000
0000
0000
00B1
0000
0000
009F
0330
0000
021C
0000
0103
0166
0179
003F
0000
0000
0000
0000
0000
0064
0107
004B
0000
0000
0183
0142
0041
0000
0000
0000
0000
0000
0000
0000
0000
0000
01E7
0000
0000
0044
0000
0008
0000
0000
0000
0000
0000
0000
00D8
014D
038E
00E8
0000
0000
0000
0000
0000
0000
0000
0024
0000
0000
0000
0019
0187
0000
0000
0000
0000
0000
0000
007B
0434
0000
0000
0000
0000
01BE
0000
0000
0000
0000
0000
007F
00D3
00C7
0000
0000
0000
03BD
0000
0000
0000
0000
007E
0000
0000
0000
0000
0000
0000
0101
0119
0157
014B
0000
0000
0000
0000
0000
0000
0000
0000
01A8
0040
0000
0000
0000
0000
0000
0000
0131
0000
0000
0000
0000
0000
0000
0000
0000
0000
000A
0026
008B
0000
0000
0000
000F
00CB
0000
0000
0000
0000
038B
0349
0000
0000
0000
0000
01A2
0000
0125
0000
0000
0000
0000
0000
0000
0000
0000
0000
0000
0000
0000
0000
0000
0000
0000
0000
0000
0000
0000
01A5
0000
0000
0000
0000
0000
0000
0000
0000
0094
00B5
0000
0000
0000
0000
0000
0000
0000
0000
0000
0000
0000
0000
0000
0000
02C4
0000
0000
0000
0000
0265
0000
0000
0000
0000
0000
0000
0129
03DB
007D
0000
00A9
0000
0000
0000
0000
0000
00C7
0000
0032
0000
0000
02E6
0000
0000
0000
0000
0000
0000
0000
0000
0000
0142
0000
037B
0000
012C
0000
0000
0000
0000
0000
0230
0000
0000
006F
0000
0000
0000
0000
0000
0014
0000
00A5
0000
0000
0000
0000
0000
0000
0000
0074
0000
0000
0000
0164
032A
009E
0000
0000
0000
0000
0000
0000
00F0
003C
0000
0000
0000
01E4
0090
0171
0000
0000
0000
0000
0000
0000
0000
0000
0000
0000
0000
01B4
0093
029F
02E5
0000
0000
0000
0000
0000
0000
0000
0000
0000
0027
0000
0000
0000
0000
0000
0000
0000
0000
0033
0000
0270
000D
0000
0000
0000
0000
0000
012A
0000
0000
0000
0000
0000
0000
0000
00FC
0231
0000
00C5
00C7
0000
00A2
0030
0000
0000
0000
0000
00F3
0000
0000
0000
0092
00B4
0000
0000
0000
0000
00E1
0000
0000
0000
0000
0000
0000
0000
0000
0000
0121
0000
017A
0109
0000
0000
0000
0000
0000
00A5
0000
0000
0000
00CC
0000
013D
0000
0000
0000
0070
0000
0000
0000
0000
0000
026C
0000
0000
0104
0000
0000
0075
0000
0000
0000
0000
0029
0000
0170
0000
0000
0000
0000
0000
0000
0000
0000
0000
0000
0000
004B
0000
0000
0000
0000
018E
0000
0000
0000
0000
0000
0195
02A9
0000
0000
0000
00DF
0000
0000
0000
0000
0000
0000
0000
0000
0046
0094
0000
0000
0000
0000
0000
0000
0000
0000
0027
0000
0000
0000
009C
0000
0000
0000
0000
0000
0014
0000
0000
0000
0000
0000
0000
0000
0000
0000
008E
0000
0000
0000
0000
00BD
0000
0000
0000
0000
0000
0000
01D3
0000
0000
0000
0000
0000
0000
0000
0000
0013
0000
0000
0000
0000
0000
0000
0000
00D3
0000
0000
0000
0000
0000
0000
0000
0000
0000
0000
0000
0000
0088
0000
0000
0000
0000
0000
0000
0000
0000
0000
0000
0000
00BD
0000
0000
0000
0000
00BF
0096
0019
0000
0000
0000
0000
011B
047E
0000
0000
0000
0000
0000
0000
0000
0122
0000
0000
0000
0000
0122
0000
0000
0026
0000
0000
0000
00E2
0000
0125
0000
0147
0000
0000
0006
0000
00B6
0000
0000
0000
0000
0000
0000
0000
0000
0000
0000
0000
0000
0000
0000
0000
0000
0000
0000
0000
0000
01A7
0000
0000
0229
02B2
0000
0000
0000
00B4
0000
0050
0000
0000
0000
0000
0000
02AF
0140
0000
0000
0000
0000
0000
0000
0000
00EB
0000
01EC
0000
0000
0000
003F
013B
0000
0000
0000
0000
0000
02C0
0160
0000
0000
0000
0000
0000
0043
0000
0000
0000
0000
03AC
01FF
0000
0000
0000
0000
007C
021E
008E
0000
0000
02BD
029C
0000
0000
0000
0000
0121
0000
0000
0000
0000
0000
0000
0000
0093
0000
0000
0000
0000
0000
0000
002B
0000
0000
0000
0000
0000
0000
0000
0000
0000
0000
011E
0000
0000
0092
0000
01D7
0000
0000
0000
0000
0000
0000
0000
001E
026B
0000
0000
0000
0000
0000
0000
0000
0000
0000
0000
0000
0000
0000
0000
0000
0000
0000
0000
0000
0000
0000
0000
0000
0000
0000
0000
0000
0000
0000
0000
0000
0000
0000
0000
0000
0000
0138
0000
0000
008A
0000
0000
0000
0000
0000
0000
0000
0000
0000
02EB
0000
0000
0000
0000
00E8
0033
0352
0000
0000
0000
0000
0000
0000
0000
0041
0000
0000
0243
0154
007A
0000
0000
0000
001E
0000
0000
0000
0000
00FA
00EA
0000
0000
0000
0000
0000
0000
0000
0000
0000
0000
0139
008B
0000
0000
0000
0055
0000
0000
0000
0000
0000
0000
0000
0000
0000
0000
0000
0000
013D
0213
0000
0000
0000
0000
0052
01B3
0036
0000
0000
0000
0000
0000
0000
02F1
0129
0000
0000
0000
0000
016A
0000
0000
0000
009F
0000
01FE
015C
0000
0000
0000
0000
0000
0000
0000
0000
0000
0202
0169
0174
00E9
0000
0000
0000
0000
0000
0000
0000
0000
0000
0000
0000
0027
0000
0000
0000
0000
0000
0000
0000
00ED
0000
0000
0000
0000
0000
0000
0000
0000
0000
0000
0165
0000
0000
0000
01B3
0000
0000
0000
0000
0000
0000
0000
0000
0000
0000
0113
0000
00CE
0000
0000
0000
0000
0000
0000
0000
0016
0000
0000
0000
0056
0000
0000
0000
0000
0000
0000
024C
0000
0000
0000
0000
00D6
00C4
0000
0000
0000
0000
0000
0000
00A9
0000
0000
0000
01E9
0000
0000
0000
0000
00CA
0000
0000
0000
0000
0000
01F8
0000
0000
0000
0000
0000
0000
0000
0000
0000
0000
0000
004C
0000
0000
0000
0000
0000
0000
0000
0000
0440
0224
0000
0000
0000
0000
0000
0000
002A
0000
0000
0000
0000
00A4
0000
0000
0000
0000
0000
0000
0007
0000
0000
0000
006E
0000
0000
0000
0000
0000
0000
0000
0000
0000
0000
0000
0000
0295
0000
0000
0000
0000
0000
0000
0000
0000
0000
0000
0000
002A
0375
0000
0000
0000
0000
01AA
0000
0078
0000
0000
0000
0000
0000
0000
0000
0000
011B
0000
0000
0000
0168
0000
0127
0105
0000
0000
0000
019B
0000
0000
0000
0000
0000
0000
0000
0000
0000
0000
0000
0000
0000
0000
000B
0000
0000
0000
0057
0055
013E
0000
0000
0000
0000
0000
0000
0080
0000
0000
0000
00C6
0224
0000
0000
0000
0000
017B
01C4
0000
0000
0000
0000
0321
0000
0000
0012
0000
00E2
0066
0000
0000
0000
0000
0000
0000
0000
002B
0000
0000
0000
0000
00B3
01C6
0000
0000
0106
0000
0000
0000
027B
031B
0051
0000
008D
0000
00FE
0000
0000
0000
00C7
0000
0000
0000
0221
0000
0000
0000
0000
0000
0000
0000
00EC
0049
0000
0000
0000
0000
0000
0000
0000
0000
0000
0000
0000
0000
022A
0167
00D7
0186
0000
0000
0000
0000
0031
0000
0000
0000
0000
0000
0000
0000
0000
0000
0161
0000
0000
0000
0000
0000
0000
0000
0000
0000
0000
0000
0000
0000
0000
0000
0000
0025
0000
0000
0000
0000
010B
0000
0000
0000
0000
0000
0000
0000
0000
0000
0000
0000
0000
0000
0000
0000
0000
0000
0000
0000
0099
00D2
0000
0000
0000
0000
0000
03E6
0115
0000
0000
0000
0000
0186
0119
0000
0000
0000
0000
0000
0000
0004
0000
0025
0000
0000
0000
0000
0238
0000
0077
0000
0000
0000
0085
0000
0000
0000
0000
0000
0000
0000
0000
0000
0035
0000
0000
0000
0000
0000
0000
0000
0000
00BA
0000
0000
0083
0000
0000
0000
00D8
0090
0000
0000
0000
0168
01FC
0000
0000
0000
0000
0000
0000
0000
0228
006F
0000
0000
0000
0000
009E
0000
0000
0056
02CB
0000
0000
011C
0000
0000
0099
0000
0000
0000
0019
0000
0000
0059
0000
0000
0000
0000
0000
0000
0000
0000
0000
0000
0000
0000
0000
0000
0000
0082
0000
0000
0000
0117
0000
0000
0000
0000
00D0
0172
0000
0000
0000
0000
0000
0000
0000
0000
0000
0000
00E3
0000
0000
0000
035A
02B3
037A
0000
0000
0000
0000
026B
0067
0000
0000
0000
0091
0141
0142
0000
0048
0000
0000
0000
0095
0000
00BC
0000
0000
0000
0000
0000
0000
012D
0000
00AA
0000
0000
0000
0000
0000
01AB
0000
0000
0000
0015
0000
0000
0000
018A
0000
0000
0000
0000
0000
0000
0000
0000
0000
0000
0000
0000
0000
0000
0000
0000
0000
0000
0000
0000
0000
0000
0000
0000
0000
00AA
0000
0000
0000
0000
0000
0000
0000
0000
0000
0000
0000
0000
0000
0000
00D7
0000
0000
0000
0000
0033
0000
018E
0000
0005
0000
0000
0000
0000
0027
0000
0000
02C6
0177
0000
0000
0000
0000
009E
0000
0000
0000
0000
0000
0000
0000
016F
0000
005F
0000
0000
0156
0000
0000
0000
00E5
0209
0000
0000
0000
0000
0000
0000
0000
0000
0047
0000
0000
0000
01B6
0000
0000
0084
0178
0000
0000
02C3
0248
0000
0021
0000
0000
0000
010C
0000
0096
0000
0000
0129
0000
0000
0000
0000
0000
0000
0000
0000
0000
0046
0000
0000
0000
0000
0000
0000
0000
00F7
00F0
00B5
0000
0000
0000
0000
0000
0000
0000
0150
0195
0000
0000
0000
0000
0000
0000
0000
0000
0000
0000
0000
0000
0000
0000
0280
0000
032E
00F8
0000
022C
0000
0066
0000
0000
0000
0000
0000
0000
0000
0000
0000
002D
0000
006C
0000
0000
00FA
0000
01DF
0000
0000
0000
0000
0000
0000
0000
0025
00F4
0000
0000
0201
0000
0000
0000
0000
00E9
0000
0000
00A8
0000
0000
0000
0000
0000
0000
0000
0083
0000
00DC
0000
0000
0000
0000
0000
00AD
004F
0079
0000
0000
0000
0000
0000
0000
012C
0000
0000
0000
0000
0000
0000
00C0
0000
0000
0000
0000
003F
0000
0000
0000
0000
03C0
0000
0000
0000
0000
0000
0000
0000
0000
01ED
0089
0000
0000
0000
0165
03FE
0212
0000
0000
0000
00C0
0057
02FD
000F
0000
0000
0000
0000
0000
0000
0000
0000
0000
0174
0000
0000
0000
0000
00CE
0000
0000
0000
0000
0003
0000
00F0
0000
0000
0000
0000
0000
0227
0329
0000
0000
0113
0062
0000
0000
0000
0000
0000
0000
0000
0000
0000
0000
0000
0000
0000
0000
0000
0000
0000
0000
0016
00B5
0000
0000
0000
00FA
0413
00DF
0000
0000
0000
0000
0000
0000
0000
0000
0041
0000
0000
0000
0000
0000
0000
031B
007D
0000
0000
0000
0000
0000
0000
00E2
0000
0000
0000
0000
005B
0000
0000
01C8
0000
0003
0000
0000
0014
0000
0000
0000
0000
0000
0162
0001
0203
0000
0000
0000
0000
0000
0000
00C2
016F
0000
0000
0000
0000
0000
0000
0000
0000
0000
0000
006B
0000
0000
0000
0000
0000
0000
0000
0000
0000
0000
0000
0000
0000
0090
0000
0000
0000
0000
0000
0000
0000
0000
0000
0000
0000
0000
0000
0000
0000
0000
0000
0000
0000
0000
0000
0000
0000
0000
0000
00EB
0000
0000
0000
0000
0000
0023
0000
0000
0000
0000
0000
0000
0000
013C
00D1
0000
0000
0000
0000
0000
050E
0015
0000
0000
00C7
03C5
0000
0000
0000
0078
00E0
0000
0000
0000
0000
0000
0000
0000
005D
0000
0000
000C
01F2
0000
0000
0000
0000
0000
0000
0000
03CC
024D
0010
0000
0000
0000
0000
0000
012D
005A
0000
0000
0000
0000
0177
0150
0000
0011
0000
0000
0000
0000
0000
0000
0000
0000
0000
0000
0000
0000
0000
00D0
0071
0000
0000
004C
0000
0000
0000
0048
0015
0093
0000
0000
0269
0000
0000
0000
0000
01F1
0000
0000
0000
003C
0000
0000
0000
0040
00C3
0000
0000
0000
0000
0000
0000
0000
0000
0000
000C
00B4
02F3
0000
0000
0000
0001
0000
0034
0000
0000
0000
0000
0000
0000
0000
0000
0000
0000
0000
0000
0000
0000
0000
0000
0000
0000
0000
0000
0000
0000
0000
0000
000A
0131
0000
0000
0000
0000
0000
0072
0000
000E
0000
0000
0000
0000
0000
0000
0000
0000
0000
0000
0000
001E
000F
00E2
00F5
001A
0000
0000
0000
0000
01D5
02D4
00A1
0000
0000
0000
0000
004D
0000
005B
0000
0000
0000
0000
001F
0000
01BD
013B
0115
0000
0000
0000
0000
0000
0182
0000
00A4
0000
0000
0000
00CC
032E
0000
0000
0000
0000
0000
0000
00F2
0000
0000
0000
0000
0000
0000
0000
0000
0000
0000
0000
0000
0000
0000
0000
0000
00A4
0009
01C3
0000
0000
0000
003B
0200
0191
0000
0000
0000
0000
0000
0138
0000
0000
0000
0000
0000
0000
0000
0000
0000
0000
0000
0000
0000
0000
0000
00E7
0000
0000
0000
0000
0000
0000
0000
0000
0000
0000
0188
0000
0000
0000
0000
0000
0000
0000
0000
000F
0000
0000
0000
0000
0149
0000
0000
0000
0000
0000
0009
0308
0000
0000
0000
007A
0000
0000
0000
0000
0000
0013
0000
0000
0000
0000
00E8
0342
0000
00D8
0000
0000
0000
024C
0000
00A0
0000
0039
0000
0000
0000
0000
0000
0154
0016
01CD
0000
0000
0000
0000
005F
0000
0000
0000
0000
0000
0000
0317
01E0
0000
0000
0000
0000
0000
0000
0000
0000
0000
0000
0000
0000
0000
01F0
01F6
00FC
0000
0000
0000
0000
0000
0000
0126
0000
0000
0000
0000
0000
0000
008A
0162
0000
0000
0000
0039
0000
0000
0000
0000
0000
0000
0000
0232
020E
019B
0191
0000
0000
0000
0000
0000
0000
0079
0000
0000
0000
0000
004E
0000
0000
013D
0000
0000
0000
01D3
0313
0000
0000
0000
0000
0190
0000
0000
0000
0000
0000
0000
0000
0000
0000
0000
0000
0155
0000
0000
0000
0252
011E
0000
0193
0000
0116
0199
0000
0000
0000
0000
0000
00E4
0000
01CA
0000
0000
0000
0000
0000
0000
0000
0053
0000
0000
0000
0000
0000
0000
0000
0000
0000
007B
0000
0000
0000
0000
0000
0000
0000
0022
0000
0000
0000
0000
011A
0000
0000
0000
0000
0000
0000
0000
013C
0492
0000
0000
0000
0000
0000
0000
0000
0000
0000
0000
0128
0000
0000
0000
00D5
0000
0000
0000
023E
006B
0000
0000
0000
0102
0000
0000
0000
0056
003A
0000
0000
0000
00D0
0000
0000
0000
0000
002E
00A7
021F
0000
0000
0000
0019
023C
0000
0000
0000
0000
01C8
0035
0000
0000
0000
0000
0000
002F
0000
0000
00B7
0000
0000
0000
0000
0000
0000
0000
0000
0000
0000
0000
0000
0000
0000
0000
0000
0000
0000
0000
0000
0000
0000
0000
0000
0000
0000
00B6
0000
0000
0000
0000
0000
0000
0000
0000
0000
0000
0000
018A
0000
0000
0000
0000
0000
0000
0000
0000
0000
0000
0000
000F
0257
0000
0000
001F
0006
0000
0000
0000
0000
0000
0000
0164
0000
020A
0000
0000
0000
0000
0000
0000
0011
0000
0000
00B6
0000
0000
0000
0000
00C2
0025
0000
0000
0000
0107
0000
0000
0024
0000
0000
0000
0000
0000
0000
0000
0000
0000
0000
0000
0000
0000
0000
0000
01B9
0000
0000
0000
0000
0000
0000
0195
0000
0024
0000
0070
0000
0000
0000
0000
0000
0000
0000
0000
0284
0061
0000
0000
0000
0000
0000
0000
002E
009B
0000
0000
0000
0000
0000
0000
00B5
0028
0000
0000
0000
0018
0000
0000
0000
0000
0000
018F
0122
0000
0000
0000
0000
0000
0000
0000
0000
008A
0000
0000
02A4
024C
0000
0000
0000
0148
00C3
00E5
027B
0000
0000
0000
0090
00AD
0000
0000
0000
0000
0000
0000
0000
0000
0000
0000
0000
0064
0000
0000
0000
0000
0000
0000
0000
0000
0000
0000
0000
008F
01DD
002D
0000
0026
0000
0040
0000
0000
0000
0004
0000
0000
0000
0000
0000
0000
0000
0000
0000
0000
0077
0000
0000
0000
0000
014D
0000
0000
0000
0000
0000
0076
0000
0000
004F
036F
01A1
0000
0000
0000
0086
0000
0000
0000
0000
0000
0000
00CB
0000
0000
0000
0000
0000
0000
0000
0058
0000
0000
0000
0000
0000
0000
0000
0000
0000
0000
0000
0000
0000
008E
0000
0067
0000
0000
006D
0108
0000
0000
00B8
0000
0000
0000
0000
0000
0000
0000
016A
0343
0000
0000
0000
0000
0044
035E
0000
0000
0000
0000
0000
0016
0000
0000
000B
0000
0000
0000
0000
00C6
0000
0000
0000
0277
0000
0000
0000
0000
0000
015A
0108
0000
0006
0000
0000
0000
0000
0000
03B9
0000
0000
00C5
0000
0000
0000
0000
0000
0000
0000
0252
0000
0000
0000
0000
014F
0021
016E
0000
0000
0000
0000
0000
0000
0000
01BE
0000
0000
0157
0096
0283
0000
0000
0000
0000
0000
0000
0000
0000
0000
0000
0023
0000
0000
0000
0000
0066
0000
0000
0000
0000
0000
00E4
0000
0000
0000
0000
0000
0000
0000
0000
0000
0000
0062
0000
0000
0000
0000
0036
0000
003B
0000
0124
0000
0000
0000
0000
0000
0000
0000
0000
0000
0000
0000
0262
0000
0000
0000
0000
0000
0000
0000
0000
0000
0000
0000
0000
0000
0000
0036
0000
0000
0246
001D
0000
0000
0000
0000
0000
0000
0000
0226
0000
0000
0000
0000
00CD
0000
0000
0000
0000
0035
0000
0000
0000
0000
0000
01D4
0000
0000
0072
0000
0000
0000
0000
0089
0045
0000
0000
0107
034B
0000
0000
0000
0000
0000
0000
0000
0000
0000
0000
0000
0000
0000
0000
0000
0000
0000
0000
0000
0007
0189
0000
0000
0000
0000
0247
0000
0000
0000
0000
0000
0331
01B2
0000
0000
0000
0000
0000
0000
0000
0190
006A
002B
0000
0000
0000
01A8
0000
0000
0000
0000
0000
0000
0067
0012
0000
0000
0000
0000
0000
0000
0000
0000
0000
0000
014C
03D0
0000
0000
0000
0000
0000
0000
0127
0000
0048
0000
0000
0000
0000
0000
0312
012C
0000
0000
0000
0000
0000
0000
0000
0000
0034
0000
0131
0000
0000
0000
0000
0000
0000
0147
0000
0000
0000
0000
0000
0000
0000
0000
0000
0000
0000
0000
0000
00F8
0000
0000
0000
0000
0000
0086
0000
0000
0000
0000
0000
0000
0000
0000
00BF
0000
0000
0000
0000
0000
0000
0000
0000
0000
0000
0000
0000
0000
000A
0000
0000
0000
0000
0000
0000
0233
0000
0000
0000
0000
0000
0000
0000
0000
0002
0057
0000
0000
0000
00F9
0000
0000
01E5
0000
0000
0000
016D
0000
0000
0000
0000
0000
0000
0000
004A
01C3
0000
0000
0000
0000
0267
0000
0000
0000
0000
031C
01DF
0000
0000
0000
0000
0000
0003
0000
0000
0000
0000
0000
0308
0000
0000
003C
0000
0000
0000
0000
0000
0000
0000
0000
0000
0000
0000
0000
0000
0000
0000
0000
007E
0052
0000
0215
0000
0000
0000
0000
0000
00A1
00D4
0299
0000
0000
0000
0000
000C
0000
0092
0000
0092
0000
0000
0000
0000
0016
0000
0000
0000
0000
0000
0072
0000
0000
0000
0000
0000
0063
0000
0000
0069
0000
0000
0000
0000
0000
00AA
0000
0000
0000
0000
0000
0000
0143
0000
0000
0000
0000
00C8
0000
010F
0216
01CD
00AA
0000
0000
0000
0000
0000
0000
0000
006A
0000
0000
0000
0000
00D7
0000
0018
0000
0000
0000
0000
0000
0000
0000
0000
008A
0000
0000
0000
0000
0178
0029
0000
0000
0000
0000
0000
0000
0000
0000
0036
0000
0027
0000
0000
0000
0000
0000
0000
0000
0000
0260
0000
0000
0000
0000
0000
01D5
0150
0000
0000
0000
0000
0000
0000
0000
003F
0000
0000
0000
0218
0000
0000
0000
0000
0000
0000
0000
0059
0000
0000
0000
0000
00FC
0000
0000
0000
0000
0000
0000
0000
0000
0000
0000
0000
0020
0000
016A
0000
0000
0000
0321
0000
0045
0000
0000
0000
0000
0000
001E
00D8
0000
00D1
0048
0000
0000
0000
0000
02F7
0000
0000
0000
0000
0000
0000
0000
0167
0000
0000
0000
0000
0115
0000
0000
0000
0000
0188
0000
0000
00A2
0000
0107
0000
0000
00AC
0000
0000
0000
0000
0000
0000
0000
0000
0000
0055
0000
0000
0000
0000
0000
0000
0000
0000
00A9
0000
0000
0000
0038
0000
0000
005B
0038
0192
0000
0000
0000
0000
0000
0000
0000
0000
00DF
006D
0429
0000
0000
0000
0000
0000
0000
010C
019B
00BE
0000
0000
0000
0000
0151
0000
0000
004B
0000
0166
0000
0000
0000
0000
0000
0000
0000
0000
0000
0000
0000
02BE
0128
0000
0000
0000
0000
0070
0212
0000
0000
0000
0000
0000
0000
0000
0000
012B
0000
0000
0000
02BE
0000
0235
0000
0000
014F
0000
0000
0000
025E
0000
0000
0000
0000
0071
0000
0000
0000
0101
0000
0000
012A
0063
0000
0063
0000
0000
0000
0000
0000
00AA
0000
0000
0000
01B0
0000
0000
00BB
0000
0000
0000
0000
0000
0000
0000
0389
0000
0000
0000
0000
0000
0000
005A
0146
0000
0000
0000
0127
0154
0000
0000
0000
0000
0000
0000
0000
0000
0000
0000
0000
0000
00A1
0000
0000
0000
0000
0000
0000
0000
0000
0000
0000
0000
002E
0000
0000
0000
0000
0000
0000
0000
0000
0000
0000
0000
0000
027B
0000
0000
0000
0000
0000
0000
0000
0000
0000
0000
0000
0000
0000
0000
0000
0000
0000
0000
0000
0000
0000
0000
0000
0000
0000
0000
0000
0000
0000
0000
002C
0000
0000
0000
0000
0000
0000
0000
0000
0000
0000
0000
0154
021F
0000
0093
0000
0000
0013
0000
0000
021F
025D
0000
0000
0000
0000
010C
0206
0000
00A4
0024
0016
0000
0000
00E9
0000
00F7
0000
0000
0176
00DA
0037
01DA
0000
0000
0137
00FA
0051
0070
0000
002E
0000
0000
0000
0000
01C3
0000
0000
0000
00D0
0326
0000
0000
0000
0000
0000
0000
0000
0000
0000
0000
0000
0000
0000
0000
0000
0000
0000
0000
0000
0000
0000
0000
0000
0000
0000
0000
0000
0000
0000
0000
0000
0000
0000
0000
0000
0000
0000
0000
0000
0000
0000
0000
0000
0000
0000
0000
0000
0000
0000
0000
0000
0000
0000
0000
0000
0000
0000
0000
0000
0000
0000
0000
0000
0000
0000
0000
0000
0000
0000
0000
0000
0000
0000
0000
0000
0000
0000
0000
0000
0000
0000
0000
0000
0000
0000
0000
0000
0000
0000
0000
0000
0000
0000
0000
0000
0000
0000
0000
0000
0000
0000
0000
0000
0000
0000
0000
0000
0000
0000
0000
0000
0000
0000
0000
0000
0000
0000
0000
0000
0000
0000
0000
0000
0000
0000
0000
0000
0000
0000
0000
0000
0000
0000
0000
0000
0000
0000
0000
0000
0000
0000
0000
0000
0000
0000
0000
0000
0000
0000
0000
0000
0000
0000
0000
0000
0000
0000
0000
0000
0000
0000
0000
0000
0000
0000
0000
0000
0000
0000
0000
0000
0000
0000
0000
0000
0000
0000
0000
0000
0000
0000
0000
0000
0000
0000
0000
0000
0000
0000
0000
0000
0000
0000
0000
0000
0000
0000
0000
0000
0000
0000
0000
0000
0000
0000
0000
0000
0000
0000
0000
0000
0000
0000
0000
0000
0000
0000
0000
0000
0000
0000
0000
0000
0000
0000
0000
0000
0000
0000
0000
0000
0000
0000
0000
0000
0000
0000
0000
0000
0000
0000
0000
0000
0000
0000
0000
0000
0000
0000
0000
0000
0000
0000
0000
0000
0000
0000
0000
0000
0000
0000
0000
0000
0000
0000
0000
0000
0000
0000
0000
0000
0000
0000
0000
0000
0000
0000
0000
0000
0000
0000
0000
0000
0000
0000
0000
0000
0000
0000
0000
0000
0000
0000
0000
0000
0000
0000
0000
0000
0000
0000
0000
0000
0000
0000
0000
0000
0000
0000
0000
0000
0000
0000
0000
0000
0000
0000
0000
0000
0000
0000
0000
0000
0000
0000
0000
0000
0000
0000
0000
0000
0000
0000
0000
0000
0000
0000
0000
0000
0000
0000
0000
0000
0000
0000
0000
0000
0000
0000
0000
0000
0000
0000
0000
0000
0000
0000
0000
0000
0000
0000
0000
0000
0000
0000
0000
0000
0000
0000
0000
0000
0000
0000
0000
0000
0000
0000
0000
0000
0000
0000
0000
0000
0000
0000
0000
0000
0000
0000
0000
0000
0000
0000
0000
0000
0000
0000
0000
0000
0000
0000
0000
0000
0000
0000
0000
0000
0000
0000
0000
0000
0000
0000
0000
0000
0000
0000
0000
0000
0000
0000
0000
0000
0000
0000
0000
0000
0000
0000
0000
0000
0000
0000
0000
0000
0000
0000
0000
0000
0000
0000
0000
0000
0000
0000
0000
0000
0000
0000
0000
0000
0000
0000
0000
0000
0000
0000
0000
0000
0000
0000
0000
0000
0000
0000
0000
0000
0000
0000
0000
0000
0000
0000
0000
0000
0000
0000
0000
0000
0000
0000
0000
0000
0000
0000
0000
0000
0000
0000
0000
0000
0000
0000
0000
0000
0000
0000
0000
0000
0000
0000
0000
0000
0000
0000
0000
0000
0000
0000
0000
0000
0000
0000
0000
0000
0000
0000
0000
0000
0000
0000
0000
0000
0000
0000
0000
0000
0000
0000
0000
0000
0000
0000
0000
0000
0000
0000
0000
0000
0000
0000
0000
0000
0000
0000
0000
0000
0000
0000
0000
0000
0000
0000
0000
0000
0000
0000
0000
0000
0000
0000
0000
0000
0000
0000
0000
0000
0000
0000
0000
0000
0000
0000
0000
0000
00CA
0000
0000
0000
0000
0000
0000
0000
0000
0000
0000
0000
0000
0000
0000
0000
0000
0000
0000
0000
0000
0000
0000
0000
0000
0000
0000
0000
0000
0000
0000
0000
0000
0000
0000
0000
0000
0000
0000
0000
0000
0000
0000
0000
0000
0000
0000
0000
0000
0000
0000
0000
0000
0000
0000
0000
0000
0000
0000
0000
0000
0000
0000
0000
0000
0000
0000
0000
0000
0000
0000
0000
0000
0000
0000
0000
0000
0000
0000
0000
0000
0000
0000
0000
0000
0000
0000
0000
0000
0000
0000
0000
0000
0000
0000
0000
0000
0000
0000
0000
0000
0000
0000
0000
0000
0000
0000
0000
0000
0000
0000
0000
0000
0000
0000
0000
0000
0000
0000
0000
0000
0000
0000
0000
0000
0000
0000
0000
00C6
0000
0000
0000
0000
0000
0000
0000
0000
0000
0000
0000
0000
0000
0000
0000
0000
0000
0000
0000
0000
0000
0000
0000
0000
0000
0000
0000
0000
0000
0000
0000
0000
0000
0000
0000
0000
0000
0000
0000
0000
0000
0000
0000
0000
0000
0000
0000
0000
0000
0000
0000
0000
0000
0000
0000
0000
0000
0000
0000
0000
0000
0000
0000
0074
0000
0000
0000
0000
0000
0000
0000
0000
0000
0000
0000
0000
0000
0000
0000
0000
0000
0000
0000
0000
0000
0000
0000
0000
0000
0000
0000
0000
0000
0000
0000
0000
0000
0000
0000
0000
0000
0000
0000
0000
0000
0000
0000
0000
0000
0000
0000
0000
0000
0000
0000
0000
0000
0000
0000
0000
0000
0000
0000
0000
0000
0000
0000
0000
0000
0000
0000
0000
0000
0000
0000
0000
0000
0000
0000
0000
0000
0000
0000
0000
0000
0000
0000
0000
0000
0000
0000
0000
0000
0000
0000
0000
0000
0000
0000
0000
0000
0000
0000
0000
0000
0000
0000
0000
0000
0000
0000
0000
0000
0000
0000
0000
0000
0000
0000
0000
0000
0000
0000
0000
0000
0000
0000
0000
0000
0000
0000
0000
0000
0000
0000
0000
0000
0000
0000
0000
0000
0000
0000
0000
0000
0000
0000
0000
0000
0000
0000
0000
0000
0000
0000
0000
0000
0000
0000
0000
0000
0000
0000
0000
0000
0000
0000
0000
0000
0000
0000
0000
0000
0000
0000
0000
0000
0000
0000
0000
0000
0000
0000
0000
0000
0000
0000
0000
0000
0000
0000
0000
0000
0000
0000
0000
0000
0000
0000
0000
0000
0000
0000
0000
0000
0000
0000
0000
0000
0000
0000
0000
0000
0000
0000
0000
0000
0000
0000
0000
0000
0000
0000
0000
0000
0000
0000
0000
0000
0000
0000
0000
0000
0000
0000
0000
0000
0000
0000
0000
0000
0000
0000
0000
0000
0000
0000
0000
0000
0000
0000
0000
0000
0000
0000
0000
0000
0000
0000
0000
0000
0000
0000
0000
0000
0000
0000
0000
0000
0000
0000
0000
0000
0000
0000
0000
0000
0000
0000
0000
0000
0000
0000
0000
0000
0000
0000
0000
0000
0000
0000
0000
0000
0000
0000
0000
0000
0000
0000
0000
0000
0000
0000
0000
0000
0000
0000
0000
0000
0000
0000
0000
0000
0000
0000
0000
0000
0000
0000
0000
0000
0000
0000
0000
0000
0000
0000
0000
0000
0000
0000
0000
0000
0000
0000
0000
0000
0000
0000
0000
0000
0000
0000
0000
0000
0000
0000
0000
0000
0000
0000
0000
0000
0000
0000
0000
0000
0000
0000
0000
0000
0000
0000
0000
0000
0000
0000
0000
0000
0000
0000
0000
0000
0000
0000
0000
0000
0000
0000
0000
0000
0000
0000
0000
0000
0000
0000
0033
0000
0000
0000
0000
0000
0000
0000
0000
0000
0000
0000
0000
0000
0000
0000
0000
0000
0000
0000
0000
0000
0000
0000
0000
0000
0000
0000
0000
0000
0000
0000
0000
0000
0000
0000
0000
0000
0000
0000
0000
0000
0000
0000
0000
0000
0000
0000
0000
0000
0000
0000
0000
0000
0000
0000
0000
0000
0000
0000
0000
0000
0000
0000
0000
0000
0000
0000
0000
0000
0000
0000
0000
0000
0000
0000
0000
0000
0000
0000
0000
0000
0000
0000
0000
0000
0000
0000
0000
0000
0000
0000
0000
0000
0000
0000
0000
0000
0000
0000
0000
0000
0000
0000
0000
0000
0000
0000
0000
0000
0000
0000
0000
0000
0000
0000
0000
0000
0000
0000
0000
0000
0000
0000
0000
0000
0000
0000
0000
0000
0000
0000
0000
0000
0000
0000
0000
0000
0000
0000
0000
0000
0000
0000
0000
0000
0000
0000
0000
0000
0000
0000
0000
0000
0000
0000
0000
0000
0000
0000
0000
0000
0000
0000
0000
0000
0000
0000
0000
0000
0000
0000
0000
0000
0000
0000
0000
0000
0000
0000
0000
0000
0000
0000
0000
0000
0000
0000
0000
0000
0000
0000
0000
0000
0000
0000
0000
0000
0000
0000
0000
0000
0000
0000
0000
0000
0000
0000
0000
0000
0000
0000
0000
0000
0000
0000
0000
0000
0000
0000
0000
0000
0000
0000
0000
0000
0000
0000
0000
0000
0000
0000
0000
0000
0000
0000
0000
0000
0000
0000
0000
0000
0000
0000
0000
0000
0000
0000
0000
0000
0000
0000
0000
0000
0000
0000
0000
0000
0000
0000
0000
0000
0000
0000
0000
0000
0000
0000
0000
0000
0000
0000
0000
0000
0000
0000
0000
0000
0000
0000
0000
0000
0000
0000
0000
0000
0000
0000
0000
0000
0000
0000
0000
0000
0000
0000
0000
0000
0000
0000
0000
0000
0000
0000
0000
0000
0000
0000
0000
0000
0000
0000
0000
0000
0000
0000
0000
0000
0000
0000
0000
0000
0000
0000
0000
0000
0000
0000
0000
0000
0000
0000
0000
0000
0000
0000
0000
0000
0000
0000
0000
0000
0000
0000
0000
0000
0000
0000
0000
0000
0000
0000
0000
0000
0000
0000
0000
0000
0000
0000
0000
0000
0000
0000
0000
0000
0000
0000
0000
0000
0000
0000
0000
0000
0000
0000
0000
0000
0000
0000
0000
0000
0000
0000
0000
0000
0000
0000
0000
0000
0000
0000
0000
0000
0000
0000
0000
0000
0000
0000
0000
0000
0000
0000
0000
0000
0000
0000
0000
0000
0000
0000
0000
0000
0000
0000
0000
0000
0000
0000
0000
0000
0000
0000
0000
0000
0000
0000
0000
0000
0000
0000
0000
0000
0000
0000
0000
0000
0000
0000
0000
0000
0000
0000
0000
0000
0000
0000
0000
0000
0000
0000
0000
0000
0000
0000
0000
0000
0000
0000
0000
0000
0000
0000
0000
0000
0000
0000
0000
0000
0000
0000
0000
0000
0000
0000
0000
0000
0000
0000
0000
0000
0000
0000
0000
0000
0000
0000
0000
0000
0000
0000
0000
0000
0000
0000
0000
0000
0000
0000
0000
0000
0000
0000
0000
0000
0000
0000
0000
0000
0000
0000
00D6
0000
0000
0000
0000
0000
0000
0000
0000
0000
0000
0000
0000
0000
0000
0000
0000
0000
0000
0000
0000
0000
0000
0000
0000
0000
0000
0000
0000
0000
0000
0000
0000
0000
0000
0000
0000
0000
0000
0000
0000
0000
0000
0000
0000
0000
0000
0000
0000
0000
0000
0000
0000
0000
0000
0000
0000
0000
0000
0000
0000
0000
0000
0000
0000
0000
0000
0000
0000
0000
0000
0000
0000
0000
0000
0000
0000
0000
0000
0000
0000
0000
0000
0000
0000
0000
0000
0000
0000
0000
0000
0000
0000
0000
0000
0000
0000
0000
0000
0000
0000
0000
0000
0000
0000
0000
0000
0000
0000
0000
0000
0000
0000
0000
0000
0000
0000
0000
0000
0000
0000
0000
0000
0000
0000
0000
0000
0000
0000
0000
0000
0000
0000
0000
0000
0000
0000
0000
0000
0000
0000
0000
0000
0000
0000
0000
0000
0000
0000
0000
0000
0000
0000
0000
0000
0000
0000
0000
0000
0000
0000
0000
0000
0000
0000
0000
0000
0000
0000
0000
0000
0000
0000
0000
0000
0000
0000
0000
0000
0000
0000
0000
0000
0000
0000
0000
0000
0000
0000
0000
0000
0000
0000
0000
0000
0000
0000
0000
0000
0000
0000
0000
0000
0000
0000
0000
0000
0000
0000
0000
0000
0000
0000
0000
0000
0000
0000
0000
0000
0000
0000
0000
0000
0000
0000
0000
0000
0000
0000
0000
0000
0000
0000
0000
0000
0000
0000
0000
0000
0000
0000
0000
0000
0000
0000
0000
0000
0000
0000
0000
0000
0000
0000
0000
0000
0000
0073
0000
0000
0000
0000
0000
0000
0000
0000
0000
0000
0000
0000
0000
0000
0000
0000
0000
0000
0000
0000
0000
0000
0000
0000
0000
0000
0000
0000
0000
0000
0000
0000
0000
0000
0000
0000
0000
0000
0000
0000
0000
0000
0000
0000
0000
0000
0000
0000
0000
0000
0000
0000
0000
0000
0000
0000
0000
0000
0000
0000
0000
0000
0000
004A
0000
0000
0000
0000
0000
0000
0000
0000
0000
0000
0000
0000
0000
0000
0000
0000
0000
0000
0000
0000
0000
0000
0000
0000
0000
0000
0000
0000
0000
0000
0000
0000
0000
0000
0000
0000
0000
0000
0000
0000
0000
0000
0000
0000
0000
0000
0000
0000
0000
0000
0000
0000
0000
0000
0000
0000
0000
0000
0000
0000
0000
0000
0000
0000
0000
0000
0000
0000
0000
0000
0000
0000
0000
0000
0000
0000
0000
0000
0000
0000
0000
0000
0000
0000
0000
0000
0000
0000
0000
0000
0000
0000
0000
0000
0000
0000
0000
0000
0000
0000
0000
0000
0000
0000
0000
0000
0000
0000
0000
0000
0000
0000
0000
0000
0000
0000
0000
0000
0000
0000
0000
0000
0000
0000
0000
0000
0000
0000
0000
0000
0000
0000
0000
0000
0000
0000
0000
0000
0000
0000
0000
0000
0000
0000
0000
0000
0000
0000
0000
0000
0000
0000
0000
0000
0000
0000
0000
0000
0000
0000
0000
0000
0000
0000
0000
0000
0000
0000
0000
0000
0000
0000
0000
0000
0000
0000
0000
0000
0000
0000
0000
0000
0000
0000
0000
0000
0000
0000
0000
0000
0000
0098
0000
0000
0000
0000
0000
0000
0000
0000
0000
0000
0000
0000
0000
0000
0000
0000
0000
0000
0000
0000
0000
0000
0000
0000
0000
0000
0000
0000
0000
0000
0000
0000
0000
0000
0000
0000
0000
0000
0000
0000
0000
0000
0000
0000
0000
0000
0000
0000
0000
0000
0000
0000
0000
0000
0000
0000
0000
0000
0000
0000
0000
0000
0000
0000
0000
0000
0000
0000
0000
0000
0000
0000
0000
0000
0000
0000
0000
0000
0000
0000
0000
0000
0000
0000
0000
0000
0000
0000
0000
0000
0000
0000
0000
0000
0000
0000
0000
0000
0000
0000
0000
0000
0000
0000
0000
0000
0000
0000
0000
0000
0000
0000
0000
0000
0000
0000
0000
0000
0000
0000
0000
0000
0000
0000
0000
0000
0000
00C3
0000
0000
0000
0000
0000
0000
0000
0000
0000
0000
0000
0000
0000
0000
0000
0000
0000
0000
0000
0000
0000
0000
0000
0000
0000
0000
0000
0000
0000
0000
0000
0000
0000
0000
0000
0000
0000
0000
0000
0000
0000
0000
0000
0000
0000
0000
0000
0000
0000
0000
0000
0000
0000
0000
0000
0000
0000
0000
0000
0000
0000
0000
0000
002E
0000
0000
0000
0000
0000
0000
0000
0000
0000
0000
0000
0000
0000
0000
0000
0000
0000
0000
0000
0000
0000
0000
0000
0000
0000
0000
0000
0000
0000
0000
0000
0000
0000
0000
0000
0000
0000
0000
0000
0000
0000
0000
0000
0000
0000
0000
0000
0000
0000
0000
0000
0000
0000
0000
0000
0000
0000
0000
0000
0000
0000
0000
0000
0039
0000
0000
0000
0000
0000
0000
0000
0000
0000
0000
0000
0000
0000
0000
0000
0000
0000
0000
0000
0000
0000
0000
0000
0000
0000
0000
0000
0000
0000
0000
0000
0000
0000
0000
0000
0000
0000
0000
0000
0000
0000
0000
0000
0000
0000
0000
0000
0000
0000
0000
0000
0000
0000
0000
0000
0000
0000
0000
0000
0000
0000
0000
0000
0000
0000
0000
0000
0000
0000
0000
0000
0000
0000
0000
0000
0000
0000
0000
0000
0000
0000
0000
0000
0000
0000
0000
0000
0000
0000
0000
0000
0000
0000
0000
0000
0000
0000
0000
0000
0000
0000
0000
0000
0000
0000
0000
0000
0000
0000
0000
0000
0000
0000
0000
0000
0000
0000
0000
0000
0000
0000
0000
0000
0000
0000
0000
0000
0000
0000
0000
0000
0000
0000
0000
0000
0000
0000
0000
0000
0000
0000
0000
0000
0000
0000
0000
0000
0000
0000
0000
0000
0000
0000
0000
0000
0000
0000
0000
0000
0000
0000
0000
0000
0000
0000
0000
0000
0000
0000
0000
0000
0000
0000
0000
0000
0000
0000
0000
0000
0000
0000
0000
0000
0000
0000
0000
0000
0000
0000
0000
0000
0000
0000
0000
0000
0000
0000
0000
0000
0000
0000
0000
0000
0000
0000
0000
0000
0000
0000
0000
0000
0000
0000
0000
0000
0000
0000
0000
0000
0000
0000
0000
0000
0000
0000
0000
0000
0000
0000
0000
0000
0000
0000
0000
0000
0000
0000
0000
0000
0000
0000
0000
0000
0000
0000
0000
0000
0000
0000
0000
0000
0000
0000
0000
0000
0000
0000
0000
0000
0000
0000
0000
0000
0000
0000
0000
0000
0000
0000
0000
0000
0000
0000
0000
0000
0000
0000
0000
0000
0000
0000
0000
0000
0000
0000
0000
0000
0000
0000
0000
0000
0000
0000
0000
0000
0000
0000
0000
0000
0000
0000
0000
0000
0000
0000
0000
0000
0000
0000
0000
0000
0000
0000
0000
0000
0000
0000
0000
0000
0000
0000
0000
0000
0000
0000
0000
0000
0000
0000
0000
0000
0000
0000
0000
0000
0000
0000
0000
0000
0000
0000
0000
0000
0000
0000
0000
0000
0000
0000
0000
0000
0000
0000
0000
0000
0000
0000
0000
0000
0000
0000
0000
0000
0000
0000
0000
0000
0000
0000
0000
0000
0000
0000
0000
0000
0000
0000
0000
0000
0000
0000
0000
0000
0000
0000
0000
0000
0000
0000
0000
0000
0000
0000
0000
0000
0000
0000
0000
0000
0000
0000
0000
0000
0000
0000
0000
0000
0000
0000
0000
0000
0000
0000
0000
0000
0000
0000
0000
0000
0000
0000
0000
0000
0000
0000
0000
0000
0000
0000
0000
0000
0000
0000
0000
0000
0000
0000
0000
0000
0000
0000
0000
0000
0000
0000
0000
0000
0000
0000
0000
0000
0000
0000
0000
0000
0000
0000
0000
0000
0000
0000
0000
0000
0000
0000
0000
0000
0000
0000
0000
0000
0000
0000
0000
0000
0000
0000
0000
0000
0000
0000
0000
0000
0000
0000
0000
0000
0000
0000
0000
0000
0000
0000
0000
0000
0000
0000
0000
0000
0000
0000
0000
0000
0000
0000
0000
0000
0000
0000
0000
0000
0000
0000
0000
0000
0000
0000
0000
0000
0000
0000
0000
0000
0000
0000
0000
0000
0000
0000
0000
0000
0000
0000
0000
0000
0000
0000
0000
0000
0000
0000
0000
0000
0000
0000
0000
0000
0000
0000
0000
0000
0000
0000
0000
0000
0000
0000
0000
0000
0000
0000
0000
0000
0000
0000
0000
0000
0000
0000
0000
0000
0000
0000
0000
0000
0000
0000
0000
0000
0000
0000
0000
0000
0000
0000
0000
0000
0000
0000
0000
0000
0000
0000
0000
0000
0000
0000
0000
0000
0000
0000
0000
0000
0000
0000
0000
0000
0000
0000
0000
0000
0000
0000
0000
0000
0000
0000
0000
0000
0000
0000
0000
0000
0000
0000
0000
0000
0000
0000
0000
0000
0000
0000
0000
0000
0000
0000
0000
0000
0000
0000
0000
0000
0000
0000
0000
0000
0000
0000
0000
0000
0000
0000
0000
0000
0000
0000
0000
0000
0000
0000
0000
0000
0000
0000
0000
0000
0000
0000
0000
0000
0000
0000
0000
0000
0000
0000
0000
0000
0000
0000
0000
0000
0000
0000
0000
0000
0000
0000
0000
0000
0000
0000
0000
0000
0000
0000
0000
0000
0000
0000
0000
0000
0000
0000
0000
0000
0000
0000
0000
0000
0000
0000
0000
0000
0000
0000
0000
0000
0000
0000
0000
0000
0000
0000
0000
0000
0000
0000
0000
0000
0000
0000
0000
0000
0000
0000
0000
0000
0000
0000
0000
0000
0000
0000
0000
0000
0000
0000
0000
0000
0000
0000
0000
0000
0000
0000
0000
0000
0000
0000
0000
0000
0000
0000
0000
0000
0000
0000
0000
0000
0000
0000
0000
0000
0000
0000
0000
0000
0000
0000
0000
0000
0000
0000
0000
0000
0000
0000
0000
0000
0000
0000
0000
0000
0000
0000
0000
0000
0000
0000
0000
0000
0000
0000
0000
0000
0000
0000
0000
0000
0000
0000
0000
0000
0000
0000
0000
0000
0000
0000
0000
0000
0000
0000
0000
0000
0000
0000
0000
0000
0000
0000
0000
0000
0000
0000
0000
0000
0000
0000
0000
0000
0000
0000
0000
0000
0000
0000
0000
0000
0000
0000
0000
0000
0000
0000
0000
0000
0000
0000
0000
0000
0000
0000
0000
0000
0000
0000
0000
0000
0000
0000
0000
0000
0000
0000
0000
0000
0000
0000
0000
0000
0000
0000
0000
0000
0000
0000
0000
0000
0000
0000
0000
0000
00C6
0000
0000
0000
0000
0000
0000
0000
0000
0000
0000
0000
0000
0000
0000
0000
0000
0000
0000
0000
0000
0000
0000
0000
0000
0000
0000
0000
0000
0000
0000
0000
0000
0000
0000
0000
0000
0000
0000
0000
0000
0000
0000
0000
0000
0000
0000
0000
0000
0000
0000
0000
0000
0000
0000
0000
0000
0000
0000
0000
0000
0000
0000
0000
0000
0000
0000
0000
0000
0000
0000
0000
0000
0000
0000
0000
0000
0000
0000
0000
0000
0000
0000
0000
0000
0000
0000
0000
0000
0000
0000
0000
0000
0000
0000
0000
0000
0000
0000
0000
0000
0000
0000
0000
0000
0000
0000
0000
0000
0000
0000
0000
0000
0000
0000
0000
0000
0000
0000
0000
0000
0000
0000
0000
0000
0000
0000
0000
013C
0000
0000
0000
0000
0000
0000
0000
0000
0000
0000
0000
0000
0000
0000
0000
0000
0000
0000
0000
0000
0000
0000
0000
0000
0000
0000
0000
0000
0000
0000
0000
0000
0000
0000
0000
0000
0000
0000
0000
0000
0000
0000
0000
0000
0000
0000
0000
0000
0000
0000
0000
0000
0000
0000
0000
0000
0000
0000
0000
0000
0000
0000
0000
020F
0000
0000
0000
0000
0000
0000
0000
0000
0000
0000
0000
0000
0000
0000
0000
0000
0000
0000
0000
0000
0000
0000
0000
0000
0000
0000
0000
0000
0000
0000
0000
0000
0000
0000
0000
0000
0000
0000
0000
0000
0000
0000
0000
0000
0000
0000
0000
0000
0000
0000
0000
0000
0000
0000
0000
0000
0000
0000
0000
0000
0000
0000
0000
0000
0000
0000
0000
0000
0000
0000
0000
0000
0000
0000
0000
0000
0000
0000
0000
0000
0000
0000
0000
0000
0000
0000
0000
0000
0000
0000
0000
0000
0000
0000
0000
0000
0000
0000
0000
0000
0000
0000
0000
0000
0000
0000
0000
0000
0000
0000
0000
0000
0000
0000
0000
0000
0000
0000
0000
0000
0000
0000
0000
0000
0000
0000
0000
00C6
0000
0000
0000
0000
0000
0000
0000
0000
0000
0000
0000
0000
0000
0000
0000
0000
0000
0000
0000
0000
0000
0000
0000
0000
0000
0000
0000
0000
0000
0000
0000
0000
0000
0000
0000
0000
0000
0000
0000
0000
0000
0000
0000
0000
0000
0000
0000
0000
0000
0000
0000
0000
0000
0000
0000
0000
0000
0000
0000
0000
0000
0000
0000
0000
0000
0000
0000
0000
0000
0000
0000
0000
0000
0000
0000
0000
0000
0000
0000
0000
0000
0000
0000
0000
0000
0000
0000
0000
0000
0000
0000
0000
0000
0000
0000
0000
0000
0000
0000
0000
0000
0000
0000
0000
0000
0000
0000
0000
0000
0000
0000
0000
0000
0000
0000
0000
0000
0000
0000
0000
0000
0000
0000
0000
0000
0000
0000
0000
0000
0000
0000
0000
0000
0000
0000
0000
0000
0000
0000
0000
0000
0000
0000
0000
0000
0000
0000
0000
0000
0000
0000
0000
0000
0000
0000
0000
0000
0000
0000
0000
0000
0000
0000
0000
0000
0000
0000
0000
0000
0000
0000
0000
0000
0000
0000
0000
0000
0000
0000
0000
0000
0000
0000
0000
0000
0000
0000
0000
0000
0000
0000
0000
0000
0000
0000
0000
0000
0000
0000
0000
0000
0000
0000
0000
0000
0000
0000
0000
0000
0000
0000
0000
0000
0000
0000
0000
0000
0000
0000
0000
0000
0000
0000
0000
0000
0000
0000
0000
0000
0000
0000
0000
0000
0000
0000
0000
0000
0000
0000
0000
0000
0000
0000
0000
0000
0000
0000
0000
0000
0000
0000
0000
0000
0000
0000
0244
0000
0000
0000
0000
0000
0000
0000
0000
0000
0000
0000
0000
0000
0000
0000
0000
0000
0000
0000
0000
0000
0000
0000
0000
0000
0000
0000
0000
0000
0000
0000
0000
0000
0000
0000
0000
0000
0000
0000
0000
0000
0000
0000
0000
0000
0000
0000
0000
0000
0000
0000
0000
0000
0000
0000
0000
0000
0000
0000
0000
0000
0000
0000
0000
0000
0000
0000
0000
0000
0000
0000
0000
0000
0000
0000
0000
0000
0000
0000
0000
0000
0000
0000
0000
0000
0000
0000
0000
0000
0000
0000
0000
0000
0000
0000
0000
0000
0000
0000
0000
0000
0000
0000
0000
0000
0000
0000
0000
0000
0000
0000
0000
0000
0000
0000
0000
0000
0000
0000
0000
0000
0000
0000
0000
0000
0000
0000
0000
0000
0000
0083
0000
0000
0000
0000
004D
0000
0169
007B
0047
0000
0000
0000
0000
0000
0000
0000
0000
0199
0000
0000
01F5
010B
0000
00B6
0000
0000
0065
0000
0000
00BE
0000
0000
0000
0000
009F
0000
0000
0000
0000
0000
0000
0000
0036
0000
0000
0134
0004
0000
0000
0000
0000
0000
0040
0000
0000
0040
00B0
0000
0000
0000
0000
0000
0000
0000
0000
0000
0000
0000
0000
0000
0000
0000
0000
0000
0000
0000
0000
0000
0000
0000
0000
0000
0000
0000
0000
0000
0000
0000
0000
0000
0000
0000
0000
0000
0000
0000
0000
0000
0000
0000
0000
0000
0000
0000
0000
0000
0000
0000
0000
0000
0000
0000
0000
0000
0000
0000
0000
0000
0000
0000
0000
0000
0000
0000
0000
0387
0000
0000
0000
0000
0000
0000
0000
0000
0000
0000
0000
0000
0000
0000
0000
0000
0000
0000
0000
0000
0000
0000
0000
0000
0000
0000
0000
0000
0000
0000
0000
0000
0000
0000
00BD
0000
0000
0000
0000
0000
0000
0000
0000
0000
0000
0000
0000
0000
0000
0000
0000
0000
0000
0000
0000
0000
0000
0000
0000
0000
0000
0000
0000
0000
0000
0000
0000
0000
0000
0000
0000
0000
0000
0000
0000
0000
0000
0000
0000
0000
0000
0000
0000
0000
0000
0000
0000
0000
0000
0000
0000
0000
0000
0000
0000
0000
0000
0000
0000
0000
0000
0000
0000
0000
0000
0000
0000
0000
0000
0000
0000
0000
0000
0000
0000
0000
0000
0000
0000
0000
0000
0000
0000
0000
0000
0000
0000
0371
0000
0000
0000
0000
0000
0000
0000
0000
0000
0000
0000
0000
0000
0000
0000
0000
0000
0000
0000
0000
0000
0000
0000
0000
0000
0000
0000
0000
0000
0000
0000
0000
0000
0000
0000
0000
0000
0000
0000
0000
0000
0000
0000
0000
0000
0000
0000
0000
0000
0000
0000
0000
0000
0000
0000
0000
0000
0000
0000
0000
0000
0000
0000
0188
0000
0000
0000
0000
0000
0000
0000
0000
0000
0000
0000
0000
0000
0000
0000
0000
0000
0000
0000
0000
0000
0000
0000
0000
0000
0000
0000
0000
0000
0000
0000
0000
0000
0000
0000
0000
0000
0000
0000
0000
0000
0000
0000
0000
0000
0000
0000
0000
0000
0000
0000
0000
0000
0000
0000
0000
0000
0000
0000
0000
0000
0000
0000
0431
0000
0000
0000
0000
0000
0000
0000
0000
0000
0000
0000
0000
0000
0000
0000
0000
0000
0000
0000
0000
0000
0000
0000
0000
0000
0000
0000
0000
0000
0000
0000
0000
0000
0000
0000
0000
0000
0000
0000
0000
0000
0000
0000
0000
0000
0000
0000
0000
0000
0000
0000
0000
0000
0000
0000
0000
0000
0000
0000
0000
0000
0000
0000
021E
0000
0000
0000
0000
0000
0000
0000
0000
0000
0000
0000
000E
0000
0000
0000
0000
0000
0000
0000
0000
0000
0000
0000
0000
0000
0000
0000
0000
0000
0000
0000
0000
0000
0000
0000
0000
0000
0000
0000
0000
0000
0000
0000
0000
0000
0000
0000
0000
0000
0000
0000
0000
0000
0000
0000
0000
0000
0000
0000
0000
0000
0000
0000
036A
0000
0000
0000
0000
0000
0000
0000
0000
0000
0000
0000
0000
0000
0000
0000
0000
0000
0000
0000
0000
0000
0000
0000
0000
0000
0000
0000
0000
0000
0000
0000
0000
0000
0000
0000
0000
0000
0000
0000
0000
0000
0000
0000
0000
0000
0000
0000
0000
0000
0000
0000
0000
0000
0000
0000
0000
0000
0000
0000
0000
0000
0000
0000
0128
0000
0000
0000
0000
0000
0000
0000
0000
0000
0000
0000
0000
0000
0000
0000
0000
0000
0000
0000
0000
0000
0000
0000
0000
0000
0000
0000
0000
0000
0000
0000
0000
0000
0000
0000
0000
0000
0000
0000
0000
0000
0000
0000
0000
0000
0000
0000
0000
0000
0000
0000
0000
0000
0000
0000
0000
0000
0000
0000
0000
0000
0000
0000
0202
0000
0000
0000
0000
0000
0000
0000
0000
0000
0000
0000
0000
0000
0000
0000
0000
0000
0000
0000
0000
0000
0000
0000
0000
0000
0000
0000
0000
0000
0000
0000
0000
0000
0000
0000
0000
0000
0000
0000
0000
0000
0000
0000
0000
0000
0000
0000
0000
0000
0000
0000
0000
0000
0000
0000
0000
0000
0000
0000
0000
0000
0000
0000
06AB
0000
0000
0000
0000
0000
0000
0000
0000
0000
0000
0000
0000
0000
0000
0000
0000
0000
0000
0000
0000
0000
0000
0000
0000
0000
0000
0000
0000
0000
0000
0000
0000
0000
0000
0000
0000
0000
0000
0000
0000
0000
0000
0000
0000
0000
0000
0000
0000
0000
0000
0000
0000
0000
0000
0000
0000
0000
0000
0000
0000
0000
0000
0000
0188
0000
0000
0000
0000
0000
0000
0000
0000
0000
0000
0000
0000
0000
0000
0000
0000
0000
0000
0000
0000
0000
0000
0000
0000
0000
0000
0000
0000
0000
0000
0000
0000
0000
0000
0000
0000
0000
0000
0000
0000
0000
0000
0000
0000
0000
0000
0000
0000
0000
0000
0000
0000
0000
0000
0000
0000
0000
0000
0000
0000
0000
0000
0000
0000
0000
0000
0000
0000
0000
0000
0000
0000
0000
0000
0000
0000
0000
0000
0000
0000
0000
0000
0000
0000
0000
0000
0000
0000
0000
0000
0000
0000
0000
0000
0000
0000
0000
0000
0000
0000
0000
0000
0000
0000
0000
0000
0000
0000
0000
0000
0000
0000
0000
0000
0000
0000
0000
0000
0000
0000
0000
0000
0000
0000
0000
0000
0000
0424
0000
0000
0000
0000
0000
0000
0000
0000
0000
0000
0000
0000
0000
0000
0000
0000
0000
0000
0000
0000
0000
0000
0000
0000
0000
0000
0000
0000
0000
0000
0000
0000
0000
0000
0000
0000
0000
0000
0000
0000
0000
0000
0000
0000
0000
0000
0000
0000
0000
0000
0000
0000
0000
0000
0000
0000
0000
0000
0000
0000
0000
0000
0000
042C
0000
0000
0000
0000
0000
0000
0000
0000
0000
0000
0000
0000
0000
0000
0000
0000
0000
0000
0000
0000
0000
0000
0000
0000
0000
0000
0000
0000
0000
0000
0000
0000
0000
0000
0000
0000
0000
0000
0000
0000
0000
0000
0000
0000
0000
0000
0000
0000
0000
0000
0000
0000
0000
0000
0000
0000
0000
0000
0000
0000
0000
0000
0000
00D5
0000
0000
0000
0000
0000
0000
0000
0000
0000
0000
0000
0000
0000
0000
0000
0000
0000
0000
0000
0000
0000
0000
0000
0000
0000
0000
0000
0000
0000
0000
0000
0000
0000
0000
0000
0000
0000
0000
0000
0000
0000
0000
0000
0000
0000
0000
0000
0000
0000
0000
0000
0000
0000
0000
0000
0000
0000
0000
0000
0000
0000
0000
0000
00EE
0000
0000
0000
0000
0000
0000
0000
0000
0000
0000
0000
0000
0000
0000
0000
0000
0000
0000
0000
0000
0000
0000
0000
0000
0000
0000
0000
0000
0000
0000
0000
0000
0000
0000
0000
0000
0000
0000
0000
0000
0000
0000
0000
0000
0000
0000
0000
0000
0000
0000
0000
0000
0000
0000
0000
0000
0000
0000
0000
0000
0000
0000
0000
0283
0000
0000
0000
0000
0000
0000
0000
0000
0000
0000
0000
0000
0000
0000
0000
0000
0000
0000
0000
0000
0000
0000
0000
0000
0000
0000
0000
0000
0000
0000
0000
0000
0000
0000
0000
0000
0000
0000
0000
0000
0000
0000
0000
0000
0000
0000
0000
0000
0000
0000
0000
0000
0000
0000
0000
0000
0000
0000
0000
0000
0000
0000
0000
024C
0000
0000
0000
0000
0000
0000
0000
0000
0000
0000
0000
0000
0000
0000
0000
0000
0000
0000
0000
0000
0000
0000
0000
0000
0000
0000
0000
0000
0000
0000
0000
0000
0000
0000
0000
0000
0000
0000
0000
0000
0000
0000
0000
0000
0000
0000
0000
0000
0000
0000
0000
0000
0000
0000
0000
0000
0000
0000
0000
0000
0000
0000
0000
00FB
0000
0000
0000
0000
0000
0000
0000
0000
0000
0000
0000
0000
0000
0000
0000
0000
0000
0000
0000
0000
0000
0000
0000
0000
0000
0000
0000
0000
0000
0000
0000
0000
0000
0000
0000
0000
0000
0000
0000
0000
0000
0000
0000
0000
0000
0000
0000
0000
0000
0000
0000
0000
0000
0000
0000
0000
0000
0000
0000
0000
0000
0000
0000
0337
0000
0000
0000
0000
0000
0000
0000
0000
0000
0000
0000
0000
0000
0000
0000
0000
0000
0000
0000
0000
0000
0000
0000
0000
0000
0000
0000
0000
0000
0000
0000
0000
0000
0000
0000
0000
0000
0000
0000
0000
0000
0000
0000
0000
0000
0000
0000
0000
0000
0000
0000
0000
0000
0000
0000
0000
0000
0000
0000
0000
0000
0000
0000
01A2
0000
0000
0000
0000
0000
0000
0000
0000
0000
0000
0000
0000
0000
0000
0000
0000
0000
0000
0000
0000
0000
0000
0000
0000
0000
0000
0000
0000
0000
0000
0000
0000
0000
0000
0000
0000
0000
0000
0000
0000
0000
0000
0000
0000
0000
0000
0000
0000
0000
0000
0000
0000
0000
0000
0000
0000
0000
0000
0000
0000
0000
0000
0000
0423
0000
0000
0000
0000
0000
0000
0000
0000
0000
0000
0000
0000
0000
0000
0000
0000
0000
0000
0000
0000
0000
0000
0000
0000
0000
0000
0000
0000
0000
0000
0000
0000
0000
0000
0000
0000
0000
0000
0000
0000
0000
0000
0000
0000
0000
0000
0000
0000
0000
0000
0000
0000
0000
0000
0000
0000
0000
0000
0000
0000
0000
0000
0000
0000
0000
0000
0000
0000
0000
0000
0000
0000
0000
0000
0000
0000
0000
0000
0000
0000
0000
0000
0000
0000
0000
0000
0000
0000
0000
0000
0000
0000
0000
0000
0000
0000
0000
0000
0000
0000
0000
0000
0000
0000
0000
0000
0000
0000
0000
0000
0000
0000
0000
0000
0000
0000
0000
0000
0000
0000
0000
0000
0000
0000
0000
0000
0000
0559
0000
0000
0000
0000
0000
0000
0000
0000
0000
0000
0000
0000
0000
0000
0000
0000
0000
0000
0000
0000
0000
0000
0000
0000
0000
0000
0000
0000
0000
0000
0000
0000
0000
0000
0000
0000
0000
0000
0000
0000
0000
0000
0000
0000
0000
0000
0000
0000
0000
0000
0000
0000
0000
0000
0000
0000
0000
0000
0000
0000
0000
0000
0000
0000
0000
0000
0000
0000
0000
0000
0000
0000
0000
0000
0000
0000
0000
0000
0000
0000
0000
0000
0000
0000
0000
0000
0000
0000
0000
0000
0000
0000
0000
0000
0000
0000
0000
0000
0000
0000
0000
0000
0000
0000
0000
0000
0000
0000
0000
0000
0000
0000
0000
0000
0000
0000
0000
0108
0000
0000
0000
0000
0000
0000
0000
0000
0000
03F8
0000
0000
0000
0000
0000
0000
0000
0000
0000
0000
0000
0000
0000
0000
0000
0000
0000
0000
0000
0000
0000
0000
0000
0000
0000
0000
0000
0000
0000
0000
0000
0000
0000
0000
0000
0000
0000
0000
0000
0000
0000
0000
0000
0000
0000
0000
0000
0000
0000
0000
0000
0000
0000
0000
0000
0000
0000
0000
0000
0000
0000
0000
0000
0016
0000
0000
0000
0000
0000
0000
0000
0000
0000
0000
0000
0000
0000
0000
0000
0000
0000
0000
0000
0000
0000
0000
0000
0000
0000
0000
0000
0000
0000
0000
0000
0000
0000
0000
0000
0000
0000
0000
0000
0000
0000
0000
0000
0000
0000
0000
0000
0000
0000
0000
0000
0000
0000
0000
0000
0000
0000
0000
0000
0000
0000
0000
0000
03B6
0000
0000
0000
0000
0000
0000
0000
0000
0000
0000
0000
0000
0000
0000
0000
0000
0000
0000
0000
0000
0000
0000
0000
0000
0000
0000
0000
0000
0000
0000
0000
0000
0000
0000
0000
0000
0000
0000
0000
0000
0000
0000
0000
0000
0000
0000
0000
0000
0000
0000
0000
0000
0000
0000
0000
0000
0000
0000
0000
0000
0000
0000
0000
0230
0000
0000
0000
0000
0000
0000
0000
0000
0000
0000
0000
0000
0000
0000
0000
0000
0000
0000
0000
0000
0000
0000
0000
0000
0049
0000
0000
0000
0000
0000
0000
0000
0000
0000
0000
0000
0000
0000
0000
0000
0000
0000
0000
0000
0000
0000
0000
0000
0000
0000
0000
0000
0000
0000
0000
0000
0000
0000
0000
0000
0000
0000
0000
03BA
0000
0000
0000
0000
0000
0000
0000
0000
0000
0000
0000
0000
0000
0000
0000
0000
0000
0000
0000
0000
0000
0000
0000
0000
0000
0000
0000
0000
0000
0000
0000
0000
0000
0000
0000
0000
0000
0000
0000
0000
0000
0000
0000
0000
0000
0000
0000
0000
0000
0000
0000
0000
0000
0000
0000
0000
0000
0000
0000
0000
0000
0000
0000
01AE
0000
0000
0000
0000
0000
0000
0000
0000
0000
0000
0000
0000
0000
0000
0000
0000
0000
0000
0000
0000
0000
0000
0000
0000
0000
0000
0000
0000
0000
0000
0000
0000
0000
0000
0000
0000
0000
0000
0000
0000
0000
0000
0000
0000
0000
0000
0000
0000
0000
0000
0000
0000
0000
0000
0000
0000
0000
0000
00BC
0000
0000
0000
0000
030C
0000
0000
0000
0000
0000
0000
0000
0000
0000
0000
0000
0000
0000
0000
0000
0000
0000
0000
0000
0000
0000
0000
0000
0000
0000
0000
0000
0000
0000
0000
0000
0000
0000
0000
0000
0000
0000
0000
0000
0000
0000
0000
0000
0000
0000
0000
0000
0000
0000
0000
0000
0000
0000
0000
0000
0000
0000
0000
0000
0000
0000
0000
0000
02CE
0000
0000
0000
0000
0000
0000
0000
0000
0000
0000
0000
0000
0000
0000
0000
0000
0000
0000
0000
0000
0000
0000
0000
0000
0000
0000
0000
0000
0000
0000
0000
0000
0000
0000
0000
0000
0000
0000
0000
0000
0000
0000
0000
0000
0000
0000
0000
0000
0000
0000
0000
0000
0000
0000
0000
0000
0000
0000
0000
0000
0000
0000
0000
0000
0000
0000
0000
0000
0000
0000
0000
0000
0000
0000
0000
0000
0000
0000
0000
0000
0000
0000
0000
0000
0000
0000
0000
0000
0000
0000
0000
0000
0000
0000
0000
0000
0000
0000
0000
0000
0000
0000
0000
0000
0000
0000
0000
0000
0000
0000
0000
0000
0000
0000
0000
0000
0000
0000
0000
0000
0000
0000
0000
0000
0000
0000
0000
020E
0000
0000
0000
0000
0000
0000
0000
0000
0000
0000
0000
0000
0000
0000
0000
0000
0000
0000
0000
0000
0000
0000
0000
0000
0000
0000
0000
0000
0000
0000
0000
0000
0000
0000
0000
0000
0000
0000
0000
0000
0000
0000
0000
0000
0000
0000
0000
0000
0000
0000
0000
0000
0000
0000
0000
0000
0000
0000
0000
0000
0000
0000
0000
045D
0000
0000
0000
0000
0000
0000
0000
0000
0000
0000
0000
0000
0000
0000
0000
0000
0000
0000
0000
0000
0000
0000
0000
0000
0000
0000
0000
0000
0000
0000
0000
0000
0000
0000
0000
0000
0000
0000
0000
0000
0000
0000
0000
0000
0000
0000
0000
0000
0000
0000
0000
0000
0000
0000
0000
0000
0000
0000
0000
0000
0000
0000
0000
020A
0000
0000
0000
0000
0000
0000
0000
0000
0000
0000
0000
0000
0000
0000
0000
0000
0000
0000
0000
0000
0000
0000
0000
0000
0000
0000
0000
0000
0000
0000
0000
0000
0000
0000
0000
0000
0000
0000
0000
0000
0000
0000
0000
0000
0000
0000
0000
0000
0000
0000
0000
0000
0000
0000
0000
0000
0000
0000
0000
0000
0000
0000
0000
0182
0000
0000
0000
0000
0000
0000
0000
0000
0000
0000
0000
0000
0000
0000
0000
0000
0000
0000
0000
0000
0000
0000
0000
0000
0000
0000
0000
0000
0000
0000
0000
0000
0000
0000
0000
0000
0000
0000
0000
0000
0000
0000
0000
0000
0000
0000
0000
0000
0000
0000
0000
0000
0000
0000
0000
0000
0000
0000
0000
0000
0000
0000
0000
0048
0000
0000
0000
0000
0000
0000
0000
0000
0000
0000
0000
0000
0000
0000
0000
0000
0000
0000
0000
0000
0000
0000
0000
0000
0000
0000
0000
0000
0000
0000
0000
0000
0000
0000
0000
0000
0000
0000
0000
0000
0000
0000
0000
0000
0000
0000
0000
0000
0000
0000
0000
0000
0000
0000
0000
0000
00D0
0000
0000
0000
0000
0000
0000
01CE
0000
0000
0000
0000
0000
0000
0000
0000
0000
0000
0000
0000
0000
0000
0000
0000
0000
0000
0000
0000
0000
0000
0000
0000
0000
0000
0000
0000
0000
0000
0000
0000
0000
0000
0000
0000
0000
0000
0000
0000
0000
0000
0000
0000
0000
0000
0000
0000
0000
0000
0000
0000
0000
0000
0000
0000
0000
0000
0000
0000
0000
0000
0000
0000
0000
0000
0000
0000
0000
0000
0000
0000
0000
0000
0000
0000
0000
0000
0000
0000
0000
0000
0000
0000
0000
0000
0000
0000
0000
0000
0000
0000
0000
0000
0000
0000
0000
0000
0000
0000
0000
0000
0000
0000
0000
0000
0000
0000
0000
0000
0000
0000
0000
0000
0000
0000
0000
0000
0000
0000
0000
0000
0000
0000
0000
0000
0000
0288
0000
0000
0000
0000
0000
0000
0000
0000
0000
0000
0000
0000
0000
0000
0000
0000
0000
0000
0000
0000
0000
0000
0000
0000
0000
0000
0000
0000
0000
0000
0000
0000
0000
0000
0000
0000
0000
0000
0000
0000
0000
0000
0000
0000
0000
0000
0000
0000
0000
0000
0000
0000
0000
0000
0000
0000
0000
0000
0000
0000
0000
0000
0000
016C
0000
0000
0000
0000
0000
0000
0000
0000
0000
0000
0000
0000
0000
0000
0000
0000
0000
0000
0000
0000
0000
0000
0000
0000
0000
0000
0000
0000
0000
0000
0000
0000
0000
0000
0000
0000
0000
0000
0000
0000
0000
0000
0000
0000
0000
0000
0000
0000
0000
0000
0000
0000
0000
0000
0000
0000
0000
0000
0000
0000
0000
0000
0000
0602
0000
0000
0000
0000
0000
0000
0000
0000
0000
0000
0000
0000
0000
0000
0000
0000
0000
0000
0000
0000
0000
0000
0000
0000
0000
0000
0000
0000
0000
0000
0000
0000
0000
0000
0000
0000
0000
0000
0000
0000
0000
0000
0000
0000
0000
0000
0000
0000
0000
0000
0000
0000
0000
0000
0000
0000
0000
0000
0000
0000
0000
0000
0000
03C3
0000
0000
0000
0000
0000
0000
0000
0000
0000
0000
0000
0000
0000
0000
0000
0000
0000
0000
0000
0000
0000
0000
0000
0000
0000
0000
0000
0000
0000
0000
0000
0000
0000
0000
0000
0000
0000
0000
0000
0000
0000
0000
0000
0000
0000
0000
0000
0000
0000
0000
0000
0000
0000
0000
0000
0000
0000
0000
0000
0000
0000
0000
0000
017F
0000
0000
0000
0000
0000
0000
0000
0000
0000
0000
0000
0000
0000
0000
0000
0000
0000
0000
0000
0000
0000
0000
0000
0000
0000
0000
0000
0000
0000
0000
0000
0000
0000
0000
0000
0000
0000
0000
0000
0000
0000
0000
0000
0000
0000
0000
0000
0000
0000
0000
0000
0000
0000
0000
0000
0000
0000
0000
0000
0000
0000
0000
0000
01C7
0000
0000
0000
0000
0000
0000
0000
0000
0000
0000
0000
0000
0000
0000
0000
0000
0000
0000
0000
0000
0000
0000
0000
0000
0000
0000
0000
0000
0000
0000
0000
0000
0000
0000
0000
0000
0000
0000
0000
0000
0000
0000
0000
0000
0000
0000
0000
0000
0000
0000
0000
0000
0000
0000
0000
0000
0000
0000
0000
0000
0000
0000
0000
0000
0000
0000
0000
0000
0000
0000
0000
0000
0000
0000
0000
0000
0000
0000
0000
0000
0000
0000
0000
0000
0000
0000
0000
0000
0000
0000
0000
0000
0000
0000
0000
0000
0000
0000
0000
0000
0000
0000
0000
0000
0000
0000
0000
0000
0000
0000
0000
0000
0000
0000
0000
0000
0000
0000
0000
0000
0000
0000
0000
0000
0000
0000
0000
0309
0000
0000
0000
0000
0000
0000
0000
0000
0000
0000
0000
0000
0000
0000
0000
0000
0000
0000
0000
0000
0000
0000
0000
0000
0000
0000
0000
0000
0000
0000
0000
0000
0000
0000
0000
0000
0000
0000
0000
0000
0000
0000
0000
0000
0000
0000
0000
0000
0000
0000
0000
0000
0000
0000
0000
0000
0000
0000
0000
0000
0000
0000
0000
02CB
0000
0000
0000
0000
0000
0000
0000
0000
0000
0000
0000
0000
0000
0000
0000
0000
0000
0000
0000
0000
0000
0000
0000
0000
0000
0000
0000
0000
0000
0000
0000
0000
0000
0000
0000
0000
0000
0000
0000
0000
0000
0000
0000
0000
0000
0000
0000
0000
0000
0000
0000
0000
0000
0000
0000
0000
0000
0000
0000
0000
0000
0000
0000
015C
0000
0000
0000
0000
0000
0000
0000
0000
0000
0000
0000
0000
0000
0000
0000
0000
0000
0000
0000
0000
0000
0000
0000
0000
0000
0000
0000
0000
0000
0000
0000
0000
0000
0000
0000
0000
0000
0000
0000
0000
0000
0000
0000
0000
0000
0000
0000
0000
0000
0000
0000
0000
0000
0000
0000
0000
0000
0000
0000
0000
0000
0000
0000
0200
0000
0000
0000
0000
0000
0000
0000
0000
0000
0000
0000
0000
0000
0000
0000
0000
0000
0000
0000
0000
0000
0000
0000
0000
0000
0000
0000
0000
0000
0000
0000
0000
0000
0000
0000
0000
0000
0000
0000
0000
0000
0000
0000
0000
0000
0000
0000
0000
0000
0000
0000
0000
0000
0000
0000
0000
0000
0000
0000
0000
0000
0000
0000
02D1
0000
0000
0000
0000
0000
0000
0000
0000
0000
0000
0000
0000
0000
0000
0000
0000
0000
0000
0000
0000
0000
0000
0000
0000
0000
0000
0000
0000
0000
0000
0000
0000
0000
0000
0000
0000
0000
0000
0000
0000
0000
0000
0000
0000
0000
0000
0000
0000
0000
0000
0000
0000
0000
0000
0000
0000
0000
0000
0000
0000
0000
0000
0000
0211
0000
0000
0000
0000
0000
0000
0000
0000
0000
0000
0000
0000
0000
0000
0000
0000
0000
0000
0000
0000
0000
0000
0000
0000
0000
0000
0000
0000
0000
0000
0000
0000
0000
0000
0000
0000
0000
0000
0000
0000
0000
0000
0000
0000
0000
0000
0000
0000
0000
0000
0000
0000
0000
0000
0000
0000
0000
0000
0000
0000
0000
0000
0000
039C
0000
0000
0000
0000
0000
0000
0000
0000
0000
0000
0000
0000
0000
0000
0000
0000
0000
0000
0000
0000
0000
0000
0000
0000
0000
0000
0000
0000
0000
0000
0000
0000
0000
0000
0000
0000
0000
0000
0000
0000
0000
0000
0000
0000
0000
0000
0000
0000
0000
0000
0000
0000
0000
0000
0000
0000
0000
0000
0000
0000
0000
0000
0000
0268
0000
0000
0000
0000
0000
0000
0000
0000
0000
0000
0000
0000
0000
0000
0000
0000
0000
0000
0000
0000
0000
0000
0000
0000
0000
0000
0034
0000
0000
0000
0000
0000
0000
0000
0000
0000
0000
0000
0000
0000
0000
0000
0000
0000
0000
0000
0000
0000
0000
0000
0000
0000
0000
0000
0000
0000
0000
0000
0000
0000
0000
0000
0000
028A
0000
0000
0000
0000
0000
0000
0000
0000
0000
0000
0000
0000
0000
0000
0000
0000
0000
0000
0000
0000
0000
0000
0000
0000
0000
0000
0000
0000
0000
0000
0000
0000
0000
0000
0000
0000
0000
0000
0000
0000
0000
0000
0000
0000
0000
0000
0000
0000
0000
0000
0000
0000
0000
0000
0000
0000
0000
0000
0000
0000
0000
0000
0000
00D5
0000
0000
0000
0000
0000
0000
0000
0000
0000
0000
0000
0000
0000
0000
0000
0000
0000
0000
0000
0000
0000
0000
0000
0000
0000
0000
0000
0000
0000
0000
0000
0000
0000
0000
0000
0000
0000
0000
0000
0000
0000
0000
0000
0000
0000
0000
0000
0000
0000
0000
0000
0000
0000
0000
0000
0000
0000
0000
0000
0000
0000
0000
0000
00D8
0000
0000
0000
0000
0000
0000
0000
0000
0000
0000
0000
0000
0000
0000
0000
0000
0000
0000
0000
0000
0000
0000
0000
0000
0000
0000
0000
0000
0000
0000
0000
0000
0000
0000
0000
0000
0000
0000
0000
0000
0000
0000
0000
0000
0000
0000
0000
0000
0000
0000
0000
0000
0000
0000
0000
0000
0000
0000
0000
0000
0000
0000
0000
0373
0000
0000
0000
0000
0000
0000
0000
0000
0000
0000
0000
0000
0000
0000
0000
0000
0000
0000
0000
0000
0000
0000
0000
0000
0000
0000
0000
0000
0000
0000
0000
0000
0000
0000
0000
0000
0000
0000
0000
0000
0000
0000
0000
0000
0000
0000
0000
0000
0000
0000
0000
0000
0000
0000
0000
0000
0000
0000
0000
0000
0000
0000
0000
0576
0000
0000
0000
0000
0000
0000
0000
0000
0000
0000
0000
0000
0000
0000
0000
0000
0000
0000
0000
0000
0000
0000
0000
0000
0000
0000
0000
0000
0000
0000
0000
0000
0000
0000
0000
0000
0000
0000
0000
0000
0000
0000
0000
0000
0000
0000
0000
0000
0000
0000
0000
0000
0000
0000
0000
0000
0000
0000
0000
0000
0000
0000
0000
01AC
0000
0000
0000
0000
0000
0000
0000
0000
0000
0000
0000
0000
0000
0000
0000
0000
0000
0000
0000
0000
0000
0000
0000
0000
0000
0000
0000
0000
0000
0000
0000
0000
0000
0000
0000
0000
0000
0000
0000
0000
0000
0000
0000
0000
0000
0000
0000
0000
0000
0000
0000
0000
0000
0000
0000
0000
0000
0000
0000
0000
0000
0000
0000
0187
0000
0000
0000
0000
0000
0000
0000
0000
0000
0000
0000
0000
0000
0000
0000
0000
0000
0000
0000
0000
0000
0000
0000
0000
0000
0000
0000
0000
0000
0000
0000
0000
0000
0000
0000
0000
0000
0000
0000
0000
0000
0000
0000
0000
0000
0000
0000
0000
0000
0000
0000
0000
0000
0000
0000
0000
0000
0000
0000
0000
0000
0000
0000
0000
0000
0000
0000
0000
0000
0000
0000
0000
0000
0000
0000
0000
0000
0000
0000
0000
0000
0000
0000
0000
0000
0000
0000
0000
0000
0000
0000
0000
0000
0000
0000
0000
0000
0000
0000
0000
0000
0000
0000
0000
0000
0000
0000
0000
0000
0000
0000
0000
0000
0000
0000
0000
0000
0000
0000
0000
0000
0000
0000
0000
0000
0000
0000
0000
0000
0000
0000
0000
0000
0000
0000
0000
0000
0000
0000
0000
0000
0000
0000
0000
0000
0000
0000
0000
0000
0000
0000
0000
0000
0000
0000
0000
0000
0000
0000
0000
0000
0000
0000
0000
0000
0000
0000
0000
0000
0000
0000
0000
0000
0000
0000
0000
0000
0000
0000
0000
0000
0000
0000
0000
0000
0000
0000
0000
0000
0000
0000
0000
0000
0000
0000
0000
0000
0000
0000
0000
0000
0000
0000
0000
0000
0000
0000
0000
0000
0000
0000
0000
0000
0000
0000
0000
0000
0000
0000
0000
0000
0000
0000
0000
0000
0000
0000
0000
0000
0000
0000
0000
0000
0000
0000
0000
0000
0000
0000
0000
0000
0000
0000
0000
0000
0000
0000
0000
0000
0000
0000
0000
0000
0000
0000
0000
0000
0000
0000
0000
0000
0000
0000
0000
0000
0000
0000
0000
0000
0000
0000
0000
0000
0000
0000
0000
0000
0000
0000
0000
0000
0000
0000
0000
0000
0000
0000
0000
0000
0000
0000
0000
0000
0000
0000
0000
0000
0000
0000
0000
0000
0000
0000
0000
0000
0000
0000
0000
0000
0000
0000
0000
0000
0000
0000
0000
0000
0000
0000
0000
0000
0000
0000
0000
0000
0000
0000
0000
0000
0000
0000
0000
0000
0000
0000
0000
0000
0000
0000
0000
0000
0000
0000
0000
0000
0000
0000
0000
0000
0000
0000
0000
0000
0000
0000
0000
0000
0000
0000
0000
0000
0000
0000
0000
0000
0000
0000
0000
0000
0000
0000
0000
0000
0000
0000
0000
0000
0000
0000
0000
0000
0000
0000
0000
0000
0000
0000
0000
0000
0000
0000
0000
0000
0000
0000
0000
0000
0000
0000
0000
0000
0000
0000
0000
0000
0000
0000
0000
0000
0000
0000
0000
0000
0000
0000
0000
0000
0000
0000
0000
0000
0000
0000
0000
0000
0000
0000
0000
0000
0000
0000
0000
0000
0000
0000
0000
0000
0000
0000
0000
0000
0000
0000
0000
0000
0000
0000
0000
0000
0000
0000
0000
0000
0000
0000
0000
0000
0000
0000
0000
0000
0000
0000
0000
0000
0000
0000
0000
0000
0000
0000
0000
0000
0000
0000
0000
0000
0000
0000
0000
0000
0000
0000
0000
0000
0000
0000
0000
0000
0000
0000
0000
0000
0000
0000
0000
0000
0000
0000
0000
0000
0000
0000
0000
0000
0000
0000
0000
0000
0000
0000
0000
0000
0000
0000
0000
0000
0000
0000
0000
0000
0000
0000
0000
0000
0000
0000
0000
0000
0000
0000
0000
0000
0000
0000
0000
0000
0000
0000
0000
0000
0000
0000
0000
0000
0000
0000
0000
0000
0000
0000
0000
0000
0000
0000
0000
0000
0000
0000
0000
0000
0000
0000
0000
0000
0000
0000
0000
0000
0000
0000
0000
0000
0000
0000
0000
0000
0000
0000
0000
0000
0000
0000
0000
0000
0000
0000
0000
0000
0000
0000
0000
0000
0000
0000
0000
0000
0000
0000
0000
0000
0000
0000
0000
0000
0000
0000
0000
0000
0000
0000
0000
0000
0000
0000
0000
0000
0000
0000
0000
0000
0000
0000
0000
0000
0000
0000
0000
0000
0000
0000
0000
0000
0000
0000
0000
0000
0000
0000
0000
0000
0000
0000
0000
0000
0000
0000
0000
0000
0000
0000
0000
0000
0000
0000
0000
0000
0000
0000
0000
0000
0000
0000
0000
0000
0000
0000
0000
0000
0000
0000
0000
0000
0000
0000
0000
0000
0000
0000
0000
0000
0000
0000
0000
0000
0000
0000
0000
0000
0000
0000
0000
0000
0000
0000
0000
0000
0000
0000
0000
0000
0000
0000
0000
0000
0000
0000
0000
0000
0000
0000
0000
0000
0000
0000
0000
0000
0000
0000
0000
0000
0000
0000
0000
0000
0000
0000
0000
0000
0000
0000
0000
0000
0000
0000
0000
0000
0000
0000
0000
0000
0000
0000
0000
0000
0000
0000
0000
0000
0000
0000
0000
0000
0000
0000
0000
0000
0000
0000
0000
0000
0000
0000
0000
0000
0000
0000
0000
0000
0000
0000
0000
0000
0000
0000
0000
0000
0000
0000
0000
0000
0000
0000
0000
0000
0000
0000
0000
0000
0000
0000
0000
0000
0000
0000
0000
0000
0000
0000
0000
0000
0000
0000
0000
0000
0000
0000
0000
0000
0000
0000
0000
0000
0000
0000
0000
0000
0000
0000
0000
0000
0000
0000
0000
0000
0000
0000
0000
0000
0000
0000
0000
0000
0000
0000
0000
0000
0000
0000
0000
0000
0000
0000
0000
0000
0000
0000
0000
0000
0000
0000
0000
0000
0000
0000
0000
0000
0000
0000
0000
0000
0000
0000
0000
0000
0000
0000
0000
0000
0000
0000
0000
0000
0000
0000
0000
0000
0000
0000
0000
0000
0000
0000
0000
0000
0000
0000
0000
0000
0000
0000
0000
0000
0000
0000
0000
0000
0000
0000
0000
0000
0000
0000
0000
0000
0000
0000
0000
0000
0000
0000
0000
0000
0000
0000
0000
0000
0000
0000
0000
0000
0000
0000
0000
0000
0000
0000
0000
0000
0000
0000
0000
0000
0000
0000
0000
0000
0000
0000
0000
0000
0000
0000
0000
0000
0000
0000
0000
0000
0000
0000
0000
0000
0000
0000
0000
0000
0000
0000
0000
0000
0000
0000
0000
0000
0000
0000
0000
0000
0000
0000
0000
0000
0000
0000
0000
0000
0000
0000
0000
0000
0000
0000
0000
0000
0000
0000
0000
0000
0000
0000
0000
0000
0000
0000
0000
0000
0000
0000
0000
0000
0000
0000
0000
0000
0000
0000
0000
0000
0000
0000
0000
0000
0000
0000
0000
0000
0000
0000
0000
0000
0000
0000
0000
0000
0000
0000
0000
0000
0000
0000
0000
0000
0000
0000
0000
0000
0000
0000
0000
0000
0000
0000
0000
0000
0000
0000
0000
0000
0000
0000
0000
0000
0000
0000
0000
0000
0000
0000
0000
0000
0000
0000
0000
0000
0000
0000
0000
0000
0000
0000
0000
0000
0000
0000
0000
0000
0000
0000
0000
0000
0000
0000
0000
0000
0000
0000
0000
0000
0000
0000
0000
0000
0000
0000
0000
0000
0000
0000
0000
0000
0000
0000
0000
0000
0000
0000
0000
0000
0000
0000
0000
0000
0000
0000
0000
0000
0000
0000
0000
0000
0000
0000
0000
0000
0000
0000
0000
0000
0000
0000
0000
0000
0000
0000
0000
0000
0000
0000
0000
0000
0000
0000
0000
0000
0000
0000
0000
0000
0000
0000
0000
0000
0000
0000
0000
0000
0000
0000
0000
0000
0000
0000
0000
0000
0000
0000
0000
0000
0000
0000
0000
0000
0000
0000
0000
0000
0000
0000
0000
0000
0000
0000
0000
0000
0000
0000
0000
0000
0000
0000
0000
0000
0000
0000
0000
0000
0000
0000
0000
0000
0000
0000
0000
0000
0000
0000
0000
0000
0000
0000
0000
0000
0000
0000
0000
0000
0000
0000
0000
0000
0000
0000
0000
0000
0000
0000
0000
0000
0000
0000
0000
0000
0000
0000
0000
0000
0000
0000
0000
0000
0000
0000
0000
0000
0000
0000
0000
0000
0000
0000
0000
0000
0000
0000
0000
0000
0000
0000
0000
0000
0000
0000
0000
0000
0000
0000
0000
0000
0000
0000
0000
0000
0000
0000
0000
0000
0000
0000
0000
0000
0000
0000
0000
0000
0000
0000
0000
0000
0000
0000
0000
0000
0000
0000
0000
0000
0000
0000
0000
0000
0000
0000
0000
0000
0000
0000
0000
0000
0000
0000
0000
0000
0000
0000
0000
0000
0000
0000
0000
0000
0000
0000
0000
0000
0000
0000
0000
0000
0000
0000
0000
0000
0000
0000
0000
0000
0000
0000
0000
0000
0000
0000
0000
0000
0000
0000
0000
0000
0000
0000
0000
0000
0000
0000
0000
0000
0000
0000
0000
0000
0000
0000
0000
0000
0000
0000
0000
0000
0000
0000
0000
0000
0000
0000
0000
0000
0000
0000
0000
0000
0000
0000
0000
0000
0000
0000
0000
0000
0000
0000
0000
0000
0000
0000
0000
0000
0000
0000
0000
0000
0000
0000
0000
0000
0000
0000
0000
0000
0000
0000
0000
0000
0000
0000
0000
0000
0000
0000
0000
0000
0000
0000
0000
0000
0000
0000
0000
0000
0000
0000
0000
0000
0000
0000
0000
0000
0000
0000
0000
0000
0000
0000
0000
0000
0000
0000
0000
0000
0000
0000
0000
0000
0000
0000
0000
0000
0000
0000
0000
0000
0000
0000
0000
0000
0000
0000
0000
0000
0000
0000
0000
0000
0000
0000
0000
0000
0000
0000
0000
0000
0000
0000
0000
0000
0000
0000
0000
0000
0000
0000
0000
0000
0000
0000
0000
0000
0000
0000
0000
0000
0000
0000
0000
0000
0000
0000
0000
0000
0000
0000
0000
0000
0000
0000
0000
0000
0000
0000
0000
0000
0000
0000
0000
0000
0000
0000
0000
0000
0000
0000
0000
0000
0000
0000
0000
0000
0000
0000
0000
0000
0000
0000
0000
0000
0000
0000
0000
0000
0000
0000
0000
0000
0000
0000
0000
0000
0000
0000
0000
0000
0000
0000
0000
0000
0000
0000
0000
0000
0000
0000
0000
0000
0000
0000
0000
0000
0000
0000
0000
0000
0000
0000
0000
0000
0000
0000
0000
0000
0000
0000
0000
0000
0000
0000
0000
0000
0000
0000
0000
0000
0000
0000
0000
0000
0000
0000
0000
0000
0000
0000
0000
0000
0000
0000
0000
0000
0000
0000
0000
0000
0000
0000
0000
0000
0000
0000
0000
0000
0000
0000
0000
0000
0000
0000
0000
0000
0000
0000
0000
0000
0000
0000
0000
0000
0000
0000
0000
0000
0000
0000
0000
0000
0000
0000
0000
0000
0000
0000
0000
0000
0000
0000
0000
0000
0000
0000
0000
0000
0000
0000
0000
0000
0000
0000
0000
0000
0000
0000
0000
0000
0000
0000
0000
0000
0000
0000
0000
0000
0000
0000
0000
0000
0000
0000
0000
0000
0000
0000
0000
0000
0000
0000
0000
0000
0000
0000
0000
0000
0000
0000
0000
0000
0000
0000
0000
0000
0000
0000
0000
0000
0000
0000
0000
0000
0000
0000
0000
0000
0000
0000
0000
0000
0000
0000
0000
0000
0000
0000
0000
0000
0000
0000
0000
0000
0000
0000
0000
0000
0000
0000
0000
0000
0000
0000
0000
0000
0000
0000
0000
0000
0000
0000
0000
0000
0000
0000
0000
0000
0000
0000
0000
0000
0000
0000
0000
0000
0000
0000
0000
0000
0000
0000
0000
0000
0000
0000
0000
0000
0000
0000
0000
0000
0000
0000
0000
0000
0000
0000
0000
0000
0000
0000
0000
0000
0000
0000
0000
0000
0000
0000
0000
0000
0000
0000
0000
0000
0000
0000
0000
0000
0000
0000
0000
0000
0000
0000
0000
0000
0000
0000
0000
0000
0000
0000
0000
0000
0000
0000
0000
0000
0000
0000
0000
0000
0000
0000
0000
0000
0000
0000
0000
0000
0000
0000
0000
0000
0000
0000
0000
0000
0000
0000
0000
0000
0000
0000
0000
0000
0000
0000
0000
0000
0000
0000
0000
0000
0000
0000
0000
0000
0000
0000
0000
0000
0000
0000
0000
0000
0000
0000
0000
0000
0000
0000
0000
0000
0000
0000
0000
0000
0000
0000
0000
0000
0000
0000
0000
0000
0000
0000
0000
0000
0000
0000
0000
0000
0000
0000
0000
0000
0000
0000
0000
0000
0000
0000
0000
0000
0000
0000
0000
0000
0000
0000
0000
0000
0000
0000
0000
0000
0000
0000
0000
0000
0000
0000
0000
0000
0000
0000
0000
0000
0000
0000
0000
0000
0000
0000
0000
0000
0000
0000
0000
0000
0000
0000
0000
0000
0000
0000
0000
0000
0000
0000
0000
0000
0000
0000
0000
0000
0000
0000
0000
0000
0000
0000
0000
0000
0000
0000
0000
0000
0000
0000
0000
0000
0000
0000
0000
0000
0000
0000
0000
0000
0000
0000
0000
0000
0000
0000
0000
0000
0000
0000
0000
0000
0000
0000
0000
0000
0000
0000
0000
0000
0000
0000
0000
0000
0000
0000
0000
0000
0000
0000
0000
0000
0000
0000
0000
0000
0000
0000
0000
0000
0000
0000
0000
0000
0000
0000
0000
0000
0000
0000
0000
0000
0000
0000
0000
0000
0000
0000
0000
0000
0000
0000
0000
0000
0000
0000
0000
0000
0000
0000
0000
0000
0000
0000
0000
0000
0000
0000
0000
0000
0000
0000
0000
0000
0000
0000
0000
0000
0000
0000
0000
0000
0000
0000
0000
0000
0000
0000
0000
0000
0000
0000
0000
0000
0000
0000
0000
0000
0000
0000
0000
0000
0000
0000
0000
0000
0000
0000
0000
0000
0000
0000
0000
0000
0000
0000
0000
0000
0000
0000
0000
0000
0000
0000
0000
0000
0000
0000
0000
0000
0000
0000
0000
0000
0000
0000
0000
0000
0000
0000
0000
0000
0000
0000
0000
0000
0000
0000
0000
0000
0000
0000
0000
0000
0000
0000
0000
0000
0000
0000
0000
0000
0000
0000
0000
0000
0000
0000
0000
0000
0000
0000
0000
0000
0000
0000
0000
0000
0000
0000
0000
0000
0000
0000
0000
0000
0000
0000
0000
0000
0000
0000
0000
0000
0000
0000
0000
0000
0000
0000
0000
0000
0000
0000
0000
0000
0000
0000
0000
0000
0000
0000
0000
0000
0000
0000
0000
0000
0000
0000
0000
0000
0000
0000
0000
0000
0000
0000
0000
0000
0000
0000
0000
0000
0000
0000
0000
0000
0000
0000
0000
0000
0000
0000
0000
0000
0000
0000
0000
0000
0000
0000
0000
0000
0000
0000
0000
0000
0000
0000
0000
0000
0000
0000
0000
0000
0000
0000
0000
0000
0000
0000
0000
0000
0000
0000
0000
0000
0000
0000
0000
0000
0000
0000
0000
0000
0000
0000
0000
0000
0000
0000
0000
0000
0000
0000
0000
0000
0000
0000
0000
0000
0000
0000
0000
0000
0000
0000
0000
0000
0000
0000
0000
0000
0000
0000
0000
0000
0000
0000
0000
0000
0000
0000
0000
0000
0000
0000
0000
0000
0000
0000
0000
0000
0000
0000
0000
0000
0000
0000
0000
0000
0000
0000
0000
0000
0000
0000
0000
0000
0000
0000
0000
0000
0000
0000
0000
0000
0000
0000
0000
0000
0000
0000
0000
0000
0000
0000
0000
0000
0000
0000
0000
0000
0000
0000
0000
0000
0000
0000
0000
0000
0000
0000
0000
0000
0000
0000
0000
0000
0000
0000
0000
0000
0000
0000
0000
0000
0000
0000
0000
0000
0000
0000
0000
0000
0000
0000
0000
0000
0000
0000
0000
0000
0000
0000
0000
0000
0000
0000
0000
0000
0000
0000
0000
0000
0000
0000
0000
0000
0000
0000
0000
0000
0000
0000
0000
0000
0000
0000
0000
0000
0000
0000
0000
0000
0000
0000
0000
0000
0000
0000
0000
0000
0000
0000
0000
0000
0000
0000
0000
0000
0000
0000
0000
0000
0000
0000
0000
0000
0000
0000
0000
0000
0000
0000
0000
0000
0000
0000
0000
0000
0000
0000
0000
0000
0000
0000
0000
0000
0000
0000
0000
0000
0000
0000
0000
0000
0000
0000
0000
0000
0000
0000
0000
0000
0000
0000
0000
0000
0000
0000
0000
0000
0000
0000
0000
0000
0000
0000
0000
0000
0000
0000
0000
0000
0000
0000
0000
0000
0000
0000
0000
0000
0000
0000
0000
0000
0000
0000
0000
0000
0000
0000
0000
0000
0000
0000
0000
0000
0000
0000
0000
0000
0000
0000
0000
0000
0000
0000
0000
0000
0000
0000
0000
0000
0000
0000
0000
0000
0000
0000
0000
0000
0000
0000
0000
0000
0000
0000
0000
0000
0000
0000
0000
0000
0000
0000
0000
0000
0000
0000
0000
0000
0000
0000
0000
0000
0000
0000
0000
0000
0000
0000
0000
0000
0000
0000
0000
0000
0000
0000
0000
0000
0000
0000
0000
0000
0000
0000
0000
0000
0000
0000
0000
0000
0000
0000
0000
0000
0000
0000
0000
0000
0000
0000
0000
0000
0000
0000
0000
0000
0000
0000
0000
0000
0000
0000
0000
0000
0000
0000
0000
0000
0000
0000
0000
0000
0000
0000
0000
0000
0000
0000
0000
0000
0000
0000
0000
0000
0000
0000
0000
0000
0000
0000
0000
0000
0000
0000
0000
0000
0000
0000
0000
0000
0000
0000
0000
0000
0000
0000
0000
0000
0000
0000
0000
0000
0000
0000
0000
0000
0000
0000
0000
0000
0000
0000
0000
0000
0000
0000
0000
0000
0000
0000
0000
0000
0000
0000
0000
0000
0000
0000
0000
0000
0000
0000
0000
0000
0000
0000
0000
0000
0000
0000
0000
0000
0000
0000
0000
0000
0000
0000
0000
0000
0000
0000
0000
0000
0000
0000
0000
0000
0000
0000
0000
0000
0000
0000
0000
0000
0000
0000
0000
0000
0000
0000
0000
0000
0000
0000
0000
0000
0000
0000
0000
0000
0000
0000
0000
0000
0000
0000
0000
0000
0000
0000
0000
0000
0000
0000
0000
0000
0000
0000
0000
0000
0000
0000
0000
0000
0000
0000
0000
0000
0000
0000
0000
0000
0000
0000
0000
0000
0000
0000
0000
0000
0000
0000
0000
0000
0000
0000
0000
0000
0000
0000
0000
0000
0000
0000
0000
0000
0000
0000
0000
0000
0000
0000
0000
0000
0000
0000
0000
0000
0000
0000
0000
0000
0000
0000
0000
0000
0000
0000
0000
0000
0000
0000
0000
0000
0000
0000
0000
0000
0000
0000
0000
0000
0000
0000
0000
0000
0000
0000
0000
0000
0000
0000
0000
0000
0000
0000
0000
0000
0000
0000
0000
0000
0000
0000
0000
0000
0000
0000
0000
0000
0000
0000
0000
0000
0000
0000
0000
0000
0000
0000
0000
0000
0000
0000
0000
0000
0000
0000
0000
0000
0000
0000
0000
0000
0000
0000
0000
0000
0000
0000
0000
0000
0000
0000
0000
0000
0000
0000
0000
0000
0000
0000
0000
0000
0000
0000
0000
0000
0000
0000
0000
0000
0000
0000
0000
0000
0000
0000
0000
0000
0000
0000
0000
0000
0000
0000
0000
0000
0000
0000
0000
0000
0000
0000
0000
0000
0000
0000
0000
0000
0000
0000
0000
0000
0000
0000
0000
0000
0000
0000
0000
0000
0000
0000
0000
0000
0000
0000
0000
0000
0000
0000
0000
0000
0000
0000
0000
0000
0000
0000
0000
0000
0000
0000
0000
0000
0000
0000
0000
0000
0000
0000
0000
0000
0000
0000
0000
0000
0000
0000
0000
0000
0000
0000
0000
0000
0000
0000
0000
0000
0000
0000
0000
0000
0000
0000
0000
0000
0000
0000
0000
0000
0000
0000
0000
0000
0000
0000
0000
0000
0000
0000
0000
0000
0000
0000
0000
0000
0000
0000
0000
0000
0000
0000
0000
0000
0000
0000
0000
0000
0000
0000
0000
0000
0000
0000
0000
0000
0000
0000
0000
0000
0000
0000
0000
0000
0000
0000
0000
0000
0000
0000
0000
0000
0000
0000
0000
0000
0000
0000
0000
0000
0000
0000
0000
0000
0000
0000
0000
0000
0000
0000
0000
0000
0000
0000
0000
0000
0000
0000
0000
0000
0000
0000
0000
0000
0000
0000
0000
0000
0000
0000
0000
0000
0000
0000
0000
0000
0000
0000
0000
0000
0000
0000
0000
0000
0000
0000
0000
0000
0000
0000
0000
0000
0000
0000
0000
0000
0000
0000
0000
0000
0000
0000
0000
0000
0000
0000
0000
0000
0000
0000
0000
0000
0000
0000
0000
0000
0000
0000
0000
0000
0000
0000
0000
0000
0000
0000
0000
0000
0000
0000
0000
0000
0000
0000
0000
0000
0000
0000
0000
0000
0000
0000
0000
0000
0000
0000
0000
0000
0000
0000
0000
0000
0000
0000
0000
0000
0000
0000
0000
0000
0000
0000
0000
0000
0000
0000
0000
0000
0000
0000
0000
0000
0000
0000
0000
0000
0000
0000
0000
0000
0000
0000
0000
0000
0000
0000
0000
0000
0000
0000
0000
0000
0000
0000
0000
0000
0000
0000
0000
0000
0000
0000
0000
0000
0000
0000
0000
0000
0000
0000
0000
0000
0000
0000
0000
0000
0000
0000
0000
0000
0000
0000
0000
0000
0000
0000
0000
0000
0000
0000
0000
0000
0000
0000
0000
0000
0000
0000
0000
0000
0000
0000
0000
0000
0000
0000
0000
0000
0000
0000
0000
0000
0000
0000
0000
0000
0000
0000
0000
0000
0000
0000
0000
0000
0000
0000
0000
0000
0000
0000
0000
0000
0000
0000
0000
0000
0000
0000
0000
0000
0000
0000
0000
0000
0000
0000
0000
0000
0000
0000
0000
0000
0000
0000
0000
0000
0000
0000
0000
0000
0000
0000
0000
0000
0000
0000
0000
0000
0000
0000
0000
0000
0000
0000
0000
0000
0000
0000
0000
0000
0000
0000
0000
0000
0000
0000
0000
0000
0000
0000
0000
0000
0000
0000
0000
0000
0000
0000
0000
0000
0000
0000
0000
0000
0000
0000
0000
0000
0000
0000
0000
0000
0000
0000
0000
0000
0000
0000
0000
0000
0000
0000
0000
0000
0000
0000
0000
0000
0000
0000
0000
0000
0000
0000
0000
0000
0000
0000
0000
0000
0000
0000
0000
0000
0000
0000
0000
0000
0000
0000
0000
0000
0000
0000
0000
0000
0000
0000
0000
0000
0000
0000
0000
0000
0000
0000
0000
0000
0000
0000
0000
0000
0000
0000
0000
0000
0000
0000
0000
0000
0000
0000
0000
0000
0000
0000
0000
0000
0000
0000
0000
0000
0000
0000
0000
0000
0000
0000
0000
0000
0000
0000
0000
0000
0000
0000
0000
0000
0000
0000
0000
0000
0000
0000
0000
0000
0000
0000
0000
0000
0000
0000
0000
0000
0000
0000
0000
0000
0000
0000
0000
0000
0000
0000
0000
0000
0000
0000
0000
0000
0000
0000
0000
0000
0000
0000
0000
0000
0000
0000
0000
0000
0000
0000
0000
0000
0000
0000
0000
0000
0000
0000
0000
0000
0000
0000
0000
0000
0000
0000
0000
0000
0000
0000
0000
0000
0000
0000
0000
0000
0000
0000
0000
0000
0000
0000
0000
0000
0000
0000
0000
0000
0000
0000
0000
0000
0000
0000
0000
0000
0000
0000
0000
0000
0000
0000
0000
0000
0000
0000
0000
0000
0000
0000
0000
0000
0000
0000
0000
0000
0000
0000
0000
0000
0000
0000
0000
0000
0000
0000
0000
0000
0000
0000
0000
0000
0000
0000
0000
0000
0000
0000
0000
0000
0000
0000
0000
0000
0000
0000
0000
0000
0000
0000
0000
0000
0000
0000
0000
0000
0000
0000
0000
0000
0000
0000
0000
0000
0000
0000
0000
0000
0000
0000
0000
0000
0000
0000
0000
0000
0000
0000
0000
0000
0000
0000
0000
0000
0000
0000
0000
0000
0000
0000
0000
0000
0000
0000
0000
0000
0000
0000
0000
0000
0000
0000
0000
0000
0000
0000
0000
0000
0000
0000
0000
0000
0000
0000
0000
0000
0000
0000
0000
0000
0000
0000
0000
0000
0000
0000
0000
0000
0000
0000
0000
0000
0000
0000
0000
0000
0000
0000
0000
0000
0000
0000
0000
0000
0000
0000
0000
0000
0000
0000
0000
0000
0000
0000
0000
0000
0000
0000
0000
0000
0000
0000
0000
0000
0000
0000
0000
0000
0000
0000
0000
0000
0000
0000
0000
0000
0000
0000
0000
0000
0000
0000
0000
0000
0000
0000
0000
0000
0000
0000
0000
0000
0000
0000
0000
0000
0000
0000
0000
0000
0000
0000
0000
0000
0000
0000
0000
0000
0000
0000
0000
0000
0000
0000
0000
0000
0000
0000
0000
0000
0000
0000
0000
0000
0000
0000
0000
0000
0000
0000
0000
0000
0000
0000
0000
0000
0000
0000
0000
0000
0000
0000
0000
0000
0000
0000
0000
0000
0000
0000
0000
0000
0000
0000
0000
0000
0000
0000
0000
0000
0000
0000
0000
0000
0000
0000
0000
0000
0000
0000
0000
0000
0000
0000
0000
0000
0000
0000
0000
0000
0000
0000
0000
0000
0000
0000
0000
0000
0000
0000
0000
0000
0000
0000
0000
0000
0000
0000
0000
0000
0000
0000
0000
0000
0000
0000
0000
0000
0000
0000
0000
0000
0000
0000
0000
0000
0000
0000
0000
0000
0000
0000
0000
0000
0000
0000
0000
0000
0000
0000
0000
0000
0000
0000
0000
0000
0000
0000
0000
0000
0000
0000
0000
0000
0000
0000
0000
0000
0000
0000
0000
0000
0000
0000
0000
0000
0000
0000
0000
0000
0000
0000
0000
0000
0000
0000
0000
0000
0000
0000
0000
0000
0000
0000
0000
0000
0000
0000
0000
0000
0000
0000
0000
0000
0000
0000
0000
0000
0000
0000
0000
0000
0000
0000
0000
0000
0000
0000
0000
0000
0000
0000
0000
0000
0000
0000
0000
0000
0000
0000
0000
0000
0000
0000
0000
0000
0000
0000
0000
0000
0000
0000
0000
0000
0000
0000
0000
0000
0000
0000
0000
0000
0000
0000
0000
0000
0000
0000
0000
0000
0000
0000
0000
0000
0000
0000
0000
0000
0000
0000
0000
0000
0000
0000
0000
0000
0000
0000
0000
0000
0000
0000
0000
0000
0000
0000
0000
0000
0068
0000
019B
0113
00BE
0000
0000
0000
0000
0000
0039
01DF
0090
0000
0000
0000
0000
0000
0000
0000
0000
009F
00DA
0000
0000
006B
0000
0000
0000
0000
0000
0018
0000
0000
0000
00C2
01AC
0000
0000
0000
0000
0000
0000
0000
0000
0000
00AA
00DD
0000
0002
0130
0000
0000
0000
0000
0000
010F
01B2
0000
0000
0000
02D1
0000
0000
0000
0000
0000
0000
0000
0000
0000
0000
0000
0000
0000
0000
0000
0000
0000
0000
0000
0000
0000
0000
0000
0000
0000
012C
0000
0000
0000
0000
0000
0000
0000
0000
0000
0000
0000
0000
0000
0000
0000
0000
0000
0000
0000
0000
0000
0000
0000
0000
0000
0000
0000
0000
0000
0000
0000
0000
0000
0000
0000
0000
0000
007F
0000
0000
0000
0000
0000
0000
0000
0000
0000
0000
0000
0000
0000
0000
0000
0000
0000
0000
0000
0000
0000
0000
0000
0000
0000
0000
0000
0000
0000
0000
0000
0000
0000
0000
0000
0000
0000
0000
0000
0000
0000
0000
0000
0000
0000
0000
0000
0000
0000
0000
0000
0000
0000
0000
0000
0000
0000
0000
0000
0000
0000
0000
0000
0000
0000
0000
0000
0000
0000
0000
0000
0000
0000
0000
0000
0000
0000
0000
0000
0000
0000
0000
0000
0000
0000
0000
0000
0000
0000
0000
0000
0000
0000
0000
0000
0000
0000
0000
0000
0000
0000
0000
0000
0000
0000
0000
0000
0000
0000
0000
0000
0000
0000
0000
0000
0000
0000
0000
0000
0000
0000
0000
0000
0000
0000
0000
0000
0000
0000
0000
0000
0000
0000
0000
0000
0000
0000
0000
0000
0000
0000
0000
0000
0000
0000
0000
0000
0000
0000
0000
0000
0000
0000
0000
0000
0000
0000
0000
0000
0000
0000
0000
0000
0000
0000
0000
0000
0000
0000
0000
0000
0000
0000
0000
0000
0000
0000
0000
0000
0000
0000
0000
0000
0000
0000
0000
0000
0000
0000
0000
0000
0000
0000
0000
0000
0000
0000
0000
0000
0000
0000
0000
0000
0000
0000
0000
0000
0000
0000
0000
0000
0000
0000
0000
0000
0000
0000
0000
0000
0000
0000
0000
0000
0000
0000
0000
0000
0000
0000
0000
0000
0000
0000
0000
0000
0000
0000
0000
0000
0146
0000
0000
0000
0000
0000
0000
0000
0000
0000
0000
0000
0000
0000
0000
0000
007E
0000
0000
0000
0000
0000
0000
0000
0000
0000
0000
0000
0000
0000
0000
0000
0000
0000
0000
0000
0000
0000
0000
0000
0000
0000
0000
0000
0000
0000
0000
0000
0000
0000
0000
0000
0000
0000
0000
0000
0000
0000
0000
0000
0000
0000
0000
0000
0000
0000
0000
0000
0000
0000
0000
0000
0000
0000
0000
0000
0000
0000
0000
0000
004C
0000
0000
0000
0000
0000
0000
0000
0000
0000
0000
0000
0000
0000
0000
0000
0000
0000
0000
0000
0000
0000
0000
0000
0000
0000
0000
0000
0000
0000
0000
0000
0000
0000
0000
0000
0000
0000
0000
0000
0000
0000
0000
0000
0000
0000
0000
0000
0000
0000
0000
0000
0000
0000
0000
0000
0000
0000
0000
0000
0000
0000
0000
0000
0000
0000
0000
0000
0000
0000
0000
0000
0000
0000
0000
0000
0000
0000
0000
0000
0000
0000
0000
0000
0000
0000
0000
0000
0000
0000
0000
0000
0000
0000
0000
0000
0000
0000
0000
0000
0000
0000
0000
0000
0000
0000
0000
0000
0000
0000
0000
0000
0000
0000
0000
0000
0000
0000
0000
0000
0000
0000
0000
0000
0000
0000
0000
0000
0000
0000
0000
0000
0000
0000
0000
0000
0000
0000
0000
0000
0000
0000
0000
0000
0000
0000
0000
0000
0000
0000
0000
0000
0000
0000
0000
0000
0000
0000
0000
0000
0000
0000
0000
0000
0000
0000
0000
0000
0000
0000
0000
0000
0000
0000
0000
0000
0000
0000
0000
0000
0000
0000
0000
0000
0000
0000
0000
0000
0000
0000
0000
0000
00EA
0000
0000
0000
0000
0000
0000
0000
0000
0000
0000
0000
0000
0000
0000
0000
0000
0000
0000
0000
0000
0000
0000
0000
0000
0000
0000
0000
0000
0000
0000
0000
0000
0000
0000
0000
0000
0000
0000
0000
0000
0000
0000
0000
0000
0000
0000
0000
0000
0000
0000
0000
0000
0000
0000
0000
0000
0000
0000
0000
0000
0000
0000
0000
01DD
0000
0000
0000
0000
0000
0000
0000
0000
0000
0000
0000
0000
0000
0000
0000
0000
0000
0000
0000
0000
0000
0000
0000
0000
0000
0000
0000
0000
0000
0000
0000
0000
0000
0000
0000
0000
0000
0000
0000
0000
0000
0000
0000
0000
0000
0000
0000
0000
0000
001B
0000
0039
0000
0000
0000
0000
0000
0000
0000
0000
0000
0000
0000
0000
0000
0000
0000
0000
0000
0000
0000
0000
0000
0000
0000
0000
0000
0000
0000
0000
0000
0000
0000
0000
0000
0000
0000
0000
0000
0000
0000
0000
0000
0000
0000
0000
0000
0000
0000
0000
0000
0000
0000
0000
0000
0000
0000
0000
0000
0000
0000
0000
0000
0000
0000
0000
0000
0000
0000
0000
0000
0000
0000
0000
0000
0000
0000
004B
0000
0000
0000
0000
0000
0000
0000
0000
0000
0000
0000
0000
0000
0000
0000
0000
0000
0000
0000
0000
0000
0000
0000
0000
0000
0000
0000
0000
0000
0000
0000
0000
0000
0000
0000
0000
0000
0000
0000
0000
0000
0000
0000
0000
0000
0000
0000
0000
0000
0000
0000
0000
0000
0000
0000
0000
0000
0000
0000
0000
0000
0000
0000
0000
0000
0000
0000
0000
0000
0000
0000
0000
0000
0000
0000
0000
0000
0000
0000
0000
0000
0000
0000
0000
0000
0000
0000
0000
0000
0000
0000
0000
0000
0000
0000
0000
0000
0000
0000
0000
0000
0000
0000
0000
0000
0000
0000
0000
0000
0000
0000
0000
0000
0000
0000
0000
0000
0000
0000
0000
0000
0000
0000
00DD
0000
0000
0000
0000
0000
0000
0000
0000
0000
0000
0000
0000
0000
0000
0000
0000
0000
0000
0000
0000
0000
0000
0000
0000
0000
0000
0000
0000
0000
0000
0000
0000
0000
0000
0000
0000
0000
0000
0000
0000
0000
0000
0000
0000
0000
0000
0000
0000
0000
0000
0000
0000
0000
0000
0000
0000
0000
0000
0000
0000
0000
0000
0000
0000
0000
0000
0000
0000
0000
0000
0000
0000
0000
0000
0000
0000
0000
0000
0000
0000
0000
0000
0000
0000
0000
0000
0000
0000
0000
0000
0000
0000
0000
0000
0000
0000
0000
0000
0000
0000
0000
0000
0000
0000
0000
0000
0000
0000
0000
0000
0000
0000
0000
0000
0000
0000
0000
0000
0000
0000
0000
0000
0000
0000
0000
0000
0000
0000
0000
0000
0000
0000
0000
0000
0000
0000
0000
0000
0000
0000
0000
0000
0000
0000
0000
0000
0000
0000
0000
0000
0000
0000
0000
0000
0000
0000
0000
0000
0000
0000
0000
0000
0000
0000
0000
0000
0000
0000
0000
0000
0000
0000
0000
0000
0000
0000
0000
0000
0000
0000
0000
0000
0000
0000
0000
0000
0000
0000
0000
0136
0000
0000
0000
0000
0000
0000
0000
0000
0000
0000
0000
0000
0000
0000
0000
0000
0000
0000
0000
0000
0000
0000
0000
0000
0000
0000
0000
0000
0000
0000
0000
0000
0000
0000
0000
0000
0000
0000
0000
0000
0000
0000
0000
0000
0000
0000
0000
0000
0000
0000
0000
0000
0000
0000
0000
0000
0000
0000
0000
0000
0000
0000
0000
0000
0000
0000
0000
0000
0000
0000
0000
0000
0000
0000
0000
0000
0000
0000
0000
0000
0000
0000
0000
0000
0000
0000
0000
0000
0000
0000
0000
0000
0000
0000
0000
0000
0000
0000
0000
0000
0000
0000
0000
0000
0000
0000
0000
0000
0000
0000
0000
0000
0000
0000
0000
0000
0000
0000
0000
0000
0000
0000
0000
0000
0000
0000
0000
0000
0000
0000
0000
0000
0000
01B5
0000
0000
0000
0000
0000
0000
0000
0000
0000
0000
0000
0000
0000
0000
0000
0000
0000
0000
0000
0000
0000
0000
0000
0000
0000
0000
0000
0000
0000
0000
0000
0000
0000
0000
0000
0000
0000
0000
0000
0000
0000
0000
0000
0000
0000
0000
0000
0000
0000
0000
0000
0000
0000
0000
0000
0000
0000
0000
0000
0000
0000
0000
0000
007E
0000
0000
0000
0000
0000
0000
0000
0000
0000
0000
0000
0000
0000
0000
0000
0000
0000
0000
0000
0000
0000
0000
0000
0000
0000
0000
008A
0000
0000
0000
0000
0000
0000
0000
0000
0000
0000
0000
0000
0000
0000
0000
0000
0000
0000
0000
0000
0000
0000
0000
0000
0000
0000
0000
0000
0000
0000
0000
0000
0000
0000
0000
0000
0000
0000
0000
0000
0000
0000
0000
0000
0000
0000
0000
0000
0000
0000
0000
0000
0000
0000
0000
0000
0000
0000
0000
0000
0000
0000
0000
0000
0000
0000
0000
0000
0000
0000
0000
0000
0000
0000
0000
0000
0000
0000
0000
0000
0000
0000
0000
0000
0000
0000
0000
0000
0000
0000
0000
0000
0000
0000
0000
0000
0000
0000
0000
0000
0000
0000
0000
0000
0000
0000
0000
0000
0000
0000
0000
0000
0000
0000
0000
0000
0000
0000
0000
0000
0000
0000
0000
0000
0000
0000
0000
0000
0000
0000
0000
0000
0000
0000
0000
0000
0000
0000
0000
0000
0000
0000
0000
0000
0000
0000
0000
0000
0000
0000
0000
0000
0000
0000
0000
0000
0000
0000
0000
0000
0000
0000
0000
0000
008D
0000
0000
0000
0000
0000
0000
0000
0000
0000
0000
0000
0000
0000
0000
0000
0000
0000
0000
0000
0000
0000
0000
0000
0000
0000
0000
0000
0000
0000
0000
0000
0000
0000
0000
0000
0000
0000
0000
0000
0000
0000
0000
0000
0000
0000
0000
0000
0000
0000
0000
0000
0000
0000
0000
0000
0000
0000
0000
0000
0000
0000
0000
0000
0000
0000
0000
0000
0000
0000
0000
0000
0000
0000
0000
0000
0000
0000
0000
0000
0000
0000
0000
0000
0000
0000
0000
0000
0000
0000
0000
0000
0000
0000
0000
0000
0000
0000
0000
0000
0000
0000
0000
0000
0000
0000
0000
0000
0000
0000
0000
0000
0000
0000
0000
0115
0000
0000
0000
0000
0000
0000
0000
0000
0000
0000
0000
0000
0082
0000
0000
0000
0000
0000
0000
0000
0000
0000
0000
0000
0000
0000
0000
0000
0000
0000
0000
0000
0000
0000
0000
0000
0000
0000
0000
0000
0000
0000
0000
0000
0000
0000
0000
0000
0000
0000
0000
0000
0000
0000
0000
0000
0000
0000
0000
0000
0000
0000
0000
0000
0000
0000
0000
0000
0000
0000
0000
0000
0000
0000
0000
0000
0000
0000
0000
0000
0000
0000
0000
0000
0000
0000
0000
0000
0000
0000
0000
0000
0000
0000
0000
0000
0000
0000
0000
0000
0000
0000
0000
0000
0000
0000
0000
0000
0000
0000
0000
0000
0000
0000
0000
0000
0000
0000
0000
0000
0000
0000
0000
0000
0000
0000
0000
0000
0000
0000
0000
0000
0000
0000
0000
0000
0000
0000
0000
0000
0000
0000
0000
0000
0000
0000
0000
0000
0000
0000
0000
0000
0000
0000
0000
0000
0000
0000
0000
0000
0000
0000
0000
0000
0000
0000
0000
0000
0000
0000
0000
0000
0000
0000
0000
0000
0000
0000
0000
0000
0000
0000
0000
0000
0000
0000
0000
0000
0000
0000
0000
0000
0000
0000
0000
0000
0000
0000
0000
0000
0000
0000
00B9
0000
0000
0000
0000
0000
0000
0000
0000
0000
0000
0000
0000
003B
0000
0000
0000
0000
0000
0000
0000
0000
0000
0000
0000
0000
0000
0000
0000
0000
0000
0000
0000
0000
0000
0000
0000
0000
0000
0000
0000
0000
0000
0000
0000
0000
0000
0000
0000
0000
0000
0000
0000
0000
0000
0000
0000
0000
0000
0000
0000
0000
0000
0000
0000
0000
0000
0000
0000
0000
0000
0000
0000
0000
0000
0000
0000
0000
0000
0000
0000
0000
0000
0000
0000
0000
0000
0000
0000
0000
0000
0000
0000
0000
0000
0000
0000
0000
0000
0000
0000
0000
0000
0000
0000
0000
0000
0000
0000
0000
0000
0000
0000
0000
0000
0000
0000
0000
0000
0000
0000
0000
0000
0000
0000
0000
0000
0000
0000
0000
010F
0000
0000
0000
0000
0000
0000
0000
0000
0000
0000
0000
0000
0000
0000
0000
0000
0000
0000
0000
0000
0000
0000
0000
0000
0000
0000
0000
0000
0000
0000
0000
0000
0000
0000
0000
0000
0000
0000
0000
0000
0000
0000
0000
0000
0000
0000
0000
0000
0000
0000
0000
0000
0000
0000
0000
0000
0000
0000
0000
0000
0000
0000
0000
0144
0000
0000
0000
0000
0000
0000
0000
0000
0000
0000
0000
0000
0000
0000
0000
0000
0000
0000
0000
0000
0000
0000
0000
0000
0000
0000
0000
0000
0000
0000
0000
0000
0000
0000
0000
0000
0000
0000
0000
0000
0000
0000
0000
0000
0000
0000
0000
0000
0000
0000
0000
0000
0000
0000
0000
0000
0000
0000
0000
0000
0000
0000
0000
0000
0000
0000
0000
0000
0000
0000
0000
0000
0000
0000
0000
0000
0000
0000
0000
0000
0000
0000
0000
0000
0000
0000
0000
0000
0000
0000
0000
0000
0000
0000
0000
0000
0000
0000
0000
0000
0000
0000
0000
0000
0000
0000
0000
0000
0000
0000
0000
0000
0000
0000
0000
0000
0000
0000
0000
0000
0000
0000
0000
0000
0000
0000
0000
0000
0000
0000
0000
0000
0000
0000
0000
0141
0000
0000
0000
0000
0000
0000
0000
0000
0000
0000
0000
0000
0000
0000
0000
0000
0000
0000
0000
0000
0000
0000
0000
0000
0000
0000
0000
0000
0000
0000
0000
0000
0000
0000
0000
0000
0000
0000
0000
0000
0000
0000
0000
0000
0000
0000
0000
0000
0000
0000
0000
0000
0000
0000
0000
0000
0000
0000
0000
0000
0000
0000
0000
0000
0000
0000
0000
0000
0000
0000
0000
0000
0000
0000
0000
0000
0000
0000
0000
0000
0000
0000
0000
0000
0000
0000
0000
0000
0000
0000
0000
0000
0000
0000
0000
0000
0000
0000
0000
0000
0000
0000
0000
0000
0000
0000
0000
0000
0000
0000
0000
0000
0000
0000
0000
0000
0000
0000
0000
0000
0000
0000
0000
0000
0000
0000
0000
0000
0000
0000
0000
0000
0000
0000
0000
0000
0000
0000
0000
0000
0000
0000
0000
0000
0000
0000
0000
0000
0000
0000
0000
0000
0000
0000
0000
0000
0000
0000
0000
0000
0000
0000
0000
0000
0000
0000
0000
0000
0000
0000
0000
0000
0000
0000
0000
0000
0000
0000
0000
0000
0000
0000
0000
0000
0000
0000
0000
0000
0000
0000
0000
0000
0000
0000
0000
0000
0000
0000
0000
0000
0000
0000
0000
0000
0000
0000
0000
0000
0000
0000
0000
0000
0000
0000
0000
0000
0000
0000
0000
0000
0000
0000
0000
0000
0000
0000
0000
0000
0000
0000
0000
0000
0000
0000
0000
0000
0000
0000
0000
0000
0000
0000
0000
0000
0000
0000
0000
020F
0000
0000
0000
0000
0000
0000
0000
0000
0000
0000
0000
0000
0000
0000
0000
0000
0000
0000
0000
0000
0000
0000
0000
0000
0000
0000
0000
0000
0000
0000
0000
0000
0000
0000
0000
0000
0000
0000
0000
0000
0000
0000
0000
0000
0000
0000
0000
0000
0000
0000
0000
0000
0000
0000
0000
0000
0000
0000
0000
0000
0000
0000
0000
0000
0000
0000
0000
0000
0000
0000
0000
0000
0000
0000
0000
0000
0000
0000
0000
0000
0000
0000
0000
0000
0000
0000
0000
0000
0000
0000
0000
0000
0000
0000
0000
0000
0000
0000
0000
0000
0000
0000
0000
0000
0000
0000
0000
0000
0000
0000
0000
0000
0000
0000
0000
0000
0000
0000
0000
0000
0000
0000
0000
0000
0000
0000
0000
0000
0000
0000
0000
0000
0000
0000
0000
0000
0000
0000
0000
0000
0000
0000
0000
0000
0000
0000
0000
0000
0000
0000
0000
0000
0000
0000
0000
0000
0000
0000
0000
0000
0000
0000
0000
0000
0000
0000
0000
0000
0000
0000
0000
0000
0000
0000
0000
0000
0000
0000
0000
0000
0000
0000
0000
0000
0000
0000
0000
0000
0000
0000
0000
0000
0000
0000
0000
0000
0000
0000
0000
0000
0000
0000
0000
0000
0000
0000
0000
0000
0000
0000
0000
0000
0000
0000
0000
0000
0000
0000
0000
0000
0000
0000
0000
0000
0000
0000
0000
0000
0000
0000
0000
0000
0000
0000
0000
0000
0000
0000
0000
0000
0000
0000
0000
0000
0000
0000
0000
0000
0000
0000
0000
0000
0000
0000
0000
0000
0000
0000
0000
0000
0000
0000
0000
0000
0000
0000
0000
0000
0000
0000
0000
0000
0000
0000
0000
0000
0000
0000
0000
0000
0000
0000
0000
0000
0000
0000
0000
0000
0000
0000
0000
0000
0000
0000
0000
0000
0000
0000
0000
0000
0000
0000
0000
0000
0000
0000
0000
0000
0000
0000
0000
0000
0000
0000
0000
0000
0000
0000
0000
0000
0000
0000
0000
0000
0000
0000
0000
0000
0000
0000
0000
0000
0000
0000
0000
0000
0000
0000
0000
0000
0000
0000
0000
0000
0000
0000
0000
0000
0000
0000
0000
0000
0000
0000
0000
0000
0000
0000
0000
0000
0000
0000
0000
0000
0000
0000
0000
0000
0000
0000
0000
0000
0000
0000
0000
0000
0000
0000
0000
0000
0000
0000
0000
0000
0000
0000
0000
0000
0000
0000
0000
0000
0000
0000
0000
0000
0000
0000
0000
0000
0000
0000
0000
0000
0000
0000
0000
0000
0000
0000
0000
0000
0000
0000
0000
0000
0000
0000
0000
0000
0000
0000
0000
0000
0000
0000
0000
0000
0000
0000
0000
0000
0000
0000
0000
0000
0000
0000
0000
0000
0000
0000
0000
0000
0000
0000
0000
0000
0000
0000
0000
0000
0000
0000
0000
0000
0000
0000
0000
0000
0000
0000
0000
0000
0000
0000
0000
0000
0000
0000
0000
0000
0000
0000
0000
0000
0000
0000
0000
0000
0000
0000
0000
0000
0000
0000
0000
0000
0000
0000
0000
0000
0000
0000
0000
0000
0000
0000
0000
0000
0000
0000
0000
0000
0000
0000
0000
0000
0000
0000
0000
0069
0000
0000
0000
0000
0000
0000
0000
0000
0000
0000
0000
0000
0000
0000
0000
0000
0000
0000
0000
0000
0000
0000
0000
0000
0000
0000
0000
0000
0000
0000
0000
0000
0000
0000
0000
0000
0000
0000
0000
0000
0000
0000
0000
0000
0000
0000
0000
0000
0000
0000
0000
0000
0000
0000
0000
0000
0000
0000
0000
0000
0000
0000
0000
0000
0000
0000
0000
0000
0000
0000
0000
0000
0000
0000
0000
0000
0000
0000
0000
0000
0000
0000
0000
0000
0000
0000
0000
0000
0000
0000
0000
0000
0000
0000
0000
0000
0000
0000
0000
0000
0000
0000
0000
0000
0000
0000
0000
0000
0000
0000
0000
0000
0000
0000
0000
0000
0000
0000
0000
0000
0000
0000
0000
0000
0000
0000
0000
0000
0000
0000
0000
0000
0000
0000
0000
0000
0000
0000
0000
0000
0000
0000
0000
0000
0000
0000
0000
0000
0000
0000
0000
0000
0000
0000
0000
0000
0000
0000
0000
0000
0000
0000
0000
0000
0000
0000
0000
0000
0000
0000
0000
0000
0000
0000
0000
0000
0000
0000
0000
0000
0000
0000
0000
0000
0000
0000
0000
0000
0000
0000
0000
0000
0000
0000
0000
0000
0000
0000
0000
0000
0000
0000
0000
0000
0000
0000
0000
0000
0000
0000
0000
0000
0000
0000
0000
0000
0000
0000
0000
0000
0000
0000
0000
0000
0000
0000
0000
0000
0000
0000
0000
0000
0000
0000
0000
0000
0000
0000
0000
0000
0000
0000
0000
0000
0000
0000
0000
0000
0000
0000
0000
0000
0000
0000
0000
01FD
0000
0000
0000
0000
0000
0000
0000
0000
0000
0000
0000
0000
0000
0000
0000
0000
0000
0000
0000
0000
0000
0000
0000
0000
0000
0000
0000
0000
0000
0000
0000
0000
0000
0000
0000
0000
0000
0000
0000
0000
0000
0000
0000
0000
0000
0000
0000
0000
0000
0000
0000
0000
0000
0000
0000
0000
0000
0000
0000
0000
0000
0000
0000
0000
0000
0000
0000
0000
0000
0000
0000
0000
0000
0000
0000
0000
0000
0000
0000
0000
0000
0000
0000
0000
0000
0000
0000
0000
0000
0000
0000
0000
0000
0000
0000
0000
0000
0000
0000
0000
0000
0000
0000
0000
0000
0000
0000
0000
0000
0000
0000
0000
0000
0000
0000
0000
0000
0000
0000
0000
0000
0000
0000
0000
0000
0000
0000
0000
0000
0000
0000
0000
0000
0000
0000
0000
0000
0000
0000
0000
0000
0000
0000
0000
0000
0000
0000
0000
0000
0000
0000
0000
0000
0000
0000
0000
0000
0000
0000
0000
0000
0000
0000
0000
0000
0000
0000
0000
0000
0000
0000
0000
0000
0000
0000
0000
0000
0000
0000
0000
0000
0000
0000
0000
0000
0000
0000
0000
0000
0000
0000
0000
0000
0000
0000
0000
0000
0000
0000
0000
0000
0000
0000
0000
0000
0000
0000
0000
0000
0000
0000
0000
0000
0000
0000
0000
0000
0000
0000
0000
0000
0000
0000
0000
0000
0000
0000
0000
0000
0000
0000
0000
0000
0000
0000
0000
0000
0000
0000
0000
0000
0000
0000
0000
0000
0000
0000
0000
0000
0000
0000
0000
0000
0000
0000
0000
0000
0000
0000
0000
0000
0000
0000
0000
0000
0000
0000
0000
0000
0000
0000
0000
0000
0000
0000
0000
0000
0000
0000
0000
0000
0000
0000
0000
0000
0000
0000
0000
0000
0000
0000
0000
0000
0000
0000
0000
0000
0000
0000
0000
0000
0000
0000
0000
0000
0000
0000
0000
0000
0000
0000
0000
0000
0000
0000
0000
0000
0000
0000
029F
0000
0000
0000
0000
0000
0000
0000
0000
0000
0000
0000
0000
0000
0000
0000
0000
0000
0000
0000
0000
0000
0000
0000
0000
0000
0000
0000
0000
0000
0000
0000
0000
0000
0000
0000
0000
0000
0000
0000
0000
0000
0000
0000
0000
0000
0000
0000
0000
0000
0000
0000
0000
0000
0000
0000
0000
0000
0000
0000
0000
0000
0000
0000
018A
0000
0000
0000
0000
0000
0000
0000
0000
0000
0000
0000
0000
0000
0000
0000
0000
0000
0000
0000
0000
0000
0000
0000
0000
0000
0000
0000
0000
0000
0000
0000
0000
0000
0000
0000
0000
0000
0000
0000
0000
0000
0000
0000
0000
0000
0000
0000
0000
0000
0000
0000
0000
0000
0000
0000
0000
0000
0000
0000
0000
0000
0000
0000
0000
0000
0000
0000
0000
0000
0000
0000
0000
0000
0000
0000
0000
0000
0000
0000
0000
0000
0000
0000
0000
0000
0000
0000
0000
0000
0000
0000
0000
0000
0000
0000
0000
0000
0000
0000
0000
0000
0000
0000
0000
0000
0000
0000
0000
0000
0000
0000
0000
0000
0000
0000
0000
0000
0000
0000
0000
0000
0000
0000
0000
0000
0000
0000
0000
0000
0000
0000
0000
0000
0000
0000
0000
0000
0000
0000
0000
0000
0000
0000
0000
0000
0000
0000
0000
0000
0000
0000
0000
0000
0000
0000
0000
0000
0000
0000
0000
0000
0000
0000
0000
0000
0000
0000
0000
0000
0000
0000
0000
0000
0000
0000
0000
0000
0000
0000
0000
0000
0000
0000
0000
0000
0000
0000
0000
0000
0000
0000
0000
0000
0000
0000
0000
0027
0000
0000
0000
0000
0000
0000
0000
0000
0000
0000
0000
0000
0000
0000
0000
0000
0000
0000
0000
0000
0000
0000
0000
0000
0000
0000
0000
0000
0000
0000
0000
0000
0000
0000
0000
0000
0000
0000
0000
0000
0000
0000
0000
0000
0000
0000
0000
0000
0000
0000
0000
0000
0000
0000
0000
0000
0000
0000
0000
0000
0000
0000
0000
0000
0000
0000
0000
0000
0000
0000
0000
0000
0000
0000
0000
0000
0000
0000
0000
0000
0000
0000
0000
0000
0000
0000
0000
0000
0000
0000
0000
0000
0000
0000
0000
0000
0000
0000
0000
0000
0000
0000
0000
0000
0000
0000
0000
0000
0000
0000
0000
0000
0000
0000
0000
0000
0000
0000
0000
0000
0000
0000
0032
0000
0000
0000
0000
0000
0000
0000
0000
0000
0000
0000
0000
0000
0000
0000
0000
0000
0000
0000
0000
0000
0000
0000
0000
0000
0000
0000
0000
0000
0000
0000
0000
0000
0000
0000
0000
0000
0000
0000
0000
0000
0000
0000
0000
0000
0000
0000
0000
0000
0000
0000
0000
0000
0000
0000
0000
0000
0000
0000
0000
0000
0000
0000
0000
0000
0000
0000
0000
0000
0000
0000
0000
0000
0000
0000
0000
0000
0000
0000
0000
0000
0000
0000
0000
0000
0000
0000
0000
0000
0000
0000
0000
0000
0000
0000
0000
0000
0000
0000
0000
0000
0000
0000
0000
0000
0000
0000
0000
0000
0000
0000
0000
0000
0000
0000
0000
0000
0000
0000
0000
0000
0000
0000
0000
0000
0000
0000
0000
0000
0000
0000
0000
0000
0000
0000
0000
0000
0000
0000
0000
0000
0000
0000
0000
0000
0000
0000
0000
0000
0000
0000
0000
0000
0000
0000
0000
0000
0000
0000
0000
0000
0000
0000
0000
0000
0000
0000
0000
0000
0000
0000
0000
0000
0000
0000
0000
0000
0000
0000
0000
0000
0000
0000
0000
0000
0000
0000
0000
0000
0000
0000
0000
0000
0000
0000
0000
0000
0000
0000
0000
0000
0000
0000
0000
0000
0000
0000
0000
0000
0000
0000
0000
0000
0000
0000
0000
0000
0000
0000
0000
0000
0000
0000
0000
0000
0000
0000
0000
0000
0000
0000
0000
0000
0000
0000
0000
0000
0000
0000
0000
0000
0000
0000
0000
0000
0000
0000
0000
0000
0000
0000
0000
0000
0000
0000
0000
04F6
06C6
0507
0803
05C7
06FD
0490
0682
06D9
0559
089B
05AF
0456
05AE
039B
0660
04D7
04E4
03E2
05C7
039E
0585
057E
079C
0528
0753
062A
03C6
04DF
02D0
0329
034B
0516
034B
0407
077F
01DD
0526
0546
04BE
05AD
06D6
06F8
03E6
0656
0431
0700
03F9
044F
0763
0383
05B4
040E
060C
05BE
04BC
0417
0746
053E
0532
07D2
053D
0513
032C
0011
0415
02A6
0490
041D
052A
04B9
0671
040D
0826
01F6
0336
02FF
007D
0191
0480
03A0
0262
0506
097C
06E7
0495
0657
0222
0862
06F4
0765
0548
08D1
05A6
0727
03AD
02C8
0337
0252
0771
0208
0661
04EE
042C
060F
03F1
0430
02B5
027F
02C8
02E1
05DE
0693
090C
0672
0A46
04CE
072E
06AB
0C11
05D5
06B4
03B9
04FD
0409
06DC
06C1
04BD
0314
064A
06B4
04E0
0509
039C
0897
036F
0522
05D6
03DB
05E5
0610
0632
0521
019E
040F
0610
0600
03A2
08EF
0715
0655
088D
07B2
036B
06F1
0760
02D3
03BB
023C
0235
0000
06F4
00DB
063E
00DB
02B1
029E
072D
05BE
0152
05D9
042E
0559
063F
01E1
0266
0224
0742
02ED
0348
04A2
03CA
0516
075C
04CF
0677
0758
0863
02C5
02F1
00C6
0000
038A
0713
02AA
04B1
07FA
03AF
04B9
01ED
06B2
0498
024E
07E3
012E
06C4
080C
0605
06D5
03C0
05E6
074E
0519
05BE
05C3
0645
0681
00F8
05F8
02BC
0626
0330
0000
064B
0300
07BE
010B
065D
05D6
030F
0527
0302
02FE
03EB
0530
030C
0617
0000
0241
0570
03A7
033D
07B0
040D
029F
0511
0490
06E1
01D1
022E
057A
04BC
0657
0665
023D
0000
01DA
03AB
0505
0192
0422
0695
062F
0648
032C
05F8
07FF
05E0
071F
07C2
0279
035C
03C3
0422
0406
0319
0705
07EB
078F
05D6
0522
0A08
07CD
09F8
0902
0397
03DC
0381
033F
0889
072A
0232
05E7
084F
048C
05B3
03D0
059A
08C0
0861
0989
0461
0694
077B
05D6
0153
0207
0608
084F
05BC
0531
02C5
06F0
0098
056F
0523
0790
038F
05F7
02A2
04D4
0749
0580
0468
0799
0391
023B
0729
05D2
0544
051B
0514
0474
0399
0734
05F6
0540
067E
046E
0361
0314
071E
0401
047B
011E
07CE
035A
071B
0785
03EA
071A
0580
0708
0254
068A
0616
0707
02D5
0000
0594
05E5
0559
0518
0431
037C
045D
0615
00BB
0012
0459
0616
00AD
00DF
034F
01F5
0226
0544
0292
0249
00F5
02D7
0366
02F7
00C1
030C
0000
01CB
0000
0635
04B8
06B3
0351
0446
04A8
0000
0033
05A0
039A
05CB
02E5
04AC
0000
0427
020C
0659
0429
07B2
063A
066A
023E
00C6
036A
0781
06C2
071E
04AE
0D18
062D
068C
0454
049C
07CC
0328
0298
05CA
07BD
039C
02C0
0513
04C7
022E
07AD
022C
0295
02EF
0738
0041
017D
06E1
02F5
048E
02C4
061E
019D
045E
094E
04B1
01BD
0605
04DB
06BF
0448
019C
0310
0009
02F1
0514
0197
0864
04AD
02FF
00D4
0425
0053
0661
03F3
093E
0639
0A7D
042C
0A1C
0627
06B8
06C8
06AF
0304
079C
041C
0281
0103
0667
0592
0552
096E
0577
033B
0182
042D
055C
0302
0682
0A0E
03C0
0B43
069E
07F2
04CC
09D3
0604
06B5
026D
024A
06D1
04BC
03B2
0000
0295
05C4
088C
0755
04D7
0109
0291
033E
0289
02A2
04CC
0493
03BC
0573
021B
057F
056A
055D
07F2
0684
07A1
0210
05F0
0226
047C
052C
0229
0000
074A
03A0
084E
0373
0743
05B7
0441
036B
0020
0679
00C5
0554
043C
0893
0610
0464
05EA
02BD
051F
032A
0235
04F9
00BA
0607
06CF
08A4
04F1
03EA
0189
0271
023E
074E
06F0
0551
04D5
05AC
08EC
06D6
07F6
0619
0312
0000
05A3
0AFD
06CA
0386
01F1
044D
04E9
09FB
038A
08E1
04A3
0352
05A9
05D6
0A4E
025D
074A
05B4
0580
0350
02FD
054B
067F
0390
0AB5
046A
069D
076A
0079
05E1
035F
036D
03A3
076B
0415
0437
05CB
0000
032D
0340
02DE
061F
03F2
050A
03C1
04FC
0127
0000
06C8
001F
0701
018E
006F
027A
0730
0884
05D7
01B2
015D
034A
04D6
020E
02AA
0000
0000
03C9
0000
0260
02AD
05D3
072B
0544
0648
086C
0343
088A
0583
0248
0945
03DB
040B
0406
0689
05F8
05D9
06FE
02A8
0513
0365
0421
0159
0544
0195
0C1F
05AB
0834
0000
075C
0940
064A
0711
05FC
0319
0483
01A3
00BE
01A0
07A6
0797
0472
08B0
0252
0588
02B5
083F
03C4
0A4E
0439
0189
050E
0472
0A07
0358
0400
0332
0165
04BC
0354
0237
07DC
04D2
0121
0914
04A5
0531
0586
03CA
06E4
0522
0200
0510
0628
0495
0381
02C8
064D
0651
0C3B
0524
051B
04A5
086C
0223
05CE
034E
080C
07BC
0851
03A7
067A
03C0
03DF
074B
0594
03D2
07BA
04CA
052E
04F7
01FE
0559
077A
04BC
0000
093D
048A
0AFA
02BC
087A
059A
0563
04A4
0367
0400
0000
0402
03B1
094F
01EB
07CF
01AC
0302
03EB
07B8
06AE
0682
0205
032A
0481
04E4
07AA
040E
046B
0114
045E
0824
024E
0A8D
03C3
0768
06A1
030E
0325
04B4
04BF
0A1F
0704
0A25
0586
0954
0625
03B3
036D
02C3
01F4
070C
0629
06BA
070A
0823
0599
047D
0221
0042
04CD
00BC
0466
03E1
0451
020C
040E
052B
05C6
05DF
0395
06D8
0528
0466
0528
0253
0341
009D
0330
03A3
054C
01EC
02A0
078E
043F
0612
0434
02D3
022B
0671
041E
028B
0492
0756
072C
06CD
01B5
0701
058E
0757
059A
00DC
06FF
0017
0694
0550
017F
0402
050F
0379
04CE
00EA
042B
0061
0155
0271
0532
0564
0660
033D
02C2
0000
061D
0650
057C
04EA
03F7
0595
056E
08A8
03D8
034B
02AC
0404
039F
02E9
0000
054E
04E0
0512
0712
03C3
0506
03EB
04BC
0263
03B5
01B9
04DB
03F6
0308
060F
0534
0A9F
078D
04A9
069E
0462
0370
0240
02A2
0208
00BC
01FF
04BD
0396
0A1D
037F
09B6
0365
0610
0246
08A1
02A1
0674
056E
07C9
00B5
0940
065F
0408
07F5
0375
05FD
073A
0418
0211
04F6
042D
0423
0042
0443
0199
07A3
04E9
08B0
05C5
0921
0457
0546
08AB
018D
02C2
028C
0720
05CA
0632
03D5
0A27
02B3
07C5
04D5
0409
079D
04DD
0607
010E
0132
02BE
0516
079A
092E
0812
002E
090A
04DE
0AB7
0558
0A7F
07DA
087E
03E3
0650
0000
054A
00F1
0597
0379
06C7
02DE
011A
0353
051E
0716
06F9
0527
035C
0583
0153
07A2
06D4
08A2
06DA
06F9
0650
0680
0225
0633
034E
052E
0328
0085
06D9
054E
08DD
0231
0918
0589
0682
03EA
03BF
061E
01B8
0000
036D
083E
0565
04BB
0491
033E
029D
060C
0691
0634
055F
02B5
01E2
03D8
0695
0000
063D
02F5
0539
0270
0316
06F1
0539
0982
09A7
0486
05A5
067B
0601
0815
01FF
0572
0302
06CC
023C
056C
0466
07FB
04B0
0707
0517
09BE
01E5
04F4
0292
0358
047A
04C2
0641
02EB
0117
041A
0590
02D8
0740
07B8
0524
04F8
0692
03F6
03F4
081D
0533
0000
0587
02B1
04D3
07D3
076D
040E
004A
00F7
0310
03C5
0446
0460
053B
0250
0303
0A66
0590
01AC
0721
06D8
0339
04EF
06D9
0404
0527
01B6
069B
0542
0596
05C4
0000
0681
0597
0746
03CC
04E8
06D6
05F3
074F
0673
0246
0513
04B7
0741
08FA
096A
0251
03ED
05E5
05D2
07D3
035D
0514
0177
0805
0587
04BF
02D4
0293
0000
061C
010F
04F7
0036
0000
0739
004E
0000
0378
07AF
06BC
01E8
04B2
076F
05EA
056D
01A8
0B2C
03DD
0801
01F5
06C7
00E2
0332
06D6
04A2
0558
01E0
0204
00ED
03F8
03DD
03B2
00FD
068A
05A2
0292
026B
06AC
04F5
04C8
0622
04BF
059A
0655
03E3
044C
04DE
0558
05CA
04D8
0613
0546
05FC
0844
03B6
0241
0468
0225
05DC
03DB
0326
067B
057A
075E
05A5
0405
0000
01B0
0874
0659
04FF
05B3
0091
03C4
0220
0656
0396
02AE
0520
027C
084B
01C8
063A
03E0
08F0
0633
05DA
028D
023A
07D7
0616
049D
003B
0000
017F
0995
02F1
08AA
06CF
08AA
0553
052B
04BD
07DE
00EC
02FF
0000
00CA
045B
07AF
0224
047C
034D
0550
0165
01E8
0562
01D7
03AF
0308
0744
04E2
06C2
053C
046A
0893
04E4
08A7
02C1
0520
0039
0000
0279
0312
01CA
0679
056E
0607
0000
03CC
03E0
01F0
064A
06F2
08B6
00D0
03E6
0464
0665
02D5
061F
045A
0035
0644
0353
0747
0672
0AA8
0B53
067D
05DB
0272
04B7
0432
03D0
052B
031D
03AE
04E5
06A9
0691
0884
0443
0704
01BD
0466
03BC
0847
015D
054F
065B
0819
0591
088B
0558
0047
01B3
04DD
057A
0738
0458
069F
010E
0452
0000
041C
06D6
0485
022B
03BE
0000
04D1
060F
03E0
036A
02D3
06E1
0214
0391
04A3
0460
0483
078C
03C8
04A0
0905
0515
057B
0484
0233
0023
0000
04E6
029F
058D
0328
0752
024C
02EE
0154
0568
048E
0318
0160
0631
0571
0509
01EC
0148
0740
0181
08F5
01EB
0654
0293
0891
06E6
0423
01C7
0335
0397
0335
04A3
0216
032E
035C
0550
04F0
0104
0078
032D
05BC
0434
0751
068B
051E
05DA
0370
046E
01E1
029C
02D3
01A1
048B
02CD
05CE
04BE
01F9
03E6
039B
0388
03C1
020A
055F
05B1
07F9
0669
034F
03C4
00F7
06DC
0544
0833
02E7
0558
02F3
0886
018B
0803
07E8
0733
0248
04CB
0544
04CE
024F
0577
04B8
0190
04C4
0135
0185
044D
03D2
04B8
076F
041D
04DD
055C
066E
06EC
01BB
0000
05C4
050C
05D1
03BD
0000
0766
0297
0589
0112
0731
0377
03D0
0584
0504
0A81
05E8
03D4
04CF
0856
0356
08A1
036E
0312
03B6
052D
05DD
05EE
0464
00A1
062E
068E
0472
086F
0752
0000
06E6
00DF
087E
02A9
08A8
0400
0930
05BE
08E4
036E
0281
001E
0806
02DD
0ABD
02C8
0566
023B
0453
05C1
04AD
03EE
010A
025F
0532
04D2
01E2
0000
0000
0000
07D0
03A1
03D8
0218
0509
017D
041A
025A
0584
02F5
0581
02F4
03F8
060D
029C
06AF
0381
0505
0000
0693
058F
069E
0461
049B
031D
031A
0112
0A4E
0608
037F
004B
0356
06AA
0757
07B5
0423
09E4
039A
059B
04E2
039E
005F
041B
0480
0860
03A5
0C33
0465
087D
0132
084B
05FA
0835
08AF
045B
08D7
05C0
06D2
0676
08BE
0778
0651
041D
03A8
0402
04E4
0119
0000
0595
06D4
0274
0270
03FC
0344
0288
00DF
0231
0354
0292
0441
0740
069F
0602
042F
0353
02E4
009C
0510
05C8
023C
00F1
0127
0397
05CC
0831
0819
02DB
0720
0422
03BA
0413
0229
00A3
02D3
053A
04F4
0540
012B
0461
011F
0257
01B6
03E5
0297
0514
0000
01E1
0630
00F7
016B
023E
0861
06D2
0249
03EB
03CB
02DE
0329
091A
019F
0962
02A3
02E8
0411
046A
0445
0547
0079
023B
0391
01FE
0428
0712
06B1
03B7
03B3
01FF
0528
07C6
060B
0253
018B
0129
00CE
03F2
07A6
03D2
0434
015D
05DA
02E8
077D
0399
0933
05F1
074E
02F3
0000
0236
04C7
010C
0344
0482
04FB
04AB
04C1
04A7
07B3
0700
06F6
01B3
05E7
0124
0820
0682
0687
00AF
032D
0077
0244
0000
022E
0777
0378
043C
03D5
0749
0508
06B9
0372
078B
0551
03C5
01C9
00F2
0555
0319
0320
0356
0388
06C2
05CA
0318
0083
0293
0798
0639
05D3
03D4
0013
0588
0840
04AB
065F
0000
01BC
015D
088F
06C6
06D6
0776
05BC
082E
0050
05B1
0754
02FC
00A1
01B7
07F5
03BB
04AD
024A
058C
00F3
0794
03F7
0324
0580
084E
0410
03C9
037A
060A
0000
04DA
0948
031F
08F6
01AC
0393
02C4
07C6
0740
06EF
0670
0571
0934
0824
084A
0694
0546
00B8
06AA
0754
0564
0371
0797
0913
056E
0700
040D
05C4
04CD
0358
0775
05A6
0676
023D
0684
05F4
0479
038B
0385
0620
0523
03EF
0184
0182
0308
0B3D
0A29
04B8
0256
06A3
03CF
05CF
0749
03AD
042F
0215
07E6
0672
0430
0260
03EC
0118
0559
0000
0284
04F0
02B8
05F8
0596
0667
0108
057A
0616
038D
041A
06B5
05AF
0580
0281
0512
0307
0358
04A2
06B6
04B5
02C4
0000
002E
03F0
0317
02EB
02DF
0174
0441
052C
075C
03AE
086C
073E
0A5A
0966
06A4
0201
070E
02FA
0361
035C
078E
088F
06FA
0290
0360
039A
061A
007F
031D
0695
0000
020B
002F
07D9
0382
01F2
0536
05C8
047F
0210
0000
03A0
0663
04F1
03A0
01AE
0169
0166
03DD
020C
04E1
08B3
0335
04F9
0789
0714
0262
019D
056D
05AC
075D
0892
05FD
0842
057E
031A
0350
01AA
0694
03E2
0843
053C
0812
045C
0659
0158
0340
02BC
078C
0474
0555
002A
036A
022F
06A9
065F
0538
063A
0584
02D4
05E0
0863
060D
0422
0389
0000
040C
03B3
06A2
010E
0603
031E
0626
013F
00D1
039A
022A
05E0
0220
022A
02AB
04CA
00F2
0268
037D
0000
083A
01FC
0365
0096
06DE
0666
0337
035E
0676
0700
011C
01FD
0593
04F9
07F3
037D
032D
043A
0166
03A9
0339
0232
037A
07F4
0619
03F3
054A
0341
05AA
0694
083B
033A
088A
042D
06F8
03D2
05F7
01D5
097E
07D3
08FA
05D2
06DD
0212
0A3E
03DD
0853
0000
06C9
04E2
03BE
0000
00D0
028E
0620
028A
008C
050F
00CE
09B1
01D3
0780
0943
0391
075D
020E
0313
0338
0000
0282
011A
0A03
034E
067D
04F1
023D
034F
035E
057F
0569
007E
03BE
03CD
0250
028B
043E
012E
0003
05B8
052D
04DF
0336
068D
0311
0920
0521
06F0
01DE
058B
046F
092A
04CF
014E
017A
034E
0000
0612
001A
0680
0000
06E1
0000
044B
0000
06C7
07C6
04AE
0070
04D6
034E
0335
07B3
0327
09C2
04C9
08D5
03B3
07C7
0589
05B3
056E
090D
0356
093A
0377
0630
0132
0690
016E
05C6
0933
0073
0310
00B5
02A8
05E4
058C
0748
01B7
0239
02DB
0634
0538
05E1
05BB
09AA
0805
0A14
0490
022B
0017
0380
0541
04CE
070B
0455
05B2
04B2
0263
0284
01EF
009E
058F
040E
0697
05A4
0985
0783
045A
0019
0089
046D
0431
00A1
03AA
0211
0538
04B7
0000
06DC
022C
05CC
0130
083D
03BF
04FF
017E
016C
0342
0616
023C
00E8
0357
0111
02D6
08EC
0661
066B
035F
0410
021E
04D3
05EA
03BE
0545
0397
04E7
0000
00F0
03F3
020A
02B0
0294
08C8
0344
0533
0289
02C8
05E8
09E3
061C
091A
0799
0817
04E8
064A
00A5
044B
0466
08A8
04B7
0420
0584
0386
0000
034C
07E8
0682
0725
0808
0708
046C
08F7
04E6
0000
06B4
00D3
09AD
056E
093D
05C2
0691
04F1
060D
0732
037D
0720
04F4
0146
0402
0141
0703
04CC
00F7
0408
0101
0122
00C0
0446
0413
0617
07B6
07DC
065C
0738
08FE
01E2
0586
0304
078C
040F
09CE
0345
08D1
0280
047C
0163
06B6
0177
04AD
049F
07E8
0448
0384
015D
03BD
0000
05A1
01B2
0378
04B5
03FB
044A
02AD
0719
0168
05D5
0567
0432
066F
0690
0736
0499
05B4
084B
0613
0982
0092
07B4
037A
0601
0979
07D1
0796
02D5
0549
0750
0AE2
047E
083B
0840
0673
030F
04D1
0000
0417
00E4
0432
01AB
0441
0000
0338
03D0
0712
02A9
0561
02E5
0487
0297
07FA
0594
0718
09FA
0504
072B
05A8
05D3
0721
00B0
0592
02E5
032D
0000
0401
05C5
05C3
08B3
0232
0402
045D
0194
0209
02BC
0308
0295
02C5
06A6
039F
060E
03A4
0660
0A36
0AAF
0802
0584
01DB
0324
065B
0587
0148
03BF
0832
064E
021F
00C1
04B0
04CC
057E
01CE
01AC
0232
0653
04C6
03A5
066B
0713
0540
0519
0296
059C
031A
0433
0047
0312
02DA
039C
04BD
0730
08C0
08CD
091B
0806
0679
0711
0035
0579
00E0
03E5
0307
059A
037F
04EE
0747
053B
0882
030A
03D7
0506
074D
04E5
0367
02B6
0489
01C1
027D
034B
01D7
0470
0769
0444
0634
010C
0667
0A04
04B1
017C
00C7
01B6
0186
0536
0383
0392
05B4
04B1
0336
068C
0112
0322
0228
0542
0766
060F
0400
0183
06E9
074B
0915
0804
04F1
0252
00D8
0000
0791
06BA
059A
0514
0222
007E
0000
0000
0000
03EC
06F8
07BE
02AF
0272
027B
07FF
058E
05B3
08BA
057A
0448
055C
00FE
040F
04E0
08F6
08F4
07D3
0752
06AE
0612
06A7
05CF
07B1
06BC
0194
03B3
0680
04A3
022C
03CC
041F
0621
004A
03EE
0000
0545
0468
04B3
08C1
0ACC
06DC
06F8
0000
036B
0178
052B
032B
03A4
0428
051B
0236
086F
06AF
0587
0452
017C
03A7
0333
001A
064A
077D
0290
01B7
090C
053A
085B
08D1
04F0
09B0
0658
0818
04D4
088C
079F
06A0
04DD
09DC
0546
092E
0267
067E
042D
05AA
05A8
028C
0410
08FC
058B
0402
0258
0345
0683
04F8
041E
04D0
06DE
04E7
0754
04B5
05E3
0594
05C7
0279
03A6
040E
0434
054A
066E
0357
01A2
033D
044C
0070
06BF
0000
0316
0233
06CB
02C6
02A4
0000
04D9
0316
0781
0000
0149
0225
08B6
05CE
08BD
0591
046E
0359
0106
020E
0199
0486
012B
06D7
048C
03C7
0519
049E
0000
029E
044A
03F8
03D6
034F
0204
0615
034F
07C8
04EA
02C0
028B
0613
04C1
036A
0529
02BB
0292
02E9
0267
02B7
068D
045F
069C
0502
0615
0326
01CC
031F
002C
0154
06AB
0589
055D
0405
069C
036F
060F
03F3
08AD
044C
04A5
01D3
0361
0412
015A
00FC
07C8
0435
0867
0793
0523
0622
0942
0885
053D
047A
04D2
0123
010E
043A
0581
0554
0603
0619
0442
099B
03CD
0760
04B1
050B
048C
0117
0337
08BA
0692
06D6
0446
03CE
05D7
05ED
0847
04FD
057C
04EE
02DB
0359
02CC
06D3
04CB
072D
0000
0342
03D8
06A5
04A0
0702
05BD
06F4
050E
0724
0803
06F7
050F
02BA
04AB
03FA
0375
0000
0155
029F
06C0
021B
0242
0296
0000
0000
019A
0687
0475
0672
0605
02FA
06BA
0000
02C2
0000
05FA
04AB
08B9
065F
02D2
02D2
02CF
0606
0489
0511
0325
025E
0000
08BC
043D
0922
0453
0351
074C
035E
030D
0321
0406
0906
0421
06F3
00E8
0541
047F
0472
039A
05F8
0A78
032E
0493
04EA
0246
0366
060F
0535
066A
036E
0449
0358
0513
066E
0075
0265
07A6
0198
0650
03A7
0534
036F
03A0
05BA
05BB
05AD
0720
044A
0C13
05F6
08FD
05DA
0656
005F
035D
054A
06D8
0738
0249
02D6
02F8
0503
042A
0557
036C
0501
0062
0356
069E
058D
041D
0370
030B
069E
03A8
044F
05F1
0A00
05D7
03BB
0467
0456
0883
00DD
0580
012F
0718
0534
0322
0283
0431
0464
0226
0227
029D
0424
0789
0482
0188
01BD
07C6
04B5
0677
02A5
0778
0350
0AB0
0663
078C
049E
0874
0648
0626
0335
03FC
0000
05CD
04A4
0317
0344
04B4
0659
022A
05DC
0559
032D
027A
0419
04AC
0942
093B
062C
02B7
0614
055A
074E
06F1
040C
044C
01FE
0390
016E
0566
078D
096C
05B9
087B
05B3
0911
00C1
0797
04CA
042E
027E
0234
0702
04CB
0173
04F4
03DB
039E
03C6
013F
02A3
0A5A
051B
0651
0694
07D5
0440
0684
04FF
07D1
0523
076D
0708
078C
028B
0665
02F8
0227
013E
0122
0698
039D
051F
04C4
0000
0735
02FA
0309
0000
06E9
0745
0535
0677
0789
0272
00C9
02A2
0150
04C5
0496
0113
090C
038B
08FD
01DE
068D
01E0
085E
05CE
06B2
0593
0674
09F2
056A
0AFC
0300
0505
0559
05BC
03F7
0903
0483
0237
0000
00EF
06D5
0AA9
06DA
0603
05A8
0A03
03CA
0374
08EE
0518
04DB
04F1
0451
0805
06B9
05CE
0401
02DB
01CA
04BE
0377
045F
0468
02EE
07EE
0487
04E9
01D2
06B9
06F3
06B4
0290
025B
0832
050B
0585
0606
0413
0270
0000
04D8
0548
05C6
0316
05C1
0347
0459
01D0
008C
0463
00C0
0424
01EB
0412
035F
053A
01EB
030B
0000
0533
0379
04A0
0000
04F3
068E
0A16
06B3
093A
0220
07B9
0886
07C1
045C
084D
031B
056E
02FF
0647
0379
048C
06F8
083B
0382
0367
0000
0A02
04BC
043C
0668
05A9
0449
0897
0756
0532
0451
05BC
03CB
0342
049F
052A
08B4
0590
0250
027D
009F
0337
03EA
03A2
026F
024A
0717
02EB
032C
02C9
04E3
072E
0652
04E6
0360
01FA
0465
06D1
0373
06B3
0651
01F3
0226
04DA
05F8
0779
0231
042E
04C6
060F
00F5
0261
0527
04E8
0510
063D
0494
0409
0164
05C0
0487
061E
036D
0437
0766
01F3
03E0
031F
04B2
0A72
020F
0371
0370
09E1
0560
04AE
036E
0315
06C6
094F
05AF
0526
081B
0474
05B2
0817
08B1
05A0
0477
00D9
0253
01EE
0171
043F
050D
01A5
007D
061A
0843
052F
01E3
053F
00A9
03B0
0736
0548
02B3
0387
0000
041F
02B9
0198
03CF
0457
07F2
0514
043F
09A8
0A6D
0701
0646
05C6
01AE
01A6
057E
03AD
031A
0178
07C3
05C5
0726
04A8
00D4
0707
05B0
0575
0000
0454
02B7
04A6
0287
04CC
0408
05B1
02D1
0469
0359
0000
0282
0401
03C5
029C
04EB
0448
0734
05DD
0419
08B2
02E1
0681
05D2
02F3
02DA
068B
00D5
04B0
0304
0340
08E8
0418
02BA
04AC
09EF
06CB
04F7
022C
006E
01AB
057B
0097
05B0
0563
0524
054B
01B5
0426
05FC
0933
07EE
06E1
053D
0600
06F6
04B5
02AE
04BD
07F3
050E
025C
05CF
038C
0834
01DC
046F
02E1
07EF
02C0
0767
03B7
0631
0670
0774
0699
05FE
0776
0557
04F1
03A1
0462
082E
0588
07AF
01DD
0730
024D
0A2A
0444
078C
062E
03AF
06CF
031A
05E2
0000
0000
0079
067B
04E9
051D
0315
05F9
04B8
04B9
02E1
0512
0518
0306
066C
027F
093F
0484
071C
0000
06E5
0663
086F
0576
066D
032D
038D
0623
079C
061E
054F
016E
02D7
03E1
032E
0219
05B0
01D8
070B
03DA
056E
050A
0415
0536
05C2
03F3
012F
0622
06F7
05E5
0B00
0374
09C6
01B1
059B
0259
06B0
0329
0571
0331
06B4
06D4
069A
0530
0485
0000
02E3
096E
04C4
0662
063B
07D2
0558
090A
0840
062C
04C3
0696
07F9
055A
068F
042A
029A
049A
042F
0446
0659
0149
069D
02F3
0BFC
0429
0552
0517
081A
047F
03BE
0576
0599
03F7
05C9
0097
023B
06FC
0145
08D7
044E
0979
0661
07FF
01D2
0782
0464
025F
0889
01F6
08CC
043D
0231
04D2
0797
0052
0591
068E
01F3
05D1
027A
03A2
0651
018A
01BC
05EF
0445
0204
0768
06FE
0499
0625
03D3
038E
0537
0000
0554
05BA
0318
028C
00CA
07A6
03DF
06DB
0767
038C
09DE
0644
04D6
0452
0943
03F3
021A
05A8
01D0
08D7
02D4
0378
014A
04E0
001B
0973
0081
056F
0000
054E
00C2
040D
02C7
08B7
074F
0792
043C
0538
070A
0458
08D7
048E
059F
0798
06F1
09C2
057E
0204
0678
043E
050D
015C
06A2
02D4
05E6
0449
0481
04A1
0380
0227
0654
0148
03AB
01E1
0172
038C
01B8
0618
0255
07AF
04D5
033E
02E5
0407
0098
020D
05C9
022A
096D
0862
0666
06FC
021C
0602
0450
01D6
059A
0855
0949
080E
031F
0799
05FB
06AE
0734
0642
029D
05A7
0529
03A9
0331
060E
0398
033A
0309
02E8
0435
0459
0493
041A
0837
0498
05F1
0237
0411
0045
03E6
0615
02DF
014F
0199
0475
06DC
0399
063B
047A
0000
0437
05DA
068B
052C
0737
0130
0371
02DC
0276
07A7
06EB
0950
048D
04F2
021B
03FF
038F
00C7
0403
03C3
02D6
04B7
0191
01E4
022C
0375
052F
049E
0252
040D
04EB
060F
0216
0483
0296
058B
046D
0532
0975
03C8
0808
057D
03CB
0791
084E
034A
042E
02BA
00BB
03F8
0460
0581
003F
04E5
096E
03B1
0609
046B
0000
05C6
0292
02EC
05E5
04BF
0618
0748
0713
03D2
044C
05C3
061F
07D9
0623
0A1C
045A
0749
03B8
0383
0693
00BE
0443
0261
064B
03B5
030D
04DE
0428
0660
045B
0364
00D1
06E9
04A5
076F
0335
066A
0266
0410
0287
0822
05EE
087F
0900
065A
0739
0307
062D
0423
0598
07D6
0183
0304
0365
0937
04DB
0617
00B5
02F9
089A
0506
0634
0278
0748
0967
053E
06D3
0326
0000
076C
030C
05BA
043E
0157
0265
00E5
0580
030D
02A0
0432
0305
029A
0000
010F
0000
093D
0593
03B3
03F5
03F2
050B
020F
04E5
062D
0488
029F
0275
01D8
0542
00F4
0000
058A
060A
00A4
06B3
0578
0678
0419
02B7
01C8
03F9
08B1
07F4
05EE
050C
01A7
0684
050F
04A0
025E
01C7
0000
0528
0761
03AE
055E
0452
029E
0384
005B
0019
012F
0325
0333
05EB
0420
07FC
0717
068D
00A2
039B
02B1
04FB
05C7
09AA
0467
02F9
042A
0403
0723
063D
056C
0419
010C
07A1
0904
0633
041C
00AD
04D0
0772
03B6
0562
02C3
0493
00BB
0426
063D
08CC
0604
01A0
03CE
003E
03B2
069F
0381
04DC
01BF
01A9
01B2
016D
022F
05F1
0375
0489
0000
04F5
057B
0995
0650
047F
0370
01E9
0786
05A5
01B1
0703
03B0
0557
0429
0126
0494
07E8
0765
070B
0383
0797
05BF
06B4
0473
0656
03B8
06FA
058A
074F
036A
0889
0652
071D
011D
02D7
0722
045D
0463
0182
05D7
0635
014F
0392
03CC
0704
058B
0566
08C1
0442
0568
01A1
0343
0185
073A
0887
07CF
043D
04FE
03C4
073C
040B
0393
044D
01CB
02E9
0272
02A8
030F
04CA
0425
06ED
0BA4
08AE
0806
02BB
0639
0144
0208
039A
0375
0270
01CF
0386
0302
098B
0366
04E2
0000
07A6
0054
07A5
01F2
04A9
028C
0509
008A
06D8
05A7
09D0
02D8
04CA
0372
093D
099C
0504
0835
020B
0000
04E1
0351
0120
0615
0000
02A1
007A
01BA
063D
06F5
0305
0689
00B5
0999
024F
07FF
029F
0A39
00BF
0000
030D
049F
0309
0189
02CC
002B
0423
0433
0085
022A
0300
0533
01E9
031C
0733
06E8
07BF
0687
018C
04FE
061E
03E3
0961
0749
0545
03D6
0475
031F
064A
067A
0540
04E0
0363
00DD
0859
0334
079A
026E
0117
0565
0422
079C
04BC
05F3
04DB
06ED
0140
0777
02E4
0115
058D
01F4
0241
0481
051A
07A2
022A
06AE
0169
039B
0091
05B0
05F5
04D4
0000
01FE
034B
00F3
03B9
0113
049C
0090
029F
02B0
0272
03C5
01E8
04E8
02C8
01C3
0092
0000
0000
01ED
02A9
00FB
0224
028C
042B
04A0
008D
02C3
0308
0317
0000
0096
0213
0218
0215
0000
01DC
028B
06E7
0060
015D
0000
0000
0000
0000
0071
02E8
00CC
0268
0416
00D6
0000
0445
0046
00FC
0000
02A4
005A
0000
055C
047D
017D
000A
010B
0287
033C
0390
058B
0493
03A2
0447
06B6
044E
05E2
053A
02A4
0378
0279
023C
0466
035E
015E
03A6
0438
02BF
0555
051F
037B
03FA
0775
03C7
03B6
062D
0462
050F
051F
0364
0268
042B
04E8
0217
0581
04CE
041C
054E
0661
0466
038E
04A6
02E7
0435
030F
0514
051B
04FE
05BC
04F4
0532
0367
05FD
0563
0526
03AF
0432
0657
0560
06A1
0453
01FB
075D
0A5D
0894
08F6
08A9
0C63
0853
0850
0A62
0570
092B
06E0
056C
0813
070B
0696
08BA
09F8
0630
0B28
0923
09C8
09F3
0BC9
0A65
0A44
0BB2
07DB
0ABD
092B
0518
046B
07DA
06BC
07E1
0520
0B31
067E
0AE9
0962
07BA
0935
0766
075F
09CA
0873
06F8
0B7A
0B43
0880
0AA2
09B8
0A23
0A1B
0AA6
0A6F
0951
089D
0AEB
0A0B
09C2
093D
0660
033A
091E
0A62
0966
0988
0A1A
0A7B
05F1
0877
0792
0976
0CFE
05A3
08F2
0917
0878
0BF5
08B9
0B8C
0AB5
0A06
0BD1
0940
09DC
0992
09AF
0ACC
06EE
0A56
0911
06F7
05A7
0660
066A
0701
07B4
06D2
08A2
09C5
076D
05E4
0916
0912
05F6
08D8
085A
044E
08C7
0A48
0962
087E
09A4
0C78
079C
0A28
0B96
0C5D
0A1A
0AB6
08AB
09DE
0826
07BF
08A7
0111
08E1
0A06
0865
0732
0BF4
0894
0813
098B
0928
0BAF
07DC
0AA8
0B22
07FC
0AF2
0A13
09BF
0892
0A0B
0C55
0AAE
0C98
0B8F
0722
0BE3
0A69
0A5A
0A53
089B
08CC
070D
070D
09DD
088C
0828
0849
0B98
08EE
071B
075F
0BA6
087D
0A39
0B13
0702
0AF4
081C
0C51
0980
06D0
0D3D
0BD5
0A01
0A41
08D4
0CDB
0A8C
0C5A
095D
0B1A
0713
0985
0798
01E7
0ACE
0AA7
0996
0BD4
09E8
074A
0D97
09A5
0AF4
0CD7
09E0
09BB
0AAD
09E8
0BB8
0950
08C2
0ADF
0B2A
0930
0A97
0BD3
0B6C
093B
0E0B
09FA
0B67
0A38
0878
09D6
0741
09E9
0724
0ADA
0AEC
08C8
08C5
08C0
07F4
0891
0B89
0BB3
09AE
0792
0B51
0B66
0544
0809
088A
0900
0971
0C6E
095B
06CC
0ACC
0A58
09FD
08AB
07F2
09FC
07D6
0A6C
0656
0000
0B57
0997
0592
0B87
0958
0ED1
0843
08A6
0DF0
053D
088D
0CA4
0666
0C85
0B4F
0A56
05F1
0869
07D5
08EB
07C0
0D43
07EC
0DC1
08FB
0719
0D5A
0955
0D18
0CC6
0935
0A4A
0B13
0D67
06DC
0A40
0B3F
0B34
06B9
08B8
0B4B
0877
081B
0821
09A8
0452
082A
0970
0819
055F
0B7B
097B
072E
0713
0B02
0A52
0654
065C
069D
079B
0B4B
0A4D
092C
01E5
090A
09B2
09AD
080B
08A4
0A2D
04BB
07E5
069F
07DA
08FC
08AF
0782
0AE7
066B
0B67
0615
0AA2
0A0C
0C6C
0C2A
0BAE
0918
0B22
0817
0BF7
0B24
09C6
0F53
0C51
0A36
0963
0B27
08BE
0BDE
0A53
0B90
080A
08FD
09A6
082C
0B95
09D7
0987
0D2B
08A5
0A39
0BA4
0A43
086D
082C
0939
0755
0751
0AEC
0991
050D
0637
0967
0AE8
09DF
0A68
0A76
0000
0959
09D7
0632
05FE
0670
0558
06CB
08DA
0936
07CE
096B
0763
0869
0763
09C2
09F3
0AFC
0AA9
0B76
09E4
0855
0AD1
0960
0CCC
0931
0B42
07E4
0963
093C
08B6
0D0E
089D
0AF1
0B71
0999
0D24
0BF5
0878
07BE
0AB8
0A23
0AE6
0A35
0BD0
0AC0
0D1B
0D07
0CF1
0840
08AE
08ED
070B
09C7
05C7
09B3
0983
0A3E
0AFC
0C96
0C60
085B
0B45
062F
023A
0CE6
090F
08A1
0690
04FE
07D0
0B16
0692
0BDA
09FA
09F1
0883
0AF7
090D
0A8A
0B77
06C7
0822
0895
05EF
0C2F
097C
0A9A
0FDE
0C91
0928
08CB
065E
08D0
08D5
0B76
06B7
0B48
0AAD
0A59
0AE2
076E
0A8A
091E
08F1
0725
0AF3
067D
0A9A
0E46
06C1
0B0C
09F6
0651
0856
0922
06F7
090D
0913
0BFA
0C95
095E
095A
0B0E
08F6
083A
08BA
04D3
0260
091D
06B0
087D
063B
0936
0BC1
05F1
0BA6
0B9C
0882
0E09
0B34
09FF
0B82
0B09
078B
0480
08E4
0758
0A9D
0C11
04C0
0D6E
096C
0982
08A3
07D0
0880
0A17
0A56
0AAE
079A
0884
0AED
0B01
094A
0AD5
09D2
09DF
0617
07D8
07D8
07D9
0CC5
087C
0805
085F
0B09
057A
0A7C
052F
0BC3
0CD9
0871
0B26
0B26
0A20
0862
098B
0863
09D0
05AF
089F
0000
06FF
0941
08F7
0A7D
08C5
0B4E
08F8
0C02
0981
0A9D
0A6D
07E6
0C81
08BA
0900
07E0
09AF
0912
0D0D
0BD9
0662
078E
08E8
0650
092C
0934
09E0
0E4B
0A54
0AC1
0B30
09F7
0747
09BA
0C1D
0960
0A8D
09E3
08C6
07AF
08BA
0873
0AA0
0B1D
07E0
0913
0A72
0B5A
0ADF
0BAC
0945
0A95
07B8
09DD
09BE
0A32
08B7
09B7
0A5B
07B0
0B9E
0552
09A5
0100
0918
0B9D
0CD1
0624
0970
098C
0995
0C6A
08F4
0A58
06E3
0905
0C42
072C
0E22
0A66
0C8E
0B83
09AC
0A56
087F
096E
0A5E
0999
0D55
0BA0
0BCE
0EEA
0AF6
0BAC
0ACE
07DB
0999
09DC
0D4D
0C32
0BE9
0C39
0B55
06CC
0653
0A52
05F8
08C1
0B75
07CB
08D1
08FF
0B3C
098F
0D1C
07DB
0A5D
079A
0702
09A9
0B01
07EF
084E
0702
0790
081B
087C
0452
0BAB
093E
08AC
07F7
0989
07D5
082C
08D9
08A3
0831
0B27
0BCA
0ABD
0B39
0CBD
0B82
0BB8
08D1
0901
0AEF
0833
0D33
09AC
0BD0
0B09
0850
0B2D
09F1
07BC
0B58
0970
059A
0868
0B68
0ADA
0D6F
0AAF
09F8
0958
0616
071A
07B0
0846
0931
0A00
06EB
0C57
0891
0903
09A7
0802
0AC6
0A08
04E3
0918
07CD
05A6
0B19
066B
0C74
0566
075A
0B70
0234
0807
0BEA
0681
0905
0BFB
0706
0A3A
092E
0B4D
0A8F
091E
0ACC
0784
09A8
06D5
07BA
0909
066F
0866
0CDE
0796
0C96
07D2
0E8E
061F
0A04
0993
08CD
0AD5
0BEC
045E
09F4
094C
09BE
0C3C
09D1
08B5
0A20
0A88
0678
098E
070C
0977
089F
070D
08FD
0ADC
0A0C
0AB8
08B3
09C1
091E
07E8
0A95
07C9
0851
0774
07F9
099C
0D10
073E
0A2E
0942
0000
0896
0C07
0A04
0B4F
0B7C
0935
08B9
0950
0AED
0904
0D25
0A5A
067A
09CB
066A
0997
0B5C
0B9F
0F04
08D6
0936
0A6F
0619
0B2C
0791
0A4C
093D
0A49
0A85
0911
0855
083A
09D0
0B6E
0994
073A
0B72
0689
0AFA
0B22
091E
09C2
0AB3
092A
072D
0B12
0CA9
0861
0C97
0940
075A
08B6
0B16
086F
0802
0C0E
0928
06F2
0BB3
0942
0932
09C1
08F9
01B9
0AA1
0B1F
061E
0B71
08D5
085E
0A8A
09D6
0A96
0D00
099D
08A3
09FA
08C2
0688
0D11
0BCD
094A
0AA6
0669
0A5A
062F
0C19
0A10
09CC
0DFF
0868
092A
0CA6
07F0
0A99
06F9
0A01
09AD
05F7
099B
0B0A
08FE
0D25
0A70
0A8F
0C04
0AD8
0682
06BB
0C32
068D
079F
0B02
0800
07E8
0B0B
098D
08D9
0C56
0B8F
0796
0C93
09C0
086A
0B8E
0939
0794
02E4
07E2
0A07
0A26
0A3F
0872
0A0E
0986
06B6
0985
0A7F
0944
06E1
09F2
04E3
0C70
0A05
06F7
0AB8
09B7
0B0F
0B47
0C0F
0DBA
0A42
0C52
0B8B
0884
0BBF
0B95
072B
0932
0818
0B67
07C9
0A66
0B26
0879
0CFC
0B63
0969
0A7B
0A61
0A89
0979
0B65
08B8
04EA
093C
0912
0880
0A37
0BFA
08EE
0AB5
0C86
09EF
07F3
0AD5
053A
0B67
05BF
094D
0867
00B6
0B87
0824
09DB
086B
0A91
09FA
0973
068D
08AB
0ABA
0A46
0865
0B56
087D
0C8F
04D4
0C14
0878
0910
0D1B
090E
0AFD
0A49
094A
0AF1
08C9
06B5
0B2F
0794
094C
0732
08A1
0958
0A8B
0983
0C34
0C2E
0B12
09AD
0AD6
0A1A
0C4C
0B51
0BC0
0C03
085D
099B
0AA7
09F6
0A96
0A7B
08D7
0703
07D4
0C6E
0535
08E3
0777
08FC
08E7
0A1D
0910
0604
004A
0917
0A23
0C71
0B7E
05C5
0B8B
0ABF
070E
0946
0B2E
0B33
08BA
0894
0AB7
0C49
0599
0BC7
09AF
0B55
079E
083D
0ADF
08BB
07E3
07A9
065C
0399
0BCB
08B7
0D02
08D4
0C52
0B91
0830
0CBC
0B22
0A3E
09F8
0728
07C8
0B2F
0AEB
09B1
0CD5
07B3
0B67
0A08
067F
0914
0583
0B74
0682
08B5
0BB2
0865
0963
0C3F
0A37
0965
0B2F
09B0
0AD8
0560
02AF
09F5
0715
0B77
07BF
0A12
0BB2
070C
0953
0695
0A20
090E
0B52
0A21
0A74
09A9
0AA8
08A4
0974
0AA4
079D
0A0E
0D3C
062C
08EA
09B5
0979
0C05
094B
0E52
0B22
087B
0AD8
0A3C
0AD7
08EC
0896
07A2
07F9
0A92
0ACA
0A0F
0AEB
099E
0806
087B
0D0F
0710
073D
0800
0BDA
0A31
0E08
093F
083F
090B
0A49
0D1E
0B20
0A1D
0BFC
09E8
0785
07CF
0131
090F
0739
0A13
0886
0591
085A
09BD
07DF
0892
0B03
0B7C
0930
0943
0BB5
07B1
0922
0B41
0C04
08E7
094A
0BF5
0AD5
0986
0A4F
09ED
090C
0912
0762
0AD3
0599
0AE8
0AE3
09B2
0631
0A31
06D9
0984
0AB0
0820
0943
092A
097B
08A4
076F
09B7
0BE8
0624
0D3A
0AA7
0BAB
0F0D
0ACD
0704
08D1
08DD
082A
0BFD
07BF
0B64
074E
09BE
09C8
07B0
0210
07BD
07BB
0A13
0949
08F0
0863
0AC7
0919
08DF
087B
086B
071B
0713
0A9B
07B5
09C0
097C
0A59
0C48
072D
0AB9
08DA
05DF
0921
088F
0968
0714
0979
07B8
082A
09F9
086B
0A66
0A3C
0851
0739
0B82
06D7
0B64
057C
0AAD
0945
081D
08ED
0A59
0648
09B0
0BF7
09FC
07D1
088A
0933
06AF
08CD
081F
0B53
06E0
080A
0B5D
0923
0CBD
0B0F
049C
017B
09A1
09AE
0B46
07A3
0A04
0AAE
0B2A
072C
07D8
07EB
08C4
079B
0A3B
0BE6
094B
0ADA
0779
0AD9
0A9D
0ADD
089C
0869
0A1E
0844
08B8
0C09
0929
05FA
09B1
0AC5
071C
0A6E
095F
0A80
0913
05B7
0A50
08F2
0B78
0A07
0CDC
0A86
09A8
078C
09C8
066E
086B
075C
0A84
0738
082E
08B3
0869
0A61
089B
06B5
04D7
0902
0768
0997
0A02
060E
0501
02EF
09EC
08FA
0BCE
090F
07A7
0834
0A29
0A72
077D
0A77
0C5D
08D7
0A71
0942
089E
0D8D
0813
0A59
0772
0B2F
0900
0CD1
0C75
0736
0B70
0B0B
0581
0A1D
07D6
0B9F
0874
0965
0998
0C1E
07DB
0A9C
0DB5
0B44
0CBD
0BE8
0A65
0B3D
085C
0889
0AB3
0963
0CC5
0938
0F0C
06E4
0B92
0A55
0B77
090A
0A0F
0932
0918
07CE
088F
0A39
09C3
0772
080F
004B
084E
0A03
0732
07D0
07AA
093D
0A0A
08F1
0935
0B09
0B89
0453
0902
071A
088C
0A8B
0B3B
07D6
0B43
0993
0866
0E1F
0846
07E1
08AF
0BE8
083E
07A8
0AF1
08BE
0A81
0B55
0A53
0D35
0857
0BAF
08EA
097C
0924
0895
090F
0AE8
0F55
077D
093C
0C1C
05E1
0A8F
090C
07F9
0C53
0663
0A81
0A9A
08DF
0B0E
078A
0C4E
0B2B
0B9C
0AFD
09EC
08CA
0399
08A3
066B
0AC6
079E
0691
0996
079D
09AF
06DC
08D0
075D
068A
06AE
0701
0D79
0B40
0A3C
0955
09A3
060F
0AC1
0B32
07F9
068E
08CA
0590
0867
09EA
08DA
0A5E
09C8
09B9
0B9C
0D09
048C
0C39
07A8
07D1
0B32
061D
06A3
0C60
06F5
069D
08A7
08A9
066D
09A3
064E
0B93
06E6
0B0A
0A2E
0842
06D0
0BA7
0B42
099D
0BB1
0BA8
0689
080F
064B
0000
0905
0AC0
06EC
0936
0A05
071B
08F3
087B
0776
088D
06CB
06BF
0562
0A69
0772
09F7
0834
093A
08FA
0978
09AD
055A
06C7
0987
07E3
095F
091D
0553
09C5
0B61
0955
08BC
08DB
06CD
0844
0E19
07F8
0A58
0983
07CF
08B6
06FD
059B
078C
084B
06B1
09E5
0AAE
0838
0A2A
088E
0831
0922
08F1
0898
092F
09CC
0B64
09FF
0760
0708
0A0B
088C
03FC
08AA
09B2
0CE9
06EB
0C66
0809
09A3
0A1E
0BD6
0619
091C
0895
09F7
0863
093E
0AF1
07B1
08E2
08B4
0C04
08F1
0A4F
0B2D
099F
0ACF
0B16
0812
089A
0889
079C
0970
096E
069A
0607
0B1F
0943
0C1C
0C94
095F
08EF
0A0F
048B
0698
05A3
0BAD
0BD9
0C13
05BA
08E0
0983
0A9E
094D
0D5E
0936
07A2
0A01
0AAF
0949
0A07
07D1
0984
0917
0535
0000
0AA0
0C6B
07ED
0C87
0D1F
097A
084A
0C51
09C5
09BC
0BC4
0A37
0931
08F8
097D
095C
0821
07B4
0939
0A8D
0AEC
084C
0962
08D7
0994
08D8
06CF
0778
0894
07B6
0B3C
085C
0BEF
08C5
0A0C
0CDE
0C6F
0BD4
0AD0
0A84
07C3
04C5
0905
0B5B
0B75
08FD
08B6
0773
0720
0810
0C13
09E9
0890
0BAC
04D7
08E0
0A38
0949
0B56
0735
0A75
07FA
04DF
033F
09C0
0BBC
095D
0A89
0833
0827
080D
090C
0A67
0C96
0B7E
0AB9
0B7E
0A5A
08BE
0663
08BB
0868
090A
0BF3
0AE6
0ABF
07DF
06F1
09ED
0789
0B3E
0964
0A89
090B
0DBD
0D1C
0C08
09F7
0A32
08E5
0A6D
0B1E
0875
07B7
0994
08A8
076E
0B6C
0A7D
09E5
0842
07AD
074C
0A2F
0965
050C
093E
0715
06AD
06F5
0BB9
0A52
07F8
06DF
0DC6
0672
04C4
00C9
0933
0A7A
08DB
07CD
050A
05D0
05D9
0729
0962
0937
0B75
0A4F
0B2B
07DF
0A3F
0AC0
07AC
08E7
0C7C
0CD9
0866
0A00
0870
0911
0B34
0A13
083D
0D7E
071A
0C4E
0AAC
0941
0AC2
0A21
0B97
0A87
09B2
074F
0675
09E9
0C47
07DC
0C00
07C8
0B02
0A04
09D9
0C10
0BB4
0A7B
0B0D
09E6
0A30
07BB
0B7D
07EE
0BCB
086D
0924
08F2
0973
03EF
0679
0265
0910
07AF
071D
05D9
05A6
08E8
039C
08FC
0915
08A5
0A1D
088F
09E8
08BD
06A4
0B8B
0742
0A90
0A4D
0A82
09EB
0B20
0731
0B4B
09EE
07DF
0979
06BE
0716
0ADC
06A7
0A95
09DA
085B
09D9
09EB
08DE
0897
08DC
0B2D
0AF9
0C20
0BC0
0980
0A61
08C0
0C39
0C44
09E8
0C26
08F6
0AC1
0960
0A2B
086F
04C0
0B0B
04E4
06DD
0628
09C6
072A
08AD
01C0
0703
0806
08E2
0754
0867
0D13
0773
0D5F
0453
0C88
07A1
0906
0985
08FB
0AE7
0CE4
08B8
0A09
09CF
0B58
07B2
0ABE
0A19
08E3
0994
0659
07D9
0764
0867
0A61
0748
07CA
076E
09D9
07AE
0CA7
09C5
0B79
0DAC
0E6C
0887
0B56
0791
09A4
0806
0A53
085A
09F8
09CC
06C1
087D
0930
08CA
0799
0769
0636
05BB
071C
0A27
0CA7
0844
0A19
07FE
00C8
05E6
066F
0A66
034E
0B25
0926
0929
0B53
080D
09DC
06CF
0A5C
09C8
08A6
0957
0804
08A9
088C
07E3
09C0
071E
09C0
073F
08FE
0998
08CB
0911
0ACD
05F2
0A18
0884
086A
0859
06B8
0BC8
0900
092C
0A3C
098C
096F
0888
0A51
07C9
08DE
085C
0A9C
09EE
0A00
098C
0B04
069C
0CC3
07E9
0B80
055D
0911
0A81
0CF6
09A5
0A4B
0AD5
06D7
056A
0201
07E9
095E
08AA
0740
0CC6
06E2
0BA4
08A2
07FC
09E1
06D8
0BC6
09A9
0939
0993
07C4
0874
074F
0A58
0665
07BB
0A15
07C6
0B5B
0625
088A
07D7
046B
09FF
069C
0853
08DE
085F
082A
08E9
092E
0A60
09E8
0B4E
0CCD
0A16
0C9E
07A2
0991
0948
0E84
08F4
0F09
0C56
096F
07C2
093B
0610
0885
060C
0A6E
0947
0B4B
09CA
0A68
03E9
0850
07A8
0169
07E9
0C92
0620
0B6E
0D2D
0660
0C39
0963
0A4C
0930
0B3C
0C1D
0A9B
0C3D
0A4C
0941
0B4A
06BA
0AD3
07F5
0947
092B
0B2D
0979
0779
08CA
0719
0A41
081C
0AFC
0982
0956
08F5
0A7B
09AE
0A28
0960
0A98
0A7E
088E
0968
0818
096A
0A95
0ABA
09C3
0A35
0B18
08ED
0B99
0AD2
092B
0A2B
07D9
08D3
058F
0B79
09C7
0778
0B63
082A
084A
050E
0131
0C7C
08AE
0A2F
0B9A
06A7
0A66
082F
0836
0BDA
0552
0B87
0A7E
0C0E
0B3A
0C50
0B37
08E0
0CF1
0B04
0CE5
0D4D
0879
072C
07E7
09C1
0ABA
0B72
0CC8
0C26
0A9A
06CF
08DA
09AC
083F
07F6
098F
05D5
07F8
0910
06FB
0815
0900
0B07
098B
0BD7
071E
072A
0800
0939
0A30
0CDA
09AE
0AE4
0A89
09E2
09C9
0D4E
09D2
0D94
092E
0897
08D9
057F
0195
08D4
08F6
09D6
08B9
0868
0742
0A9F
08B6
0653
0927
09EC
0A31
0933
0866
0943
0B44
0A6F
0AF0
086A
0AA0
09F6
07FD
0C48
05A8
0A7A
0DCF
0BFF
07EE
09AD
0947
0754
086D
07C8
07E9
087E
073E
0824
0960
06F6
0A83
07A3
09D1
0947
0B5C
0A5E
07EA
0AC6
07F9
0A18
0CB4
0885
0ACD
0A57
0947
0BE9
0D37
0E49
0A78
0887
0965
061A
031D
07D3
005B
06B4
08E0
093A
090E
080D
09F4
07BA
0972
0A28
086F
07A2
09F7
056C
073F
07DF
0A5E
0CE2
0C2C
0A7E
0C4F
08EB
0A17
0B01
0B94
0AE6
08ED
0856
08A6
09EF
089B
0802
07AC
09CA
082F
0A98
03B0
09BC
066B
083A
0B66
0B27
0B1C
0B7E
07C3
0B14
0C62
0B73
0891
0A69
097A
079E
092A
0A45
0B5F
0B9A
0D9A
0AD0
094C
083F
04A9
082E
0708
06CA
01FB
0764
06F7
0AE8
0BFC
092C
0E84
0B2A
0DA2
0A49
09B2
0AAB
07B4
0846
0D2E
0990
0DAF
0C68
0ABA
0B19
0B6A
0B86
0C9A
091C
0A37
0B1B
0A6D
0823
07F0
09D0
0AD4
08E1
08BC
0832
0A24
0C03
073D
0A5E
09C8
0C97
0A40
08B7
0ABE
09F1
0A93
09D1
0A01
0892
076B
0943
06B0
0A3A
0896
06F9
06C6
0ADC
07C5
0A32
06D5
09CB
09B5
0AA9
0567
0807
00F6
0B70
0906
0D1F
08C2
0D55
0ACB
0898
0AA4
094E
0A61
08CD
0C43
0D34
07D6
0B39
09DA
07AB
0A44
0914
0946
09F7
0B7B
095E
0AC6
0855
0C84
0AAF
07AC
072D
0A0E
0836
0A43
0856
0A25
08F3
0A0A
0841
083F
0A3A
092D
09F6
0B04
0983
0B95
0938
061E
047D
059A
0876
0817
0997
07DC
06F0
066A
0782
06F4
0CA9
0A91
0824
0866
08F9
0718
05F8
03A3
0B1E
0C4B
0E8B
0A84
0DE8
0963
0944
0A66
0BA5
098C
08E6
0B95
0791
075C
0A5C
06A1
0945
09EA
0830
0B63
0957
0AEF
0B4A
0935
0C4B
089C
08A0
0AFE
0A04
0897
08FB
0AC6
080D
09A7
0BA0
085E
09BF
098F
0654
08F0
0C82
0949
0B0B
0B8D
059E
065D
049E
08F5
061E
0CA2
0A21
083D
0831
0D3E
078E
0BC0
0BD7
080F
0667
083B
071D
0618
0945
012E
0BD4
0C0F
08DA
0B84
0B18
083E
081F
0A19
0AD9
05A6
0838
06D4
0854
0818
0AFD
0630
0AC7
09DF
0A8C
0AA9
0ACB
08A4
0994
0989
0982
0A47
0BF9
09BB
07AA
0A82
094E
0CAD
08C5
0AFE
0BEB
07D3
0A14
073F
0825
0B90
0A08
07FD
08CB
091E
0816
08C8
0931
094C
0B1A
0CA7
0A5D
0AF7
0A61
0DB4
0793
0C7C
0AF1
087A
0805
0646
0773
098D
0663
024C
0A03
0550
09D1
088B
06E7
0818
085B
0871
08FA
089F
08E9
0A38
0A7A
0921
0D07
0915
0BAE
0838
0BAC
076D
09F2
0C3D
0804
0BFA
0654
0A0A
0A16
0843
0769
07C3
082B
0CA6
08A8
0B99
08E7
0784
0A02
08A3
0ADF
09F0
0851
08B8
0B9F
08B9
06AE
0A8A
0A7D
0721
0A9D
07D8
0AE4
0793
0D24
0B13
0693
0B26
0927
09DA
091C
0947
07E9
097A
0800
0000
07A9
077F
0853
0669
09C7
0742
0A25
0973
0AE2
0BCB
0AFF
0CD8
0880
0C5A
0942
087C
0907
09DB
0A43
0823
0B6D
0941
0BD6
0A64
07FA
0A53
0B5A
0606
0712
08BF
0DAC
0C17
0754
0CD0
0827
0D3B
0A98
08EF
0B83
09F1
0791
06F4
0A7E
09D6
0B67
095F
08EE
0B1E
0C04
05EF
085E
07BA
0C27
072F
0668
0AF1
084D
0973
0B28
0605
0B39
0A2B
0639
00E2
0942
08A3
09DD
0A6B
089C
08E2
0C61
073B
0D1F
0C01
0A8C
0C3B
0AC1
0A53
0A06
0820
0700
07CC
0889
0A81
0804
0A87
0B7D
08FB
07C7
090B
0AD2
076A
08EE
094C
0ABF
0AD0
0BE9
0875
0A1C
0A81
07BF
0971
0A99
069A
0A6B
094B
0D81
09AF
0C19
0C22
0A89
0CBC
0B81
096A
09C9
0B40
0A34
0B98
092E
0ADE
095F
0BBB
078B
0B6F
0A68
097E
07AC
01D4
0713
0CD4
0B25
0BF9
07D1
0D71
07C4
0B0E
0C20
091C
0D2A
0C61
08BF
0C14
0947
086A
084F
068D
0838
0957
06A8
08DA
0A5F
0A0F
0558
07D0
098C
07DE
088D
0B7A
0D01
0A2D
0784
0811
097E
07F4
07FF
0B67
0BD0
07C1
097D
0A8E
0A48
0B03
0D95
0A91
0A99
0D62
071C
0C6A
07D7
0B98
0A15
0949
0A40
0AD4
0706
0A7A
0993
065A
081A
08BB
0694
02CA
0909
0CBD
0E6B
0DEA
095E
0B9E
0C73
0D94
07A0
0BA5
0A17
0E29
0951
0D37
0A6F
0A0B
0872
0784
0AB9
07E4
0505
0C67
0976
08C7
0832
0913
0A4D
099F
086F
0B04
0B16
0B7B
0844
0A13
08E3
0847
0A75
0A6D
06DE
095B
0516
07A7
0711
0BF1
0AF3
0803
0B3C
08C6
0A56
069C
0946
0B49
0A73
08FC
0AC9
077F
0841
09C1
0853
0965
06C7
08D8
075B
048D
0CC6
0CB0
0D7E
0AEB
0DD1
0AEA
085B
09E5
0937
0648
0BD9
0B21
09C7
0ADA
0978
0CD9
0822
0B49
08BB
07E8
0838
078A
08DC
0A80
0706
0D03
0B5B
0AA5
0851
0CC7
0B5D
0976
0C2C
0A44
09A3
0C55
0A28
0879
0A72
0805
08DA
082C
0A95
0C65
0B06
059D
06D8
06F9
064D
06E9
09D3
096C
069E
0872
0C30
09EB
0A38
08C8
0843
08A2
096D
0A27
0843
00AA
07C9
0B25
0A07
0B30
0BE9
07EC
0B98
0A10
08FF
0B7B
0FD7
09DB
0925
09B2
0920
0763
09E2
09D2
0985
0628
0939
0987
09BE
0925
07DF
0C5F
0B4C
0B91
08AE
0B0C
08E8
0B6A
0914
09D7
097C
0AF5
0B12
08B4
0B2C
070B
0A09
086D
091B
0900
06F4
0626
073C
083F
075C
0836
07A3
0A3B
0792
093E
07FD
0A47
07EA
0861
0796
0ACA
0A27
0A8C
0AFD
0000
0ACE
08D9
089F
0A93
087A
063C
0BCE
0A07
09D3
0CF4
0B76
09EC
082C
07F3
09D2
09E0
08FB
0B04
09A8
0CFC
0774
068E
0CA5
04E5
0B87
08C9
09D8
0838
0C57
0A31
06F6
0CAB
0983
0932
087B
0C2F
066D
0B71
0953
09A2
0A79
0951
0A04
0ADA
0AFE
0578
0AFC
099F
0888
0BB8
080E
0BD6
07AA
0ABD
0937
08EC
08C1
0833
08FA
0AC7
08DC
0A21
0792
0196
0AC8
06F6
07BF
064F
0513
08B7
0A86
061E
0BA2
0889
06C0
0C43
0A58
0C01
0AEC
0BD3
0898
0A4D
0C6C
0C50
06C6
0BDE
090A
0710
0924
0A28
09BF
09B8
0B1B
066B
078C
0C83
0829
0934
08B3
0929
09A2
0CA7
0A05
0A00
0A55
09D8
08A2
0AD8
08E8
0A9D
0B7D
0A46
0BAC
09A3
0A36
0E11
0680
08A6
0A86
09B8
0A79
0A73
098D
08AE
075B
0832
072A
023D
09A5
098E
0A63
0800
0841
0AA9
0845
0B52
0AD9
0956
0AFC
0BA5
0CD5
0C7E
0A7B
09D8
0943
0A8F
0A08
0B9A
076E
0C4E
075C
0C2B
09BD
09B1
0950
0B1F
097F
064B
09FF
078B
0914
0949
08F1
08EE
0927
0978
0D96
0906
0CAD
0AE9
0AAC
0ADD
0B3C
0845
0BFF
0C15
0954
0B8C
0B2E
06C3
08FB
0805
0852
0B60
07A5
0B87
0B94
07F1
08A4
084C
07BA
01D9
0B45
0B8C
08FD
0CBA
0AFE
0A35
0BA2
097E
0CB8
0BAC
0955
0AD5
0AB2
09A6
0AA1
070F
0AD2
08A6
0C1A
09D8
0BA0
0EA5
0ACC
0965
0A40
0B4C
099C
0837
0A45
0857
0ABB
076F
08A8
0618
0754
0733
0A14
0950
09F3
0815
0C2E
07C7
0AD3
0B68
0938
09E9
0F5B
06B2
0BAF
0B47
0A35
0B3F
0836
0996
0B71
081A
0BC8
0C70
08D0
0A96
091C
0A53
05CF
0208
095D
0B2E
0D1A
098C
0A05
0CD6
07BA
0A32
0B79
081B
0859
06E6
0784
0852
0A58
0975
0AB6
0691
0B19
05E9
0CBF
0737
09D4
0BF6
0945
0AF4
0C39
0D31
0AFC
09CD
0B7C
0842
0788
08E2
07BF
0C03
095C
0855
096A
081B
0922
0C23
0BF7
0C98
091D
0879
0AB1
067D
0A0C
0A78
0B1D
080D
0A0C
07E3
0A47
0D03
0940
0A41
0A4B
0884
0AA3
087A
0830
00C3
0A9E
0A1F
072E
087F
0964
0B07
08AE
0991
08D6
061D
03DC
08B1
0912
0AC0
09B5
094E
06C0
0653
06C6
098E
0800
0AB7
0B27
0BF2
0B97
0B28
0AE7
0B4E
0745
0B79
083D
088D
09E5
0AA7
08DB
0B3C
0963
08C6
0860
0A5C
0997
0B1F
0AB8
0B52
0499
09E2
0759
08B8
0B67
083D
0AB2
0A16
070E
0B81
0B51
0B1A
0C95
07AA
0711
09AC
07D9
0928
0823
0142
08AF
0879
09C3
06DB
0890
0A05
08A7
08C3
0816
07CB
098B
09AE
0AE8
0B9C
07F1
08FE
096C
0987
0AA9
0DE7
0975
0CBE
0CA7
0975
09F0
070B
08B2
08DC
0B29
07BD
0832
08DE
081F
0A73
07A0
09A5
0615
0C42
0A22
0C0A
09F8
0ABB
0885
0803
07C5
09FE
09D8
0FF1
0A60
0B30
0CBA
0733
0C12
0BE0
0947
0B63
0A32
07E7
0969
0A79
097A
09FC
07A9
0112
0A90
0AAA
0A23
06B3
0CED
0944
0A6B
0CAE
0959
08A9
0B96
0799
0982
0949
0773
0BC8
0A16
0884
0BC8
080D
09EB
0A03
08B1
082B
051C
055D
0934
0909
0A6B
0882
090A
096B
0637
08E2
092F
08DA
0B42
074C
0B2B
0970
0901
05F2
0A0C
0777
07F6
0A78
0D65
0D8A
0A05
0DF7
08AC
05F4
0C91
0BC2
0B13
0BEF
0A8F
0840
0B6F
0841
0B07
0757
0801
0371
088C
0AF6
0ACC
0958
09F4
0859
063D
0ACC
0700
088F
064B
0A47
0A0B
0990
096D
0B0B
069E
0739
0817
0812
092F
0A04
08CD
08CC
04FE
097D
089C
08E5
0B94
07A6
0709
0A0D
0A79
0AE3
08DD
05FF
0938
05F8
086B
0A1C
07F9
08D9
0889
0587
0B2C
0A39
0A38
0B1C
0ADB
09A5
0758
09D3
0906
094D
0B56
09EA
08CD
0641
06B2
0A11
086A
07B6
063C
00C3
0978
1024
0880
0A84
08AE
02A2
0746
08E3
0698
0B4F
0798
0BFC
0D69
065B
09C7
095A
0851
0B3F
08C1
0AAD
0A0A
0C0B
0A8C
0954
0874
0AE5
076B
0A77
0956
0A01
0C08
0C80
05EF
0A89
0903
0A70
06D6
04F9
09E1
0AEE
043A
0B2B
08D0
0956
0B23
0AA2
0C41
0A69
0C44
0763
0775
0900
08B9
0918
09DB
0903
0978
06FD
07DA
07DF
0791
0AB0
0812
025A
0C82
09AD
079D
08C7
09BE
0988
0AE9
0BE9
0E8E
054F
09A6
0900
0411
089A
0B8A
08C3
09E7
09EE
0888
07CA
0AE4
0A89
0786
0AA1
076D
0B7F
0641
0AA7
0C02
0856
08A0
0AB3
07C7
0B40
083A
0A4D
094F
0829
0B37
05E9
0B88
0A44
0657
0883
0A99
0C35
081B
07ED
0B54
02F6
092F
0986
096C
09E1
0B95
0987
0A1C
06D3
0C77
05C7
0C32
0696
077B
0000
09F3
0687
07F7
0B46
08DD
0C0E
09E4
08C1
07F4
04E5
062E
06D6
0645
0976
0A39
0CE1
0C62
07FE
0B48
07CB
08B2
0B59
0A8C
070E
0BF6
097A
0653
0AD8
0C10
0853
0BFA
0AB0
0859
0D0F
0A16
0BC7
086F
09BC
0B4A
0711
0C65
0887
0AA1
093C
081C
085C
0A89
079D
061F
0A36
06EB
086D
09B1
0CA3
0AFB
08D5
0B36
0907
0863
075C
0A06
08F2
0946
01B6
0927
094E
0B12
0BF6
08A9
0C2E
08CC
0DB2
0981
0A37
0CD7
0A6D
0EB5
0AB8
0BD7
0C98
07E3
0B08
0C0D
08EA
0E75
0D93
0AA4
0B95
0F29
08F1
0CD0
0DAF
0A5E
0A30
0E3D
08C2
0CDF
0BA5
09EC
0B93
0AC8
0DFB
08B1
0EB5
0963
09AF
0D2C
086D
0705
0D36
09B3
09FF
0C78
0A25
07D8
0AEF
07F8
0D3B
0793
0F18
0A11
09C0
09EA
0DD2
0B36
0975
0A4B
02ED
0633
0774
06B7
0522
04F1
0841
05F7
08B3
0748
0928
0740
06CF
06ED
05DF
0582
0657
0241
0750
0756
0467
094C
084A
07DF
05AB
0932
053B
0884
0675
04F0
0537
08C0
0465
062F
0468
0819
09F5
06AD
05E0
042E
06E9
0593
0634
04F4
05C0
039F
07DC
0941
047A
0716
06A6
0372
0520
04D8
05C8
057F
09E9
0664
069E
046B
0965
05BB
0531
0393
08A1
086D
05BC
0822
08B1
052B
06C5
0919
07E4
0553
04F3
05BD
0687
0698
075B
0578
07AE
05DF
0828
0823
0618
061A
0AEE
08C4
0884
03C2
0898
0717
0837
0340
028E
068F
06F4
0683
080B
064A
06F0
0412
0A22
091B
0554
059B
06D1
07DF
04F4
0613
0845
0983
0672
080D
09D6
0297
0679
0A67
0A74
0532
050D
07BE
09B6
0567
09B2
09FE
01F7
0000
0A12
0B4E
0C62
0D32
0C96
0E04
0CBF
09AE
0961
0D85
0F3B
08A4
0B51
072B
0A00
0D5D
0B3B
0CDD
0B79
0BBA
0B59
0D4A
0A47
0D99
0C2F
103A
09D1
0EBA
096E
07B1
08F8
0A95
09A3
0984
0C10
08E4
0DE2
0D03
08DC
0B57
0AC7
0C18
0C79
0B50
0822
084A
1005
0AB7
0E03
0B17
0E9D
0D9F
0B8B
0B9A
0D5A
0D9E
0DA1
0830
0D35
0E73
0CD8
0A62
0C33
0394
08B5
08D2
0923
0DA7
0B6D
0B91
097B
0D29
0CB8
0C6E
0B57
0BB4
07F4
0CD7
08F9
0921
0B59
0C6A
093B
0FCC
10F2
0E58
0A8A
0B01
0BE0
0F23
1044
0B8C
0AF6
09B0
09B5
09AF
0E6E
057B
0B58
0A9C
0CB6
0A60
092B
0D2B
0B8E
0CA0
0C13
094A
087F
0AD8
0C67
0AB3
0CC3
0D72
0D55
0C53
0BF3
109F
0C70
0DBE
0F0E
0DCE
0ACE
0BC2
0A77
0A5F
0989
0440
093F
094D
0E67
0E08
0DB2
0A8A
0ABA
0F72
0E4C
0946
0C1B
0CE3
0F4A
0E82
0CEE
07F5
0BA7
0D56
0F04
0B5E
0E79
0BF2
0EC1
0DCF
0D06
0C9D
0C46
0E5F
0A4F
0897
0B52
0C13
0D60
072A
0D8B
0E71
09EB
09F1
07AC
0DC7
0F40
0BE0
08B6
0B26
0B0F
0CBD
0A1F
0ACE
07A2
114E
0E0D
0D7E
0A09
0D26
0F57
0795
0D82
10AF
0A5A
0B98
0EE7
0ACB
0461
01D3
0923
0AA0
0862
0CA9
0CAD
0D85
09E0
0AE8
0D42
09F4
0E1E
0C6A
0B6C
0D03
0E01
0E2E
0B90
0966
0BF1
104F
0BAE
0DCB
0F64
0E28
0D1F
0CBF
0BE5
0D44
0F01
095E
0A05
0BB2
0BCD
0E97
098E
100B
0784
0A2D
0CC5
0BA7
0C34
0AD7
0E77
0D43
0862
0C55
0C2E
069D
0AF4
0BBD
0CDB
0A19
0C5F
0D84
0D3E
0D91
0774
0D58
0AAC
0D4D
0E20
0F4F
06B9
026C
07AD
0AEA
0B96
0C80
0A9F
0B9C
0E53
0A89
091C
1049
0BBD
0A81
0E42
0FD3
0954
0E4C
08D4
0BA0
0BCA
0EB2
0C82
0BA0
0FB4
0C38
0D78
0CA6
1141
1000
0F04
0D2F
0C34
0CE8
087F
0EDC
10ED
0E84
0904
0ACB
10BC
0B36
0A5A
0E06
0D08
0D54
0E3C
0E44
0E8E
08FA
0ED6
0DC5
0653
091C
0E02
0E83
0B1B
0B2B
079A
091A
0CD4
0CAC
0F1E
0BBD
09CA
00FD
0650
0F3A
07C5
0E17
0A32
094A
0B01
0D07
0BE5
0B20
0966
0D55
0C52
0F4F
0999
0A0D
0E85
0F57
0A6F
0BC2
0930
0F1D
0D39
0D43
0A34
0B24
0E17
0F03
081A
1176
0E23
0EA9
0CA2
0CB2
0C3E
0BA0
0F28
064D
0AEA
0C6F
0D62
0CC3
0A73
0BED
0C67
0C9A
0CC6
0958
0A50
0996
0943
0777
0AF1
0CFF
0B17
0A36
09FD
0C8E
0B94
0E62
0A37
07AE
0A9D
03CE
085C
0AA9
0848
05B0
0B1B
0947
0E41
0B8B
0CDC
0AD2
08FB
0A81
089E
0CA4
0D8C
0CD3
0D26
0D15
0A12
0B2F
0A76
0FDA
0DC9
102F
0CFB
0B71
07CC
0AA5
0D1B
0FBD
0E49
0C29
0FA6
109C
1105
094C
0C4A
0D6C
0A40
0DF2
0891
0BD8
10AE
0BDA
0F4E
0C46
0DC6
0BE5
0E1D
0864
0BE1
0B3E
0B77
0A7D
0BA6
0D7C
0A8A
0AD5
0C0A
0D1E
0B29
0A9C
0A44
06F8
0969
0873
0A3C
08BF
0DF6
0A8B
07E4
0A53
0BB5
0D20
0D7B
0D15
0DAF
0ABA
0897
0989
06A9
0EAC
0F9F
0DCC
0B09
0DFD
0FFD
0D5A
0CEA
0D92
0B2E
0AF9
0D87
0850
0E09
0700
0E2B
0E4D
1064
0A4B
0CB2
0F6D
093B
0AAD
0765
09D4
11BF
0DE3
0B6B
0FD6
1091
0DD1
0C82
0A69
0BA9
0DB9
0D6D
0D53
0BA8
0AAE
0BB9
0BAD
0C3A
0D27
0ABF
0C5B
07C8
03D5
0968
0AA3
0958
0CA1
0924
0B77
0E59
0BE5
0D95
0A68
096E
0DDE
10AD
0E15
076C
103D
09D6
0BDE
0EAA
0937
090C
0C49
09DC
0E7A
0C80
0CC5
0F7E
0C65
0F60
0A01
0900
0B90
0C65
0D97
0A71
0FB5
0B1F
0E5C
0A0F
07C3
0CC4
0980
0E4C
0983
0B6B
0A35
096D
1173
09B1
10DF
071C
0A1D
097B
116C
0C99
09F3
0C5C
0DD9
0CDA
0A00
0C90
0DB5
0B15
0000
0888
0C4C
0EF1
0BF7
09ED
097A
0FB6
103F
0B32
09BD
0CA9
0D54
0CD4
0F11
0C10
0D06
0FF6
0BDC
0C16
09E0
0C2B
0C21
0E00
0B11
0B4A
0CEB
11C3
0C9E
103C
0A3B
07BC
09A2
0F55
0C50
0E6D
0D87
0DD0
0934
0A89
07C9
0C2D
0BF7
09CC
0D7A
0ACC
0DF8
08DF
0C85
0954
0D52
107B
09B8
098F
07E8
0CBB
0E9D
0FC6
096E
0C65
04DE
0976
108F
0B95
020F
0B34
0677
0998
0C1D
08B1
0D06
0E30
0CD1
09AE
0B43
0FD5
0EB9
0AC7
0B49
0C8B
0C55
0FD6
0B21
0BB0
0BEF
0E67
0E6F
0F46
07FE
0AB3
0B76
0F07
0AFB
0DA0
0D1B
0CBF
0BA8
0D54
0C9A
0CA1
1095
0EC2
0AF1
0B11
08B7
07FF
0DE9
0A91
0A58
0B69
120B
0BA1
0B75
0BA4
0DC5
0EA7
0C6F
0B77
0A17
0B47
060C
0BFF
10AC
0FBD
09CD
0A74
0C61
0A9B
0336
0B51
0C9F
0B03
0CC2
0BF5
0D7B
0D1C
0927
0CCD
0EA0
0CBB
0D44
093D
0929
123D
0B6B
0B8F
0E0D
0C8A
0E90
0E93
0DD9
0CB1
0E15
0E2B
0D67
0AF7
0FFA
0ED3
0A4C
0A8D
0DA2
0D05
0E29
0DBD
0D3C
0DA6
0BCA
0B05
0C25
09D8
0CDD
0A09
086B
0E1C
0BA8
09A8
0E41
10A1
09B2
0B31
0C65
0E84
0D8E
08C3
0969
09E0
0C26
06CF
0F8D
0BAA
0F2D
056C
0491
08FC
0EFB
0CFE
0B15
0AD8
09E4
0B62
0A98
0E4D
0CD2
0C03
0A96
0D03
0A6B
0F0F
0F1F
0B9D
1088
0BB9
0C91
0808
0EE1
0A40
1073
0D7D
0D34
0B97
10FC
0AAD
0A86
06EB
0C37
0DA8
0DE3
0AF1
0CC4
0C99
0C9E
0BEE
0F92
0CDB
09CB
0882
0A3F
0D2F
0A00
0E1C
0D93
0B57
0971
0A6D
0C1C
0C1E
0A6A
0D58
0BF0
0B35
0E1B
0955
0993
11F8
0B30
07EB
0113
0834
0B9C
0E08
0D16
0B9C
0A8E
0BB0
0D58
0E6A
0EE0
09DA
0CC3
0B3D
09D0
09EA
0E0A
0C2A
0DE3
0C09
0CB2
0925
0CD5
0DE0
0C59
0B4C
0DB8
0DD1
0E97
082C
0A53
0AE8
0FEC
0B18
06B3
0C76
0BEC
0E2C
0B2A
0C38
0972
0EDD
0B0E
0AF4
0BE2
0BF7
07C0
0ED3
0F33
0CAF
0A62
0F44
0728
0B23
1039
098D
09CB
0BE3
0D32
0A25
0B7B
0FF3
0CAE
078D
04BA
06A6
0CFF
0A95
0B24
0FE5
0B12
07C7
0D05
132D
0FC2
0B9A
0A41
09D9
10E9
09E5
0B4D
0B5B
0EF2
0933
0F58
0DDD
0E6F
0C74
0C00
09BB
0BC4
0E1C
0F63
0A17
0A51
0F84
0B06
0D26
0B12
0F0A
0AB7
0BBA
0D08
0E6F
0F82
0D6D
08A0
0D6A
0E27
0A56
074C
0C07
0ABA
0B6C
0F77
0C40
0D8A
0BC5
11BD
090A
105F
09FC
0903
09D6
0F14
0B62
0CBB
07EC
0390
0AF8
0C85
0C82
0AB1
0F93
0A94
0856
0C5F
0C7C
0AE0
0B0B
0CCB
10CD
0E2A
0AF8
0B57
0F32
0E72
0D3D
0E2C
0F64
0D62
0D3B
0BF9
0885
0AC0
0F4F
0A8C
0DE2
073D
0C8A
0BF9
0C27
0B2B
0D56
0C93
0EB4
0AE4
0C38
0C7D
0DD7
0DAF
0F03
0C13
0E99
0B95
09D8
0860
0D60
0FB7
06E0
0AAD
0CF5
0C63
0EE6
0C29
0D6E
08BB
0ED6
0F4D
0CDD
07E1
0985
030F
0614
0D0E
0F68
0BB3
09E6
0B6C
094D
0C0E
0E8B
0B4F
0C31
0E8C
0BFD
0922
0BAB
0D61
0D2F
0A6D
0C55
0974
0C18
0D04
0E87
0FA6
0938
0EC1
0BC3
0CB9
0B0F
0E21
0EC1
0C70
0936
0B63
0DB8
0E52
0C1D
0DF3
0913
0C04
0FFD
0EA1
0D1B
0C5A
0B86
0C83
0942
0B2C
0D84
0AE1
0A04
0AD0
0E79
0B2E
09DE
0EF2
0D58
0B27
0B4D
0E27
0A6F
0CA6
09F0
051F
0A41
08E1
0BA5
0DF1
0E3D
0BE5
0AFE
0C51
0896
0921
0C47
0DD8
0F87
0837
0E67
0D1A
105E
0912
0B4B
103D
0E96
0BDD
0A64
0C9E
07E9
0B0A
0E79
0E24
0C23
0DF8
0B88
0B04
09D1
0FB8
0C20
0D42
0B01
095D
0F49
0ED4
0DBF
0B4D
08E6
0F87
0F2F
0D71
0CDB
0A5D
0911
0E7A
0FC6
0C90
0A37
086A
0D34
0C36
0C90
0FB3
0961
0A5B
0A27
0CB5
0522
037E
0890
0AAD
0A60
0AFD
0816
0BA6
0CC7
0C3C
08A3
0D84
0DEA
0D05
0D6B
08AC
0DBA
0C01
0D8B
0FC1
0871
0BAD
0AA7
0E93
0BE3
093D
09D9
09C4
0B74
0B78
092A
0A7D
0E46
0EE8
0D88
08FF
09FA
0CA7
0CF4
0C46
0899
10F8
0BC4
0A86
08DD
1145
0BBC
098D
0C92
0F1A
0ABE
0D74
0EF1
0B96
08E9
0A35
0BD9
0AE6
0D6F
0DF1
0B89
0D57
0C31
0D7A
07BB
0281
093E
0CAC
09F4
0D85
0AF0
0C82
07B2
0D48
0C40
09D4
0C95
096F
0C93
0A9C
0EC6
0C66
0A5C
0E89
0F9A
095B
0AEC
0C6E
0A30
0D1D
0E89
0E4D
080A
0A6C
0C53
0D95
0DBE
0AF8
11A9
0A2F
0977
0D03
0E29
0AE5
0C80
0BEF
0A2C
0A76
0C5B
0D6F
0813
09C0
0C6E
101D
0BCA
0BB9
0803
0BD8
0C6D
0921
0D95
0E94
0A7C
0BBC
0D3B
10ED
0C3D
085F
08FE
025F
07E2
0CE1
0733
08EC
0B39
0E06
0BB1
076C
0C78
0892
0C05
0A47
0C46
1034
0C80
0B60
0B88
0A96
0EF9
0FCD
0C69
0B42
0778
0AC6
0DEA
0C7B
0ECC
0C4A
10D1
08A3
0AB5
0C44
0CF8
0B1A
0C28
0A7A
0A33
0C42
0E5E
0D47
10E3
08E4
0C3F
0AC6
0AAC
0DCB
0980
0DDF
0D52
0D9A
0D39
0D5D
0BB9
0E33
09F5
0894
07DC
08DB
0E3D
0FA2
0C14
086B
07C4
040B
0A1C
0D2F
0B9A
09E3
0BA4
0B22
0AF2
085D
0E74
0C88
08DE
0B15
0A1B
0D6B
0AB2
0C3D
0D44
0D01
085D
0D80
0E27
0D51
0941
0D54
0DA1
08B0
07C6
0982
07F6
0C70
0F19
0F08
0A71
07D9
0CA2
0BFF
0DC7
0A92
10B9
0B64
0BBA
0CF2
088E
0AFC
0B1C
0B10
0FAE
09EE
0F75
0A41
09E1
0C6A
0DB4
0B25
0C6F
091B
0A51
0CB7
0D35
0ABA
0820
0DD2
082C
0316
07A6
0B53
085B
0ABF
0D88
09BA
0F8A
0943
0F3F
0BE1
084D
0965
0A28
0BB1
0C08
0C26
0DBA
0D3C
06D0
0E53
0DDF
0D39
090F
0BB3
0915
0C2A
0D12
0CCA
0BF3
0ABD
0AD5
0FA8
0CF1
0BE1
0FBA
09CF
0D71
0AF1
0C23
0996
100B
0FFD
0F71
0873
0C65
0A93
0E0F
092E
0D73
095D
0D02
0834
0D6E
09C8
0D75
0BAC
0A40
0D3E
0C39
0A44
0C70
0CC7
09D0
0000
0BEF
08E5
0DA1
0968
0CF1
09BF
0B57
0CD8
08C8
0A3A
0D8E
094E
09D7
0E5E
0FDE
0E7B
0A5B
0ACD
0B8E
0EB5
0C89
08C1
0EA0
0C41
0918
0AEB
0B51
1012
0B14
0CB8
0B34
0DEE
0CF3
0CC9
0DB7
0BDB
0DA5
0C7A
09A4
0D63
0C5F
09D3
0C6E
0E9D
0CBF
0857
0CCE
0AFB
0C8C
0D4A
0D57
0F91
0B50
0CF5
0A3C
0EFF
0B37
1169
0B23
0B07
0B1D
0CB4
07DB
029C
08A3
0A85
0675
0D2A
09E7
096A
0A2F
0DE1
0AF7
0A78
0A19
0AB3
08BA
0BEB
0A57
0D59
0B3E
0986
1003
0BF2
0821
0915
0DE8
0D59
0A40
0930
0961
06E4
0FC0
0FFA
0F4E
0AA0
06DB
0B78
0FFF
1161
0B2C
0C05
0A47
0E55
0C6F
06E4
0ADA
0CD1
0B34
0D5C
0AB6
0B72
0EFA
0DAA
0A3E
0C2E
0A70
0D96
0955
0F3F
1237
0E7D
0AA2
0814
0F4E
0E0E
0BD2
04F9
0B30
0896
108C
0AA6
0C23
0844
0D39
0BD3
0C6F
05AB
09CA
0AA7
0B81
0ADE
0C9C
0A6E
097A
0C96
0C68
109C
0A24
0AA6
080A
0B81
0C6C
0A96
09F3
0A8F
0667
0DDD
0CAB
0C66
07B0
1046
0BF4
101D
0E90
0894
0962
0A3F
078B
0899
09C6
0C1D
0E40
0A4D
095F
0A11
0A59
0A1F
0AB7
0E9E
0BA3
0780
0979
1088
0F24
0814
0958
1113
0994
0A54
0525
05AC
0A86
0AB7
0B64
0C52
0CD4
0B06
0CF3
09F4
0CAA
0C60
0A0C
078E
0BD8
0D48
0899
07FB
0BAA
0E81
0CEB
09EF
0C69
099A
0C37
0D26
0952
089E
08F5
09AE
0AEE
0E18
0D64
0A11
091D
0C1C
0C29
0D7B
114E
0E3E
0FD8
0B01
071A
0506
0DDE
0DF1
0DA2
08B3
0B85
0CD7
080B
0CBD
0F05
1008
0A23
0B06
086E
0E44
0F9B
0B66
0BA7
0EF0
0B77
0768
0743
0240
0AC4
0AFA
0EA9
0990
0A1A
0D48
0B4F
0B74
0DE0
0E9F
0B8D
0FE9
084E
0C49
0A6F
0A74
0783
0C8F
0F81
0C99
0BC9
0D8F
0C42
0A44
0BFA
0C2F
0E13
0899
0D15
0B3D
0BF8
0E8B
0BC1
0C26
0C14
0772
0BEE
0EED
0E09
0BD5
0B0E
08C9
0A5E
0F38
0C9A
0DC5
084F
08FC
0CF0
0C9A
0D33
0887
09C9
0A1E
0C87
1127
0AD8
08BF
0A55
0F6F
0AB4
0A24
0951
037D
08BE
0E3A
0A69
0C1C
0AC9
0899
0B5D
0CDB
0DE3
0CCC
0EA8
0E8F
0D13
0B09
0FDA
08FE
0A57
0CC8
1043
0CB2
0A65
087F
0C62
0E9D
0DEB
0BF6
0952
0BF5
0D96
0CCB
09EF
0C4E
10CE
0AC4
1022
103B
0A6F
07A2
0E07
0A6D
0F11
0CE3
0D4F
09EA
0A21
0CE8
0FED
0BE5
0A93
091B
0F05
0D73
0851
0D56
0D96
0C47
0AB7
0B8A
1000
0A7E
0842
0B64
07DA
0091
0975
0A1D
096C
09FA
0B90
0B4B
0B1B
09CC
0CA2
0F11
0D05
0BF1
0CF9
0C4D
0A5F
0BBC
0C68
0E97
0A64
0E2B
0CA1
0B69
094E
0AFB
0770
0965
0AC0
0A86
0DA5
0B2B
0C16
0ADA
0CFB
0CAF
1045
0CB4
0CE0
0A88
0D9E
0A8C
0D34
0D04
0BDA
0A54
0FA4
0B50
0D5C
0C10
0D51
0C74
099E
0B7F
0897
08CB
0D3D
088C
0BF8
0892
0F1B
0683
0D05
0BAB
0961
0236
06D0
0A92
0767
0C7E
0A35
0B77
0962
0B46
092F
0B37
0D0E
097D
0F0D
0B36
0D1A
0C11
0B99
0E6B
0CCE
09BE
0B85
1122
0EF6
0B73
0E70
085D
0959
0AA2
0CF6
0CEB
0D68
0A78
0930
115B
0AC6
0B51
0A83
0EC2
0ECE
0D6A
0A3B
0B53
0C12
0AF8
0E3D
0B67
0AAB
0EDA
0FB6
0956
0DE2
0CF9
0DEC
0615
0F3F
0886
09FE
0A46
0F79
0BEC
0994
0C06
0837
0000
07A4
092B
09A8
0CDD
09EC
0A7F
0B20
10AF
08D5
06EA
0C26
0BE4
0B78
0C83
0658
0C0D
0E70
0F7C
0825
0C39
0A5B
0D97
0BB4
085C
0DAB
0C22
09AD
0C41
0795
0B9C
081A
0970
09CB
0AD9
0F34
0BD9
0DE2
0BA7
0C83
0CC3
0F26
08E4
0D9D
0BF4
0CD7
0E25
0E7D
0B9C
0B2E
0C36
0CF8
0CF1
1189
091A
0AF2
09DA
0F12
0AF1
0C66
09C3
0C7B
0AB0
08C1
03B0
087B
05CB
0C58
0D96
0900
0E99
0DB1
0C76
0C80
0AEE
0F8B
0E73
09D7
0DC4
0870
0C49
087E
0C95
084F
0E25
0B43
0BDC
0F1E
0AE3
0AE0
0A3A
0A35
0CDD
0AD9
07BD
0B95
0A87
09FF
0B15
093E
0AF3
0D44
0F2C
0E23
0E60
0AF7
0D19
0A4F
0F0C
0980
0D93
0F89
0DD6
0C3E
0B35
08B7
07DD
07F3
0BC2
081E
0DCA
0B08
0CFF
098B
0A1F
07EC
0B57
0A8E
0644
074A
092A
0C46
0C07
09CC
0C30
0D68
09CA
0A7B
0ED1
0B41
1029
0B2E
0EAF
0AE7
0BEF
0D4C
0B40
0DB4
0906
0C1D
07AD
0D95
0FF3
0B8D
095C
0609
0E83
0CC1
0B42
0CE5
0A80
0C7B
09D8
0A8C
0820
0C2C
0FCC
0E01
0CAC
0A99
0E33
0A8B
0C24
09F2
0BA0
0E3D
0DFE
09D3
10AE
0B30
0C53
0A65
0A1A
0A6A
0BF4
0D3F
0F42
0A3F
0F6E
0BEE
0A63
0692
01B6
09CA
0CC5
0C80
0953
0A31
0DA3
0B46
0B09
0802
0D5B
0DCE
0D1E
0C6D
0D7B
0C90
0B8B
0965
0AA4
0C9A
0C36
0D49
0C2A
05D6
094B
0CC2
1142
0E26
0B17
0C0F
0792
0757
0BD5
0E52
0C5B
0A3C
0BC9
0A5C
0AA9
093F
0B12
099E
0D08
0F8C
0EE4
0C38
0A3E
07F6
0F41
0C45
0FC1
0DF3
0E92
0AF1
0A50
0CE2
0EAD
0ADA
0B72
0D7E
09C6
0748
0E0B
094F
03C5
0818
0F67
0D14
082D
0F65
0BAC
0E6B
0B18
09C0
0CF6
0D00
0AA7
0DA0
0BA3
0FE2
0D5E
108A
099F
0EB7
0BB6
0E55
0D92
09C5
0AF4
0A65
0CFC
0E84
0D69
0A2E
0A25
09D4
0BDD
0AAE
0A86
0558
0D40
0C0B
1037
0A0C
0C97
0C25
0EF8
0AA1
0BF8
0B07
0DF3
0A9A
0D0B
0E1A
0C7C
0ED4
0B51
0C3D
0B1B
0F89
0C8B
0D70
0D12
0969
07FE
0798
0B26
083E
01A6
08A9
0E7C
0B75
0A79
0BCD
0B5A
0A98
0AE6
0C74
0CE7
0B33
0CF2
0AB3
0A40
0E72
0F85
0F9D
10E9
0C90
0CDF
0B83
0C03
0B99
11BE
1037
0625
0CCF
0FE2
0D81
0C93
0AEE
0BCF
0F58
0BCC
08D3
0A1F
0A5A
0861
0C3E
0919
0D1E
0D9A
0B33
0920
0CFD
0D2D
0942
0AB2
09E9
0A3E
0C3C
0D3C
0C2F
133C
1217
0FF4
0AF2
0C8B
08C0
0BBE
08F6
0DDB
081D
03BB
06F1
0C03
0BB9
0F8A
0DCD
0BFB
0B69
0C17
0A23
0B4D
0B7D
0835
0ACF
0B57
0D0F
0E1C
0AAC
0C61
0F0D
1075
1002
0BB1
0BDA
095B
0F62
0F04
0893
09DC
0A90
0D73
0CE1
0890
08B0
0C58
0B9A
09FC
0A98
0A69
0C3D
0F08
09EA
0CE8
0F3F
0D35
096F
08C2
0F31
0B05
0C98
0C4B
097A
07B3
0CA1
0AC5
0F01
0ED2
0FE6
0BA2
0C2B
0D31
0C95
06AB
08FE
0024
0996
0B67
0B47
0CFB
0D0C
0D16
0C95
0FB1
0AEB
0945
0C83
0D2E
0ADA
0CE8
0D0A
0C43
09E1
0C33
0C47
0CB4
0C0E
0B0F
0EC0
0DFE
09D5
0DFE
0BF0
0CF2
09EB
07A8
0BAD
0C45
0B5C
08EE
0D7D
0A41
0C84
0B3D
0B08
0D17
0D95
0982
0E91
0B1C
0C07
0737
0ADB
0A23
0F3F
0E7E
0B42
0A26
0F29
0832
0B68
0BF9
0C96
0AEE
0B54
09DD
0C2C
0989
05D4
0396
0AFD
0B86
1086
0C44
0ADB
0B71
0EC3
0E51
0DBE
0E3F
0D5A
0CB7
0830
0EF8
090E
0BB6
0CFF
0EE9
0C8B
1038
0BF7
0CF5
0E59
1178
0B4E
0AEE
0C19
0B27
0B8D
0CCA
0D1A
0BA4
0BA2
0A56
0C1A
0B71
08B9
0C6B
0A15
0AF7
0EE2
0F77
0E53
0AEC
098B
09FA
06D7
0BA9
0CCD
0BE1
0A5A
0939
0EC4
0A41
0F69
0E75
0987
0A05
0C11
0678
0B86
0B77
0AC0
018A
0A97
0B9B
0F83
0F8D
0A8C
0BAC
0D42
0D7E
0C8A
0E27
0A83
0C61
0F62
0E8F
0DDF
0BF6
0AEB
0C97
0CCB
0B62
0E5A
0AEE
09DC
0B11
0E6D
0F7D
0B64
091E
0AC2
0E41
0ABD
0A3E
0DC2
0CDC
0B72
0C00
0A18
0B35
105E
09A2
0C16
0F19
0B91
0739
0B76
0C60
09D9
0B52
0B21
0970
0E70
0F1B
07B2
0939
0C87
0DBF
0AB6
08FE
0974
071C
0DB6
0E8F
05CD
022F
0A7E
0AA9
0F59
0D64
0B31
0DE9
0BE1
0C65
0A24
094A
0A3E
0A65
0F3C
0981
0CE1
0A83
0D26
0D09
0A33
0A6D
0C0F
101F
09B3
0A66
0CC3
0D73
0ADF
0E90
0C92
0BC4
0C0B
0D19
0D95
0BF8
0C02
0955
0AE2
0A0D
0ACD
0A3A
0B11
0F1E
09F4
0EFA
0870
0C7B
0ABA
0CC7
0ACB
0918
0DA1
10B8
094F
0CFE
0ED3
0C8F
0D89
0A1D
0A3B
0D24
0978
06E6
0914
02CC
0856
0D67
0825
0A64
0C90
0D77
0CFB
0F99
0FA7
0E88
0C5F
0C0A
0B22
0962
08C7
0B5C
0F0E
0B10
0DE2
0B4C
0F13
0D48
0BC1
0A14
0BA1
0ED7
0948
0757
0BA6
13F0
0CDC
0EDB
0A2B
0CEB
0C0B
0C82
0DE5
0DE9
0A8D
0C93
0957
0CFA
0963
0E9A
0D3B
0923
0D5F
0DBA
0E09
0883
0C9E
0D2C
0E8E
0ACD
101D
0A8F
0E3F
0BFB
09C0
0AE9
0E6A
0946
071D
023E
0951
0C9E
0E8C
06BF
0AC6
0A40
0C55
0858
0BF8
0EC1
0E3D
0B90
0F3E
0BA6
0D3D
085B
0729
0A67
0CC1
0F2B
0BA7
0E3B
091E
0ACE
0F34
0A64
09F4
0969
0BFA
0C98
0AD6
0C80
0FE4
0C1C
0D31
095D
0C6D
0F0B
06C2
0A67
0EE5
0E49
0E4F
0A21
0CED
0B94
10CD
08BE
0CB2
0AE9
1008
0A81
0B72
0DDF
0A65
0B1E
0BBB
0C36
0888
0DC6
0FD4
0CBE
070B
0151
09E2
0F4A
0E7E
0A24
0C27
0C4A
1053
0BF8
0B1B
0D0F
13A7
0B46
0F82
0CC3
0C82
0AF1
0D05
0BBF
09D9
09DF
0C81
0EE7
0C26
0B7E
09FC
0BAC
084B
0CC8
0E4A
0FC3
0C7C
0A4F
0C11
0A50
0AAD
0E74
0D4D
0B70
0C56
0824
0C9B
0A07
1289
0DE8
0D23
0CB2
106B
0CF5
0852
0A7D
0DC1
0D00
09A5
0E1E
09C2
0B27
0906
0BA5
0C49
0904
0B65
0B36
0674
0576
0BED
0FB2
0C13
0EFB
0C75
0BAA
0DB5
0E98
0C20
10D3
0BD8
0DEB
0FD4
0DD6
0A9F
09AF
0ADF
091B
0812
0C12
0CCF
0D67
08C4
0A9C
10D8
08C0
0B80
07A1
105A
0E71
0FA0
0C63
0C0D
0B46
0A78
0F76
0E9D
09FC
0CE1
0B43
08C1
0AC2
0F8F
0B77
0BE8
0EA2
1020
0B54
0CD0
0C61
0DBF
0F5D
08B5
1140
0B01
0BD8
0975
0B73
0DAB
0D73
08EC
0BE6
0877
0288
0D3E
0E66
0F02
0EFC
0D60
0F1B
0BBF
0CEF
0D9C
0E4D
0C8A
0D1B
0EB3
116A
09AD
0AAB
0D01
0DC9
049A
0AB5
0D2F
0B8E
0BB2
0AF6
0D9D
0C09
0C30
0C4C
0AE3
0B59
0D73
0EF1
09FA
0E06
0DBF
0BF2
0924
0A57
0983
09B7
0B95
0E06
0F5C
0C5E
0BBC
0DA0
0BB5
08B6
0A44
1145
0D4F
0B65
0C8A
0C40
0D79
0D9D
0D54
0776
09A5
0E4B
0CC5
0DF0
0628
00BC
0A3E
0E0F
0D26
0EDD
0C15
1182
0CEA
098D
0C90
117D
0EBA
0E2E
0A2E
0AFF
0D29
0E29
0FFA
0D79
07C8
07A0
0B49
0F26
0847
0ABE
0D8F
0E74
0A3B
11CB
09A0
0D95
0BDA
0CD9
097C
0BA0
0FDD
0CA1
0EC0
0B40
0AD0
08C0
09A5
0AE2
0CB8
0A36
0989
0C41
0B82
0A02
0B6F
0B1F
0AEF
0B4C
0C5C
0A6D
0BE9
0C30
0B76
09C9
07A5
0DD1
0E47
0915
09F9
015C
08A0
0F9F
0AF7
0D8B
0D78
0E87
0B44
0BAB
11B6
0E60
0BAC
0DB2
0A47
07A1
0DF1
0F0F
0A97
0BA4
0F48
0D10
0C6E
072A
0B64
0BE6
1085
0C7D
0C0E
0EF8
0BA2
0EE9
0DD7
0A7D
0CBC
0DB7
0B7E
0D30
0D33
0D35
0C05
0B2D
0B59
0D0D
0C6B
0822
0C1F
0A1A
0981
0B29
0C57
0C71
0A16
09E5
0B49
10B8
0D07
0B87
06DC
0E03
0B1C
0D96
0D64
0B75
09CB
0245
0740
0D9D
0927
0710
0E40
0B51
0EF9
0BF0
0C4A
0C10
0BAD
0DD0
0E84
0D6F
091A
0B81
0B1A
0B9A
0DE9
0E2B
0DEC
0824
0A1D
0C30
0BF0
0C68
0E1E
0DF2
0AD1
0A20
0DD8
0D54
0A68
0EDA
08B8
0961
0EB4
1077
0AA1
0DBE
0CEA
0EB4
0CFC
093A
0CD9
10A7
0B15
08A9
0CD1
0D33
08BB
0CD3
09B4
0B73
0949
0BD4
0E50
0CFA
0926
097B
0DBB
0A8E
0B0D
0447
09D5
075C
0AF1
07C5
0C3A
0927
0AE5
1100
0DA1
0C65
0ED2
0CA1
109E
1129
093C
0AB9
0C10
0CF2
0A64
0E78
0C7A
0A0E
0C3C
1043
0915
0F19
0A0A
0A37
0ADB
0DE9
062B
0E28
0AB5
0BDC
0AA4
0DD7
0A91
0BF6
0CF9
0C3E
0D41
0B79
0AFA
0938
0BFA
0EF5
0CA1
0E15
0D1F
10D0
090D
0B5A
0CA5
0CFC
0AF0
0F4C
0BCF
0B0B
0A5F
0B4C
0ED6
073F
08C2
06B8
0C58
0AAF
0D53
0E72
0A70
0908
09CB
0BEE
0D27
09B4
0925
0F8B
0A14
0D9C
0CA3
0C6C
0AD8
121D
0C85
0E66
0B10
0FFE
0C29
0CD7
0B31
0D95
1032
0945
0A5D
0F47
0B9F
0A13
0D1F
06A3
0DC1
0F9D
0B22
0A9E
0FD1
0D85
0ED8
0D5B
0C99
0996
0F0D
0EB0
0B6F
0DD4
0D85
0EB1
0987
0E49
092A
0CF8
0CC7
0C28
0C46
0E80
0EB3
0DD0
07E1
0C78
06CE
02D7
0ADD
0C21
0AC9
0DD7
0DCF
0B2D
0E00
0B0E
0BA6
0A52
0CEF
0D24
0D18
0AF4
0DE7
0CBE
0D0D
0A27
0CDC
0A32
1041
0DFE
0CAD
0B9A
0B2C
0E14
0EAA
0E5A
0815
0C43
0DA9
0883
09A3
0ABA
081D
0E1C
0F5A
092F
0E9F
08A2
0FEB
0E8E
0DBC
084C
0FF0
0A1A
0B07
0F57
0CDE
0F2C
0D20
0B07
0B25
09ED
0C12
1088
0B3B
09F5
0CD9
091B
0E18
0F24
09D2
004D
0A8A
0C73
08BD
1111
0D8A
0BB7
0FF1
0CA0
08EB
0DA4
079A
0E0C
0E7D
0C52
0B92
0B13
0CA3
0842
0CF5
0DD4
0D32
0F4D
0B57
0D97
103B
0EA9
08EE
0CA3
0E95
0AEC
0D24
0A7D
0B26
0BA8
0CAE
07B9
0F01
0771
0C64
0AA8
104B
0DCC
0CED
0C98
0DAA
0CA3
0A9F
0D10
0E4B
0D9A
0C51
0BD7
0D69
0D5C
0E7C
0EB3
0D2D
071B
0C12
0EF3
0B8C
0D45
0861
0477
07DB
0D40
0BA0
0B5B
09A3
0F5E
0E8C
0BBC
0697
0B84
0AD1
0CEE
0C0A
09E9
0C72
07A4
0BD8
0BE6
0B99
0F23
0A45
0EE9
0C83
0D9F
0B56
0C04
0D3A
0E28
0DA9
07F4
0C0C
0C5E
0973
0EA1
0D7A
0AEF
0840
0C9A
0CBD
0F35
07F4
0BF6
0809
0D24
0AD5
0B63
0E0C
10AC
0E18
0A21
0A3F
0AEA
1116
115E
0BB4
0BA2
0B27
0E11
0C64
0EB7
0706
0DAA
0959
03A4
0B05
0AE2
090B
0A8E
0BF1
0C2E
0E89
0B4E
0806
0A5F
0E11
09AE
0C44
06E8
0E25
0B23
0A63
0D33
0A76
0C2D
0E45
0C8D
09E4
0778
081C
0D14
0F5D
0C69
0EF0
0CB3
0A2A
0A58
0AE4
0B21
0AC8
0D4E
0CCB
0E86
0C73
0C31
0B88
0D10
0ACE
0C26
0B97
0E2B
0EED
0DBD
0E58
0951
0A96
0C76
0AE7
0CF7
1137
08FB
09CE
0C42
0BCB
0DDB
0E59
0A21
0842
019C
0A9A
0743
0EE8
0AC7
0798
0ADA
0B6E
0DC6
0B1E
09DD
0C87
0CB4
0AD3
0F78
0B40
0CE7
0BCE
0AFE
07C2
0E71
0F5B
0D5B
0B57
0C3A
0AD3
08A7
0ED4
0AE5
0AA5
0946
0B78
0BF9
0C0F
0D0C
0B55
07D5
082A
0CAF
0E7B
0BFA
0C92
095F
0873
0BB2
0CD6
0C95
0CEB
105F
0C30
0BC1
0E87
0CD0
0B44
0FEB
1060
0A18
0894
0C02
0964
0C64
0C7F
0B50
0709
0532
0B40
0CAB
0F2E
0D1F
07A5
0B8A
0A53
0B02
0A85
0B0A
0EE2
0E3D
0B79
0C10
0B21
0861
0C7A
0EAB
0B51
0F71
0EC5
0BDD
0921
0AB7
0C94
070D
0E6A
0D47
0819
0CAF
0D09
0D5C
096C
0C3B
0C8F
081B
07F3
0B87
0B4D
0DE6
09E8
0A92
09DA
0E6F
0E09
0DE6
0E0B
0E7A
0B2D
0C2A
0D0D
0D77
0F97
0C87
080B
0CCC
0CE2
0EAE
0802
08EE
0C73
1084
066D
0277
08B3
0C3E
0C2A
0AA5
07A4
0EC8
0DC3
0AF6
0BB9
0B64
0CF1
08C5
079A
0EBB
0D56
0D58
089A
08CE
0860
0EB1
0C1B
0AC7
0A96
0C0B
08B6
095E
0C14
0DF1
0BD9
0DEE
0809
0D61
0DDE
0BF8
0B9D
0AC2
0D0A
0D78
06E3
0BBE
0A9C
0A07
0775
0C58
0D1D
0FCE
0B78
0952
0AD3
0788
0DB5
0B39
0C91
0E37
0BDC
0CAD
0BC2
09A6
0CDC
0BB9
0B51
0ABA
09A8
00E1
078C
0F33
0C3A
0929
0D87
0C86
0D97
067B
07FE
0BF5
082C
0831
0B76
0C9C
0EFF
101F
0C6F
0861
0B5E
0D61
0D9C
0C5F
0E05
1013
0B3E
0C9C
0A5C
0CEF
0CA1
10E9
091A
09C2
0D88
1007
0C4F
098B
0A6F
0BAC
0E38
09DB
0A82
09A6
0E99
0907
0C13
0D79
0FB5
089B
0D5C
0AA0
08DA
0BDC
0FF0
0C32
0DC2
086E
0BB1
08B4
0DDC
0A94
0976
0A06
0C3F
02FA
07A1
0CCA
0C25
0D8A
0EE7
0D7F
0984
0E3D
0E52
0A6E
097E
0BAE
0E28
0AD4
0B0D
0894
0D13
0E95
0BCB
0E67
0B38
0DFB
09E3
1049
0836
0E41
0DE6
0B84
0B29
0D9A
0B81
0E49
0E7A
0CF0
08A4
0C0C
0D45
1000
0B88
0CB0
0A12
0AF2
0A87
08D6
0C25
0ABC
0BE2
0B86
0DEC
0889
0933
0D75
0976
0B52
0F24
0D6B
0CC2
0956
0E73
0B3D
0F6A
0B82
085F
0167
0665
09F3
0767
0944
0AB4
0E9F
0C1C
0D80
0E53
0CBB
0953
094F
0A22
0B75
0A2C
0AD7
0A7D
0A6B
0C9F
0D66
0A02
0DE8
10A3
0785
0B1C
0D1A
0CE2
08DF
0D1E
0770
0B5E
0D89
09E7
0A9B
0D42
0F3B
0A08
0A5C
0ACE
0BC8
1018
0B9B
06DB
0BF5
0A2E
080F
0E24
0A03
0775
0B14
0881
0ADC
09EB
0AE9
0EC5
0C24
0BB6
0A87
091F
0CEE
0DC3
0C72
04E6
03DE
0360
08F0
0900
0B7D
0827
09A6
0963
08C3
096A
098B
0C1D
0A96
0B3C
0CBA
09B8
0AF2
095A
07FF
0B72
0A7E
08DB
0B65
0D2B
0B76
0CF3
0AB7
0A79
0BB3
0C20
0935
0A5C
0B8B
0A2B
0B00
07DB
0AF1
0B99
0AA5
09B2
0ADD
089E
0A0B
0AA4
09EA
09BF
082E
08DB
0B27
08F2
0AB1
09D9
084C
084B
0915
0862
0957
0AC7
0B4B
0B1D
0902
08E1
0A65
0A35
06A9
00FB
03DB
05E3
0473
0256
0414
05F7
018D
013F
05A6
01A3
044F
03E9
018D
0491
039C
0385
032F
0465
0340
024D
03D6
0558
00D9
07CC
03FF
0315
0296
0472
0162
0215
01CB
00DB
01D0
0399
0180
0292
050D
0000
032C
0389
0338
02DC
025C
026D
043A
0302
0235
0617
00BB
0379
0535
0286
020F
0157
0620
05C9
0000
0389
0792
0301
0247
0382
0200
0000
0237
0000
0000
0000
01D8
0000
0000
004D
0000
02ED
0000
0000
025E
0000
0032
01B0
035D
0000
0000
01A6
0000
0000
0000
0000
0000
014B
0000
0000
0000
0000
0000
0016
0000
0000
0018
0000
0000
0000
0000
0000
0000
0000
0000
025C
0000
0000
0000
004E
0000
0000
00ED
0000
0000
0000
0000
017A
0000
0000
0000
0000
0000
00CA
0069
0000
000E
0000
0000
0000
0000
0000
0232
0000
0000
0148
0000
0000
015C
0000
004A
0000
0000
0000
0000
0000
0000
0000
0000
0000
02B5
0000
0000
0234
0000
0000
0000
019C
0000
0000
0447
0000
0388
0000
0000
0000
0059
0000
0000
0441
0000
0000
0000
0000
01D6
0000
0366
0000
0000
0000
0000
0000
02A5
0000
0000
0262
0000
0000
01B8
0000
0061
01EF
0000
0008
0000
00A5
0000
0000
043F
0000
0000
0262
0000
00C7
0000
0000
0000
0276
0000
0000
0000
0317
0000
005E
0000
0000
0000
0000
0000
0251
0000
0024
0087
0000
0000
0000
014C
0000
0000
0000
0000
0000
0000
0000
0359
0000
0000
0000
0000
0000
0038
0000
0000
0000
0000
0000
0022
0000
0000
0000
0000
0000
0000
0000
0094
0000
0000
0000
0000
0526
0000
0000
0000
0000
0000
0000
0000
006C
0000
0000
0000
0000
0000
0000
0000
0000
0000
0000
0000
0000
0000
0000
02C5
0000
0083
0000
05F5
0000
0000
0000
0000
0204
0000
0000
0159
0000
0000
0000
0000
0000
0000
0000
0000
0000
0000
0273
0000
0000
0000
0000
0000
01DC
0000
0000
015D
0000
0000
0000
02D4
0000
0000
0000
0000
0000
0000
0000
0000
0000
0000
0000
0059
0000
0000
0000
0000
0000
0000
0000
0000
0000
0000
0000
0000
0213
0000
0000
028F
0000
0000
0000
01CA
0000
0000
0041
0000
0000
0000
0000
0043
0000
0000
0515
0000
01E7
0000
01BE
0000
0000
0000
0000
0082
0000
0074
0000
0000
0178
0000
00BD
0000
0481
0000
0000
01B9
0000
0000
002E
0000
0000
047A
0000
0000
0000
001A
0000
0005
0000
0000
000F
0000
0000
0000
0000
0000
0000
0000
0000
0000
0000
0000
0000
0000
0000
0000
0000
0000
0128
0000
034D
0000
0000
034A
0000
0000
019C
0000
0000
00A2
0000
0161
0000
0000
0000
0000
0000
0000
0000
0000
0150
0000
0000
0188
0000
0000
017D
0000
0000
0204
0000
0000
018A
0000
03E4
0000
0000
028C
0000
0000
0187
0000
05F9
0000
0000
0000
008D
0000
0000
0000
0000
0000
0029
0000
0000
0040
0000
0000
012E
0000
0000
0000
00B0
0000
0000
0000
0000
0000
0000
0000
00CE
0000
0000
0000
0000
0000
0000
0000
0000
0000
0000
0000
0000
0000
0262
0000
0000
0000
0000
009B
0000
01E5
0000
0000
0000
0000
0000
0000
020B
0000
0177
0000
0000
00B5
0000
0000
0000
0000
0000
0000
03F8
0000
0136
0000
0000
0000
0000
0000
00F8
0000
0127
0000
0000
0000
0000
0000
0000
058D
0000
02D6
0000
0000
0000
0000
0000
0000
0056
0000
0000
0000
0000
0000
0000
0000
0000
011B
0000
0000
0031
0000
0000
0000
0000
000F
0000
0133
0000
0000
0001
00C5
0000
02A1
0000
0000
0000
0000
0000
0000
0000
01F2
0000
0000
0000
0000
0000
0000
0375
0000
0000
0000
0000
0000
0166
0000
033C
0000
0000
0398
0000
0000
0000
0060
0000
0000
0000
0000
01C8
0000
0000
0000
0000
0000
0000
02BF
0000
03DC
0000
0000
0000
0000
0000
0000
0000
0000
0000
0000
00BB
0000
031C
0000
0000
04F8
0000
0039
0000
0000
0000
0000
0000
004B
0000
0000
0000
0000
0017
0000
0599
0000
0000
0194
0000
0000
0000
0000
022C
0000
0000
0314
0000
0000
0000
0000
0000
0014
0000
0000
00D2
0000
019C
0000
0000
0000
0000
0000
0000
032D
0000
0000
004C
0000
0212
0000
0000
0000
0000
0000
0000
0000
0034
0000
0000
0000
0000
01EF
006C
0000
0000
0000
0000
006F
0000
0000
0000
0000
0000
0010
005A
0000
04A5
0000
0000
0007
0000
0000
0140
0000
0000
0000
0272
0000
0000
0000
0000
0000
0000
0000
0000
0000
0000
0000
0000
0000
0000
0143
0000
03A1
0000
0000
0276
0000
0000
0000
02F7
0000
01D6
0000
0102
0000
0000
0000
0000
0000
0000
0000
0000
0000
0000
05FE
0000
0191
0000
0000
0000
0000
0000
0000
006A
0020
0000
0000
0000
0000
0000
0000
0000
007D
0000
0000
0000
0000
0000
0000
0000
0000
0000
0000
0000
0000
0000
00A0
0000
0000
0000
0000
0000
0000
0000
0000
0008
0000
0000
0000
0000
0000
0111
0000
0000
00F8
0000
0000
011A
0000
0000
0000
0000
0104
0000
04F7
0000
0000
000C
0084
0000
0345
0112
0000
00D6
0000
0000
0000
0000
0000
0000
0000
0000
0000
0000
028C
0000
0000
0000
0316
0000
0040
0000
0000
0000
0000
0000
0000
0000
00F3
0000
0000
0000
0000
0000
0000
0000
013A
0000
0000
01D1
0000
0375
0000
0000
0000
020F
0000
0000
0000
0000
0000
0000
034A
0000
0000
004A
0000
0000
0000
0000
0000
0000
0000
0000
0000
0000
0000
0000
0000
0000
0000
0000
0000
0000
0000
0000
00C3
0000
0035
0000
0000
0000
0000
0000
0000
0000
0000
00C1
0000
0000
0000
0000
0000
00DF
0000
0000
0000
0066
0000
024C
0000
0000
0138
0000
0000
0000
0000
0000
0000
0000
0000
0000
0000
0000
0000
0190
0000
0000
016A
0059
0000
075A
0000
017F
0000
0000
0094
0000
00F4
0000
0000
0000
0000
0000
0000
0000
0000
0000
0000
0000
0158
0000
0000
0000
0000
0000
0000
0611
0000
0153
0000
0000
0000
0000
0000
0245
0000
0189
0000
009D
00DD
0000
0000
0000
0000
01F4
0000
0000
0000
0000
0000
0000
00DA
0000
0000
0000
0140
0000
0415
0000
0000
0000
0131
0000
0000
0000
0000
0000
0000
0037
0000
0000
0000
0108
0000
0000
0000
0119
0000
0000
0000
0000
0000
002A
0000
000E
0000
0000
0000
0000
0000
0000
0000
0036
0000
0000
0000
0000
0000
0314
0000
0000
0000
0000
0000
0000
011C
0000
0158
0000
0000
0000
0000
0000
0000
0000
0000
0000
0172
0000
007F
0000
0000
0000
0000
0063
0000
00B9
0000
0000
0158
0000
0000
01FA
0000
0000
0028
000F
0047
0000
0000
0000
0000
0000
0000
02D3
0000
0000
0000
01BB
0000
0251
0000
0000
0000
0000
0000
0000
0000
008D
0000
0000
0000
0000
022A
0000
00A3
0000
0183
0000
0000
0000
0000
0000
0000
0000
0000
0000
006B
0000
0000
0347
0000
0000
0000
01DB
0000
0000
0000
0176
0000
0112
0000
0012
0000
012E
0066
0000
0000
0000
0000
0000
01CE
0000
0000
018B
0000
0000
0000
0000
0000
0000
007F
0000
0000
0000
0000
0000
0000
0000
0000
0000
0000
0000
0000
0000
01DF
0000
01B4
0000
0000
0000
0000
0000
0000
0000
0000
0137
0000
0000
0000
0000
00C2
0000
0000
0293
0000
0000
0000
0197
0125
0000
0000
0000
0000
0000
03E5
0000
0000
0000
0000
0000
0000
0000
0157
0000
0000
0000
0000
0000
0000
0000
0000
0000
0000
0000
0000
0000
027A
0000
02FD
0000
0000
0000
0070
0000
0000
03FF
0000
002D
0000
0000
0000
0000
0000
0000
0000
0000
0000
0000
0000
0000
0000
0000
0000
0000
0000
0000
0000
0000
0131
0000
0000
0000
00A6
0065
0000
0000
0000
0000
0000
0000
0000
0000
0000
0496
0000
0000
02FF
0000
01B2
000F
0000
0000
0000
0000
0000
0000
0000
0000
00BE
0000
0000
0000
0000
0000
0000
0000
0000
0000
0000
000D
0000
0000
0000
00BA
0000
00F2
0000
0000
0000
0000
0000
0000
019E
0000
0000
0000
00BE
0000
0000
0000
0000
0000
0000
004B
0000
0000
0000
0000
0000
0000
0000
0000
0000
0308
0000
0000
0000
0000
0000
0000
028C
0000
0000
0000
0000
01EF
0000
016F
0000
0000
0068
0000
04C1
0000
0000
038F
0000
0000
00CE
0000
0000
0000
0000
0000
0000
007D
0000
0000
0000
0000
0000
0000
0000
0097
0000
0000
0000
006D
0000
00DB
0000
0000
0000
0000
0000
0000
0000
0000
0000
0000
0000
0000
021A
0000
0000
0000
0000
0000
0000
0000
0001
0000
002C
0000
0000
0107
0000
0000
0000
0000
0000
0000
012A
0000
0189
0000
0000
0000
0000
0000
0000
0000
0000
0000
0000
04A4
0000
0000
0000
00F3
0000
0000
0254
0000
0008
0000
0000
0000
0000
0000
0000
0000
0000
0000
0043
0000
0000
0000
0000
03C9
0000
002E
00EB
0000
0030
00C5
0000
01F6
0000
0000
00EF
0000
0000
0000
0000
00EF
0000
0000
0000
0000
0000
0000
0000
0000
0235
0000
0000
0000
0000
0000
0000
0000
0000
0000
0000
0000
00D3
0000
0000
0206
0000
0000
012B
0000
0000
0000
0000
0000
0000
0000
0000
0000
0000
0000
0000
0000
0335
0000
0000
0000
0000
0000
0000
0000
0000
0000
0000
0000
0000
0000
0000
0000
0000
007C
0000
0000
0000
0000
0000
00BD
0000
0000
0000
0000
0000
0000
014A
0000
020B
0000
0000
009E
0000
0000
0000
0000
0000
0000
0000
01DA
0000
0000
0000
0000
0000
0000
0000
0000
0000
0000
0000
0000
0000
0000
0000
0000
0000
0000
0000
0000
00F2
0000
0000
0082
0000
0000
02B6
0000
0055
0000
0000
0000
0000
0000
00D5
0000
017B
0000
0000
00A2
0000
0000
0000
0000
0000
0000
0000
0000
0109
0000
02F5
0000
0202
0000
0000
0000
046D
0000
0000
0000
0000
012C
0000
0000
0000
01E9
0000
0000
0000
0000
0000
0011
0000
0083
0000
0107
0000
0000
0000
0000
009E
0000
0000
0000
0007
0000
00BD
0000
0000
0000
0000
0000
031B
0000
0553
0000
012C
0000
0000
0000
0000
0292
0000
0000
0000
0000
0000
0000
0203
0000
035F
0016
0000
0000
0000
0000
0000
00A1
0000
0000
026B
0000
02B1
0000
0000
0036
009A
0000
0143
009D
0000
0000
0000
0078
0000
016A
0000
0000
0000
0000
0000
0000
0000
0000
0000
00BD
0000
0000
0000
0000
0000
0000
0226
0000
0000
02BC
0000
0000
0000
0024
0000
0000
0000
0288
0000
00CB
0000
0000
0000
0000
0000
0000
0000
003E
0000
0000
0000
0000
0000
0000
0000
031D
0000
0000
0000
005B
0000
0000
0000
0000
0000
0000
0000
0000
00B5
0000
0000
0000
0143
0000
0000
0000
0000
0000
02C2
0000
0000
02CA
0000
0346
00B5
0000
0000
0000
0000
02E2
0000
0000
02E0
0000
0000
0000
0000
00C0
0000
0000
0000
0000
0000
0000
0217
0000
0000
0000
0000
0000
0000
0000
01A3
0000
0000
0000
0000
0000
0045
0000
0000
0000
023C
0000
0000
00A5
0000
0000
0000
0065
0000
02A0
0000
0000
0000
0051
0000
0000
0000
0061
0000
007E
0000
02B0
0000
0000
0000
0000
0000
0000
0000
0000
015C
0000
0000
000D
0000
0000
0000
0000
0000
0000
0190
0000
00D8
0000
0000
0000
0000
0000
0000
0000
0057
0000
0000
0000
0239
0000
0071
0000
0000
004B
0000
0000
0237
0000
0000
0000
0000
0000
0000
0167
0000
0000
0000
0000
0000
0000
0000
0000
0000
0000
0000
0000
0000
0000
0000
0000
0000
0000
0000
0000
0000
0000
0000
0000
0593
0000
0098
0000
0000
0000
0000
0000
0000
00F6
0000
0000
0000
0000
0000
0000
022F
0000
0000
0000
0000
0000
0000
0000
0000
0000
0000
0000
0000
00EB
0000
0390
0000
0042
0000
00F9
0000
0000
0000
0000
0000
0000
0000
0000
0071
0000
0000
0000
00CD
0000
0110
0000
0000
0000
0000
0000
012C
0000
0000
00F5
0000
0000
0000
0000
0000
01F5
0000
0000
0000
0000
0100
0000
0000
0000
00B7
0000
0000
0223
0000
0000
0000
0000
0000
0000
0000
0016
0102
0000
0000
0000
0112
0000
0026
0000
00E9
0000
0000
00F3
0000
0000
01C5
0000
026D
0000
0000
0000
0000
0000
0000
000D
0000
00CC
0000
0000
0000
0000
008A
0000
0000
0000
0000
0000
0000
0000
0000
0000
030B
0000
0000
0000
0000
0000
0000
0000
0000
0000
0000
0000
0000
0000
0000
0000
0000
0000
0000
0000
029F
0000
00FA
0000
0000
0000
0000
0184
0000
0000
0141
0000
0000
0000
0000
0000
0000
0000
0000
0000
0000
0000
0000
0000
00CF
0000
0000
0334
0000
0000
007C
0000
0060
0000
0000
0000
0000
0000
0000
0000
0033
0000
0000
0000
0000
0000
0000
0000
0298
0000
00CB
0000
0000
0000
0000
0000
0000
03EE
0000
0000
02CB
0000
0273
0000
022D
0000
0000
0000
00EA
000E
0000
0301
0000
0000
013A
0000
0000
0351
0000
0000
0120
0000
0000
0063
0000
0000
0000
0000
0000
0000
0000
0000
0000
0000
0000
0000
01BD
0000
0000
008E
0000
00C5
0000
006C
0000
0000
0000
0000
0000
0000
0000
0000
0000
0000
0000
0000
0000
0000
0043
0000
0000
0000
015B
0000
0072
0000
02A8
0000
0000
0000
0000
0000
0148
0000
03A4
0000
0000
02F5
0000
009A
0000
0000
0080
0000
0000
0000
0000
0000
0000
01DA
0000
0398
0000
0153
0000
0000
05A1
0000
0000
01C4
0000
0433
004E
0000
008D
0000
0000
0000
0000
0000
0000
0000
011B
0000
0000
0000
0000
0000
0000
0000
0000
0000
0000
0000
0000
0000
0100
0000
013D
0000
0242
0000
0000
0000
0000
0023
0000
0000
043B
0000
0000
0000
0000
0000
0000
0000
0000
0000
0000
00BE
0000
0062
0000
00DA
0000
0006
003E
013B
0000
0000
0000
0000
0005
0000
0000
0000
0000
0000
0000
0000
0000
0000
0102
0000
0000
0000
0000
00A4
0000
005C
0000
0000
0000
0000
0000
0000
0000
028B
0000
0237
0000
02BD
0000
0000
0024
0000
0000
0000
00FB
0000
0000
0000
0000
0000
0000
0000
0000
0000
0000
01E9
0000
0000
0000
000C
0000
0000
0000
0000
0000
0000
0000
0000
00B1
0000
0000
0000
0000
032A
0000
0000
00A7
0000
0000
0000
0000
0000
003A
0000
0006
001C
0000
021C
0000
002A
0000
0000
0000
0000
0000
0296
0000
008D
0000
0000
0000
0000
0000
026F
0000
0000
0000
0000
0000
0000
0000
0000
0000
0147
0000
0046
0000
0000
01E7
0000
0000
0000
0000
0005
0000
0000
0000
0000
02D8
0000
0000
0000
0000
021E
0000
0000
0000
0000
0000
0000
0000
000D
0000
0000
0069
0000
0000
0000
0000
0000
025B
0000
0000
0000
0000
0000
0000
0220
0000
0000
0000
0000
0000
00AD
0000
0000
036B
0000
0000
0000
0000
0000
0000
02B6
0000
0000
02E7
0000
0370
0000
0000
0000
0000
0000
0000
0000
0180
0000
01EF
0000
0000
0000
0000
0000
0000
0000
0000
022A
0000
0000
0000
0000
0000
0000
0000
0309
0000
0000
0000
047A
0000
00FA
0000
0000
0000
0000
0000
006A
0000
0000
0000
0000
0000
0000
0003
0000
0000
0000
0000
0000
0000
0000
0000
0000
0000
0000
00C5
0000
00A2
00E3
0000
0000
0209
0000
02E9
0000
0000
0090
0000
0000
0000
0000
00CA
0000
0000
0000
0000
0000
0000
0000
0000
0000
01D5
0000
0000
0279
0000
0000
0000
0000
0000
0000
0000
0000
0000
0000
0000
0000
0000
0000
0000
0000
0000
01DD
0000
0000
0000
0000
0000
01D0
0000
0000
0000
0000
0000
0000
0184
009B
0000
01DB
0000
0000
00B7
0000
0000
02B5
0000
0000
0000
0000
0000
0000
03B7
0000
0000
0138
0000
0000
0000
0000
001A
0000
0000
001B
0000
0000
0065
0000
0000
0000
0000
0000
0000
0000
0000
0000
0000
0000
0453
0000
0040
0000
0000
0134
0000
0000
010F
0000
0000
0000
0000
0000
0000
0218
0000
0000
0225
0000
0000
0000
00A9
0000
0000
0000
0055
0000
00BC
0000
02A1
0000
0000
0000
0000
0000
0000
0000
0000
0000
00C7
0000
0000
0104
0000
0000
002A
0000
0000
0000
0000
0000
0000
0375
0000
0000
0086
0000
0000
0000
0000
00C5
0000
0000
0000
0000
0000
0000
0000
0000
0000
0000
0000
0000
0000
0000
0136
0000
006E
0000
021A
0000
02C5
0000
0000
0104
0000
0000
005C
0000
0046
0000
017C
0000
03AA
0000
01BB
0000
0070
0000
0000
0000
0000
01EE
0000
0227
0000
0000
008A
015D
0000
0000
0000
0000
0000
0000
0000
0000
0000
00DB
0000
0000
0000
0000
0000
0000
0000
009B
0000
005F
0000
0000
0140
0000
0000
0000
0086
0000
0000
020B
0000
0000
0062
0000
0128
0000
0000
0000
0000
0000
0000
0000
014F
0000
0000
00D8
0000
0000
0000
0000
0000
0000
0036
0000
0000
0000
035F
0000
0000
007F
0000
0000
0000
0000
0000
0000
0000
0000
0000
0000
0000
0000
0000
0000
0000
0000
0013
0000
0000
0000
0000
0000
0000
0000
0000
0000
0000
0000
0000
0000
0000
0000
0000
0192
0000
0045
0000
0000
0000
00A8
0000
0000
0000
0000
0144
0000
0000
0035
0000
0000
0000
0000
012B
020C
0000
0143
0000
01E0
0000
0000
022F
0000
00B2
0000
0000
0000
0000
0000
0000
0000
0000
0000
0000
0000
0000
0000
0000
0000
022E
0000
0000
0000
0000
0000
0000
0000
0102
0000
0000
0000
0000
0133
0000
0264
0000
0000
0000
0000
0000
0000
0000
0000
0000
0000
0008
0000
0000
0000
0000
0131
0000
0000
0006
0000
0000
009C
011E
0000
039E
0000
0000
02CB
0000
0000
0000
0000
0000
0000
0000
0000
01B9
0000
0018
0000
0119
0000
0000
018C
0000
0000
0000
0000
0000
0000
0000
02FA
0000
01C3
0000
0000
011E
0000
0000
0356
0000
0000
0000
00C4
0000
0000
0000
0000
0000
0000
0000
0000
00D7
0000
0151
0000
0000
0000
0000
0000
0000
0000
0000
00CB
0000
0000
0000
0000
0300
0000
0000
0000
0000
004D
0000
0000
0032
0000
0000
0000
0000
00E5
0000
0000
0000
0000
0000
0000
0000
0000
0000
0010
005E
0000
0000
0051
006D
0000
0000
0000
0000
0000
0000
0027
0000
0000
0000
0000
0000
0000
0000
0000
011C
0000
01CF
0000
0000
0038
0000
0000
0000
0000
0000
0000
001E
0000
0000
0000
0000
0000
0099
0000
0000
0000
0000
0000
0153
0000
0000
0000
02CB
0000
0000
0000
0000
0000
0000
0000
0000
0000
0000
01FD
0000
000F
0000
0000
0049
0000
0000
0000
0046
0000
0000
0000
0000
0000
0068
0000
0198
0000
00F8
0000
0248
0027
0000
0000
0000
0000
0000
0000
0000
0055
0000
02CB
0000
012A
0000
0000
0000
00FD
0000
0000
0135
0000
0000
0000
0000
0000
0000
0000
0000
01F7
0000
0000
0235
0000
0000
0101
0050
0000
0000
0000
0000
0000
0000
0000
03DE
0000
002E
0000
01B8
0000
0000
0000
0000
0333
0000
0000
0000
015E
0000
0000
0000
0000
0000
0000
0000
0000
0000
0000
0195
019F
0000
03CE
0000
0000
0000
0115
0000
0000
0000
0000
0000
001F
0000
0346
0000
0000
01DB
0000
0000
00F8
0000
0000
0000
0000
0000
0000
0000
0000
0000
0000
0000
012E
0000
023D
0000
0000
0000
0177
0000
0000
00A2
0000
0000
0000
0000
0000
0000
0032
0000
0000
0000
0000
0000
0105
0000
0037
0000
0000
0000
0153
0000
0000
02F1
0000
01C9
0000
0000
00AF
0085
0000
0000
0000
0000
003C
0000
0111
0000
0000
0000
0000
0000
0000
0000
0000
0000
012F
0056
0000
01BB
0000
0000
0107
0000
0000
0000
002D
0000
0000
0000
0104
0000
03CD
0000
0000
0000
0297
0000
037C
0000
0000
0000
0000
0000
0000
0000
0000
0000
0000
0000
0000
0000
0000
0000
002B
0000
0000
0000
0000
0036
0000
0000
0000
0000
0000
0000
0000
0000
0000
0000
0000
0000
0000
02C2
0122
0000
02BE
0000
0000
0131
0000
0000
00DC
0000
0000
023F
0000
0021
0024
0000
0000
0000
0000
0000
0000
0000
0000
021C
0000
0000
0000
0000
0000
015C
0000
0000
005A
0000
0000
0000
0000
0000
001C
0000
0000
0134
0000
0000
0000
0000
0000
02AA
0000
0000
0120
0000
0000
0000
01AC
0000
0000
0000
03C2
0000
0000
0000
0000
01B6
0000
020C
0000
0134
0000
0121
0000
0000
0000
0000
0000
0000
0000
0000
0000
0000
0000
0000
0000
0000
0000
0196
0000
0000
015A
0000
0000
0000
0000
0000
00FC
0000
01BF
0000
0000
0000
01AC
0000
0099
0000
0000
0000
0000
0000
0000
0000
0000
04B1
0000
0000
030C
0000
0000
0000
0000
0000
0000
0000
00D8
0000
0000
0151
0000
0000
0000
041F
0000
0000
0000
0000
015F
0000
0000
0321
0000
0000
0000
0000
0000
0000
007D
0000
0000
0000
0000
0000
0143
0000
0000
0000
0000
0000
03A3
0000
025E
0000
0000
0000
0000
0000
0476
0000
0000
0000
0000
0000
0000
0000
0000
0000
0000
0000
0000
0000
0000
0000
0116
0000
0000
0000
0000
0000
0000
0085
0000
0080
0000
0000
0000
00E4
0000
0000
0000
0000
0000
0000
0000
0000
0000
0000
0000
0000
01FB
0000
0041
0000
009E
0000
0000
0000
0029
0000
0000
0000
0000
0000
0000
0000
0000
0173
0000
00CC
0000
0000
00D6
0000
0000
00E1
0000
0000
0000
0052
0000
0000
0000
0000
02C5
0000
00CC
0000
0000
0053
0000
0000
01CA
0000
0000
0000
0000
0000
02F4
0000
0000
0242
0000
0000
0000
0184
0000
0096
0000
0000
0000
0000
0000
0000
0000
0000
0000
04EF
0000
03F4
0000
0000
02DF
0000
0000
0000
0000
0000
0000
0170
0000
0000
0000
0000
0000
0000
0000
02DD
0000
01F3
0000
00C3
0000
0000
0000
0000
0000
010A
00C6
0000
0000
0000
0000
0000
0000
0000
0000
03F4
0000
017A
0000
0000
0000
0000
0000
0000
0196
0000
0000
0000
0000
0000
018F
0000
0210
0000
0000
0010
0000
0000
0000
0000
0000
020A
0000
0000
0000
0000
0000
0000
0067
0000
0000
00F3
0000
0063
0000
0000
0000
0000
0000
039F
0000
0000
0000
0000
0000
0000
0000
0000
0000
0000
0000
0000
0000
0000
0000
0000
0000
0000
0000
0000
0000
0000
018C
0000
0000
001E
0000
0000
04B5
0000
0000
0000
0000
0000
0402
0000
0000
0000
0000
026D
0000
00A0
00C7
0000
00B6
0000
0000
0000
0000
0000
0000
0000
0119
000A
0000
000C
0000
0000
0000
0000
0248
0000
0000
0000
0000
0000
02F8
0000
00A3
0000
0000
0000
0000
0000
0000
0000
0000
0000
0000
0000
0000
0000
0000
0000
0000
0000
025D
0000
0000
0000
0000
030C
0000
0000
0000
0000
0000
0000
0000
0349
0000
014D
0000
0000
0000
0000
0000
0023
00BC
0000
0000
0000
0040
0000
0000
0000
0000
0000
0000
0321
0000
0000
026D
0000
014E
0000
0000
0000
0000
0000
0000
0000
018C
0000
0000
0285
0000
0000
0000
0000
0000
02D2
0000
0000
0000
001A
0000
0000
0000
00A6
0000
0248
0000
0000
0000
0450
0000
0000
0000
0000
0000
0000
0299
0155
0000
0000
0000
0000
0000
0000
0000
0000
0000
0000
0000
0000
0014
0000
0000
0000
0000
0000
0000
0000
0000
0000
0000
0000
0000
0000
0000
0000
0000
021C
0000
0103
0000
0000
0000
0000
0000
0000
0000
0000
0000
0000
0000
00ED
0000
0000
0000
0000
014D
0000
0000
0000
010F
0000
0000
0000
0000
0000
00FC
0000
0000
0000
0147
0000
0000
0010
0000
0000
011D
0000
02B5
0000
0000
0000
0000
0000
0000
0000
0000
009A
0000
0000
0000
0000
0000
0000
0000
0000
0000
0000
0000
0000
033A
0000
005B
0000
0000
0000
0000
0000
015D
0000
0000
0000
0000
0000
024C
0000
0189
0000
0000
0000
0000
0000
0033
0000
0000
0267
0000
0000
0294
0000
0000
0000
0000
0000
0000
0000
00AB
0000
009D
00EF
0000
0000
0000
0000
0000
0000
0000
0196
0000
0000
0000
0000
0000
0000
00AD
0000
0005
0000
0000
0000
0000
0000
0000
0000
0000
0000
02BB
0000
0000
0000
0000
0000
0033
010F
0000
0497
0000
0000
0000
0000
0000
0000
0000
0000
0000
01CD
0000
0000
0000
01A6
0000
0000
0000
0000
0000
0000
0000
0000
0000
0000
0000
0000
0000
0000
0000
0000
0000
0000
0000
0000
0000
0000
0000
0000
003F
0000
0000
0000
0000
0000
0000
0000
0000
0000
0000
0000
0000
0000
0000
00FD
0000
0000
0000
0000
0000
0000
0000
0000
0000
0000
0000
0000
0000
0000
0000
0000
0000
0000
0000
0030
0000
0000
0000
0000
0000
0000
0000
0000
0000
0000
0000
0000
0000
0000
0000
0000
0000
0000
0000
0000
0000
0000
0000
0000
0000
0000
0000
0000
0000
0000
0000
0000
0000
0000
0000
0000
0000
0000
0000
0000
01BD
0000
0000
0000
0000
0000
0000
0000
0000
0000
0000
01EA
0000
0000
01A0
0000
0000
0000
0000
0000
0000
01D4
0000
0000
0000
0000
0000
0049
0000
0000
0000
0000
0000
0000
0000
0000
0000
0000
0000
0000
0000
0000
0000
0000
0000
0000
0000
0000
0000
0000
0000
0000
0000
0000
0000
0000
0000
0000
0000
0000
0000
0000
0000
0000
0000
0000
0000
0000
0000
0000
0000
0000
0000
0000
0000
0000
0000
0000
0000
0000
0000
0000
0000
0000
0000
0000
0000
0000
0000
0000
0000
0000
0000
0000
0000
0000
0000
0000
0000
0000
0000
0000
0000
0000
0000
0000
0000
0000
0000
0000
0000
0000
0000
0000
0000
0000
0000
0000
0000
0000
0000
0000
0000
0000
0000
0000
0000
0000
0000
0000
0000
0000
0000
0000
0000
0000
0000
0000
0000
0000
0000
0000
0000
0000
0000
0000
0000
0000
0000
0000
0000
0000
0000
0000
0000
0000
01D9
0000
0000
0058
0000
0000
0000
00F9
0000
0000
0017
0000
0000
0000
0000
0000
0000
0000
0023
0000
0000
0000
0000
01FA
0000
0000
0000
0000
0000
0000
0000
0000
0000
0000
0124
0000
0000
0000
004A
0000
0000
0000
0000
0000
008D
0000
0135
0000
0000
0000
0000
0000
0000
0000
003A
0000
0000
0000
0000
0000
02F3
0000
0000
0000
00C9
0000
0000
0000
0000
0141
0000
0000
0000
001D
0000
0000
0000
0000
0000
0162
0000
0000
0000
0000
0000
0000
0000
0000
0000
0000
0000
0000
0000
0000
0000
0000
0000
0000
0000
0000
0000
0000
0000
0000
0000
0000
0000
0000
0000
0000
0000
0000
0000
0000
0000
008B
0000
0000
0062
01AE
0000
0000
0000
0000
0000
0000
0000
0000
012E
0000
0000
0000
0000
0000
0000
0000
0000
0000
0000
0000
0000
00CC
0000
0000
0000
0000
0000
0000
0192
0000
0000
0000
0000
0000
0000
0000
0000
0000
0000
0000
0000
0000
0000
0000
0000
0000
0000
0000
0000
0000
0000
0000
0000
0000
0000
002A
0000
0118
0000
0000
012F
0000
0000
0000
0000
00BE
0110
00B8
0000
0000
0000
0000
0158
0000
0000
014C
0000
0000
0000
0000
03FB
0000
0000
0130
0000
0000
0000
0000
0000
01F3
000B
0000
0000
0000
0000
0000
0000
0000
0000
0000
0000
0000
0000
0000
0000
0000
0000
0000
0014
0000
0000
0000
02EB
0000
0000
0023
0000
0000
0000
0000
0000
0000
0525
0062
0000
0000
0000
0000
0000
033F
0000
0000
0000
0000
0000
0000
019A
0000
0000
0000
0000
03B9
00E6
01B0
0000
0000
0121
0000
0000
0316
0000
009A
0000
0000
0000
0000
0000
0000
0000
0000
0012
0000
0000
0000
0111
0000
0000
0000
0000
0000
0000
0000
0000
0000
021D
0000
0000
0000
0028
0000
0000
0000
0000
0000
0000
0000
0000
0000
0028
0000
0000
0000
0000
0000
0000
0000
0000
0000
0000
0000
0000
0000
0000
01D3
0074
0000
0000
0000
0000
0000
0000
0069
0000
0000
0000
0000
0000
008F
0000
021E
0000
0000
0000
0000
0000
0000
00A9
0191
0000
0000
0000
0000
0000
0000
0000
0000
0000
0000
0000
0000
0000
0000
0000
002B
0000
0000
0000
0000
0000
0000
0000
0000
0000
0000
0000
0000
0000
0000
0000
0000
0000
0000
0000
0000
0000
0000
0000
0000
0000
0000
0000
0000
0000
0000
0000
0000
0000
0000
0000
0000
0055
0000
0000
0000
0000
002F
0000
0000
0000
0000
0000
0000
0000
00F6
0000
0047
026E
0000
0000
0100
0000
0000
0000
002F
00A7
0058
0000
0000
0201
0000
0000
0000
0000
0000
0000
0000
0000
0000
0000
0000
0000
0000
0181
0000
0000
00DC
0000
0000
0224
0000
013D
0000
0000
0000
0000
0000
0000
0000
011B
0000
0000
0000
0000
0000
0000
019D
0000
0000
0000
0000
01A8
0179
0000
00E8
0000
0000
0000
0000
0000
0000
00B0
0000
0000
0000
0000
0000
0000
0038
0000
0000
0042
0000
0000
0000
00B0
0000
0000
0000
0000
0000
0000
0000
0000
00B8
0000
0000
0000
00C8
0000
0000
0000
0000
01E4
0000
0000
0000
0000
0000
0000
0000
0000
0000
0007
0000
0000
0000
0000
0000
0000
0000
0000
0000
0000
0000
0000
0000
001F
0000
0000
0000
0000
0000
0000
0000
0000
0000
0000
0000
0000
0000
0000
0000
0000
0000
0000
0000
0000
0000
0000
00AA
0000
0000
0000
0000
0000
02B8
00FF
0000
0000
0000
0232
0000
0000
0000
0000
0000
016F
0000
0000
0000
0000
01F4
0000
0000
009F
0000
0000
0000
0000
0000
0000
0000
0000
0000
0000
0000
0000
0000
0000
0000
0000
0000
0000
0000
0000
0000
0000
0000
0242
0000
0000
0000
0000
0000
0000
0000
0000
00B9
0039
0000
0000
0000
0000
0000
0000
0000
0000
0000
0000
0000
00AC
0000
00A7
0000
0000
0000
0000
0000
0000
0000
0011
0000
0000
0000
0000
0000
0000
019B
0000
0000
0000
0000
0000
0000
0000
0000
01F8
0000
0000
0000
0000
0000
0000
0000
0000
0000
00AF
0000
0072
0000
0000
0000
0000
0000
0000
0000
00A8
0000
0000
0000
0000
0000
0000
010A
0000
0000
0000
0000
0000
0208
0149
0000
0000
0000
0120
0000
0000
0000
0000
0000
0000
0000
007D
0000
0086
0000
0000
0000
0000
0000
0000
0000
0000
0000
0000
0000
00AD
0000
0000
0014
0201
0000
0000
0000
0000
0000
0000
0000
0000
0000
0048
0000
0000
0000
0000
0000
0000
0000
0000
024A
0000
0016
0000
0000
0000
0000
0000
0000
0000
0000
0000
0000
0000
0000
002E
0000
0000
0000
0000
0000
0000
026D
0000
0000
0000
006F
0000
0000
0145
0000
0000
0000
0000
0000
003B
0000
0145
0000
0000
0000
0000
0000
01A3
0000
0000
0000
0000
0000
0000
02AC
0000
0226
0000
0000
0000
0194
0000
0000
0000
0000
0000
02D2
0000
0000
0000
0000
0000
0000
0000
0000
0000
0000
0064
0000
0000
0000
0000
0000
0000
0000
0055
0000
0000
0000
0000
0000
0000
0000
0000
0000
0000
0000
00B9
0113
0000
0000
0000
0000
0000
0000
0000
0000
0000
0000
005C
0000
0000
0000
0007
0059
0000
0000
0000
0000
0000
0000
0000
0000
0000
0000
0000
0000
0000
0000
0000
0000
0000
0000
0000
0000
0000
0000
0000
0000
0000
0000
0000
00A4
00C4
0000
0150
0000
0000
0000
0000
0000
0000
0000
0000
0150
0000
0000
0000
0000
0000
0000
0000
0000
00CE
0000
0000
0000
0194
0000
0284
0000
0000
0000
0000
0000
0000
0000
0000
0000
0000
0000
0000
0000
0000
0000
0000
0060
0000
0000
0000
0000
0114
0000
0000
0000
0000
0000
0000
0000
0000
0000
002E
0000
0000
0000
0000
0000
0000
00F7
0000
0000
0000
0000
0000
02D0
0000
0000
0030
0082
0000
00E2
0000
0000
0000
0000
035E
0000
0000
0000
014D
0000
0000
0000
0000
0000
0000
0000
0000
0000
0000
0000
0203
0000
0000
0129
011F
0000
0000
0000
0012
0000
013D
0020
0000
0000
0000
0000
0000
0000
0000
0000
0000
0000
0000
00D5
0000
0000
0000
0000
0000
0000
0000
0000
0000
0000
0000
0000
0000
0000
009B
0000
0000
0000
0000
0000
0000
0000
0000
0000
00F7
0000
0000
0000
0000
0000
0000
0000
0000
0068
0000
0000
0000
0000
0000
0000
0000
0000
0000
0000
0000
00B5
0000
003D
0000
011F
0000
00E2
0000
0000
0000
0000
0000
0000
0000
023D
0000
018C
0056
0000
0108
00B4
0000
0000
0000
0000
0000
0000
02D6
0000
0000
0000
0000
0000
0000
0000
0000
0000
0000
0000
0000
0000
0000
0000
0353
0000
011E
0000
0000
0000
0000
0000
00C7
0000
0000
0000
015E
0000
0064
0000
0000
0000
01BB
0000
0000
0000
0000
0000
0000
0000
0000
0000
0000
029C
0000
0000
0000
00A4
0038
0000
00F1
0000
0000
0000
0000
0000
005F
0000
0000
0000
0000
0000
0000
0000
0000
0000
00E3
0000
0000
0135
0000
0000
0000
0046
0000
0000
0000
0000
01BA
0000
0000
0000
0000
015B
003E
0000
0000
0038
0000
0000
0000
0000
0000
0000
0000
0000
0000
0000
0000
0000
0000
0000
0000
0000
01C8
0214
0000
0000
0000
0000
0000
0000
0052
0000
0000
0000
0000
0000
0104
005E
0000
0053
0000
0059
0000
0000
0000
0000
0000
0000
0000
00B7
0000
0000
0122
0105
0000
0000
0000
0019
0000
0000
009A
0000
0047
0000
0000
0000
0000
0000
0000
0000
00FB
0000
00C4
0000
0000
002A
007D
0000
0000
0000
0000
01C9
0000
0000
0000
0000
0000
0000
0000
0000
0319
0025
0000
0000
0000
0000
0025
0000
0000
0000
0000
0000
0000
0000
0000
0000
0000
0042
0000
00AF
0154
0000
0000
0000
0000
013F
018C
0070
0000
0000
0000
0000
0000
0000
0000
0000
0000
0000
0000
0000
0000
0000
0000
0000
0000
0000
0000
0000
0000
0000
0000
0011
0000
0000
0000
0000
0000
0000
0000
0000
00BD
0000
010B
0000
0000
0000
0000
0000
0000
0000
0000
0000
0000
0000
0000
0000
0000
0000
0000
0000
0000
0000
0000
0000
0000
0000
0000
0000
0000
0000
0000
0004
0000
0000
0000
0000
002C
0000
0256
0000
0000
0000
0000
0000
0088
0000
0000
0000
0000
0000
0000
0000
0000
0032
0000
0000
00EB
0073
0000
0000
0000
0000
0000
0000
0000
0000
0000
0000
0000
0000
0000
0000
0000
0000
0000
0000
0000
0000
0000
0000
0000
0000
0114
0000
0000
0000
0000
0000
0000
0000
0000
0000
0000
0000
0000
0000
0000
0000
0000
0000
0000
0000
0000
0000
0000
0000
0325
0000
0000
0000
0106
0000
0000
0000
01A7
006E
0000
0000
0000
0000
0000
0000
0000
0000
0000
0026
016A
0000
0000
0000
0000
0216
0000
0000
0000
0000
0036
0000
0000
0000
02F6
0000
041E
0000
0000
0000
0000
00C9
0197
0000
02DA
0000
0000
0000
0101
0000
0000
0000
0000
0000
0000
0000
0000
0000
0000
0000
0349
0000
0000
0000
0000
0000
0000
0000
0000
0000
0000
0000
01B2
0000
0000
0000
0000
0000
0000
0000
0262
0000
0000
0000
0000
031F
0000
0114
0000
0000
0000
011C
019B
0000
0000
0000
0000
0000
0000
0000
0000
0347
00BE
0000
01F1
0000
0000
0000
0000
0000
0000
0000
0000
0000
0000
018D
0000
0000
0000
02CE
0050
0000
0000
0000
0000
0000
0000
0000
00C7
0000
0000
0000
0000
0120
0000
0000
0000
0158
0000
0000
00E3
0000
0000
0000
0000
0000
0209
0000
0000
0000
0000
0000
01F9
004B
0000
0000
0040
013D
0000
0000
0000
0000
0000
0000
0000
0000
0000
019F
0000
0000
002F
0000
0000
0000
0000
0000
0000
01D2
0000
0000
0000
026B
0000
0000
0000
0152
0000
0000
0338
0000
0000
0000
0000
0000
006F
0000
0000
0000
0000
0000
0000
0000
0000
0195
0000
0000
0000
0000
0000
0000
0000
0000
0000
005D
0000
0000
0000
0000
0000
00C7
0000
0000
0000
0000
0000
0000
0000
0000
0075
0000
0000
0000
0000
0000
0000
0000
0000
0162
0000
0000
0000
0000
0000
00FE
0000
0000
0000
0000
0000
0157
0000
0000
0000
0000
0000
0000
00AD
0000
0000
0067
0000
0000
0000
0000
0000
0000
0000
0000
0000
0000
0000
0000
0000
0000
0000
023F
0019
0000
0000
0000
0000
0075
0000
0000
0000
0000
0000
0240
0000
0000
0000
0000
0000
0000
0000
0000
0000
0000
0124
034D
0000
0000
0000
03C9
0000
0000
0000
0000
0000
0000
0000
0000
0000
0000
0000
0000
033E
0000
0000
0000
0000
0216
0187
0008
0000
00C3
0000
0000
0000
0000
0000
0000
0000
0000
0000
0000
0000
0000
0000
0000
0000
0000
0067
0000
0000
0000
0000
0000
0000
0000
0000
0000
001F
028C
009E
0000
0000
0000
0000
0047
0118
0000
0000
0000
0000
0000
0000
0000
0000
0000
0000
004F
0000
0000
0000
0000
000A
0000
0000
0000
00A0
0000
016B
0000
0000
0000
0000
0000
004B
0000
00E6
0000
0000
0000
00DA
0000
0000
0000
01C7
0000
0000
0000
0000
0015
0000
0000
0000
0000
0000
0000
02AF
0000
0000
0000
0000
0000
0000
0000
00EB
0000
0000
0000
0000
0000
0000
0000
0000
0000
0000
0000
0000
0000
0000
0000
0000
0000
0000
0000
0125
0000
0000
0000
0000
0000
0313
0000
0000
0000
0000
0000
0000
0000
0000
0000
0000
0000
0023
0000
0000
0000
0000
0000
0000
0000
0000
0000
0000
0000
0000
0000
012F
0000
0000
0000
0000
01A4
01B2
0000
0198
0270
0000
0000
0000
0000
0000
0000
0000
0000
0037
0000
0080
0000
0000
003C
0000
0000
0000
0000
0000
0000
056F
0000
014C
0000
0000
0000
0000
0000
00D9
0000
0000
0000
0000
0000
0000
0000
0000
0000
0185
0000
0000
0000
0000
0000
0000
0000
0000
0380
0000
0000
00AA
0000
0000
0000
0039
0000
0000
0000
0000
00ED
0000
01B5
0000
0000
0000
0000
0000
0000
0000
0000
002D
0013
0000
0000
0000
0000
0140
0000
0000
0000
0000
0000
01E5
0000
0000
0000
0000
0000
0000
0000
0000
0000
00ED
0000
0000
0000
0000
0016
0000
0000
0000
0000
0000
0000
0000
0000
0000
0034
0000
032D
0000
0000
0000
0000
0000
0000
00EB
0000
0000
0000
0000
0054
0000
0000
0000
0000
01AA
0000
0000
006D
0109
0000
0000
0000
0000
0000
0000
0000
0000
0000
0000
0000
0000
0000
0000
0000
0017
0000
0000
0000
0000
0000
0060
0000
0000
0000
0180
0000
0000
0000
0000
0000
0000
0002
0000
0000
0000
0000
0000
0000
0000
0000
0000
0000
0000
0000
0000
00AA
0000
0000
0000
01BE
00A3
0000
0000
0000
0000
00A7
0000
0000
0000
0000
0000
0000
0000
0103
0000
0000
0000
0130
0000
0000
0000
0000
0000
0000
0000
00AD
0000
0000
0000
0000
0000
0000
0000
0021
0000
006C
0273
0000
0000
0000
0000
0000
0000
0000
0000
0059
0000
0000
0000
0000
0000
0000
0000
0000
0000
0000
0000
0000
0000
0000
018D
0000
0000
0000
0000
0000
0000
0000
0043
0000
0000
0000
0000
0000
0139
0209
0186
000A
0000
00D6
0000
0000
0000
0162
0148
02F6
0000
0000
0000
0000
0000
0000
0000
0000
0000
0194
0000
0000
0000
0000
0000
0000
0194
0000
0000
0000
0000
0000
0000
0000
0005
0000
0000
01D4
0000
0006
0000
0000
0000
0000
0000
0000
0000
0000
0000
0159
0072
0000
0000
0000
0000
0000
0000
0056
008B
0000
0000
0000
0000
0000
0000
0000
0000
0000
0000
0000
0000
007D
0000
0019
0000
0039
0000
0161
0000
0000
0000
0000
0000
0000
0000
002C
0000
0077
0000
0000
016C
0000
001D
0000
01CA
0000
0000
0000
0000
0000
015C
0000
0139
006B
0357
0000
0000
0000
0028
0000
00A2
0000
0000
0000
0000
0428
0000
0000
0000
0085
0000
0000
0000
0000
0000
0000
0000
0000
0000
0110
0000
0000
0000
00E7
0000
0000
0000
0000
0000
0000
0000
0000
012B
0000
0000
0000
0000
0000
0000
0000
0000
0000
0002
0000
009C
0063
0000
0000
0000
0000
0000
0000
0000
0000
0000
0224
0050
0000
0000
0000
0000
0000
0000
0000
0000
0000
001C
0000
0000
0000
0087
0517
0000
0000
0000
0076
0000
0000
0000
0000
00AA
0000
0000
0000
0000
0000
0000
0000
0044
0090
0000
0000
0000
0000
0079
0014
0000
0035
0000
0000
0000
0061
0000
0000
0000
00A4
0000
0000
0000
0000
0000
0000
0000
0000
0000
0000
0000
0000
0000
0000
0000
0000
0000
0000
0000
0000
0000
0000
0000
0000
0000
0000
0000
0000
0000
0000
0004
0000
0000
0000
0000
0000
0000
0000
0000
0000
0000
0000
0000
02E4
0000
0000
0003
0000
0167
000E
0066
0000
0000
0000
0000
019E
0513
00C3
0000
0000
0000
0000
0000
0000
000A
0000
0000
0000
0000
0000
0000
00A9
0000
0166
0000
0000
0000
0000
0000
0000
0000
0227
0000
0008
0000
0000
000D
0000
0000
0000
0000
007C
0000
0000
0000
0000
0000
0000
0000
0000
0000
0000
00A4
0000
0115
0000
0000
0000
0000
0000
0000
015B
031F
0000
0015
0000
0000
0000
0000
0000
0000
0000
0000
0000
0000
0000
0000
0000
0000
0000
020B
0000
0000
0000
0000
0000
0000
0000
0000
0000
0000
010E
0000
003A
0000
0000
0000
003C
0000
0000
0000
0000
006B
0000
0000
0000
0000
0000
0000
0000
0000
0000
0000
0000
0000
0000
0000
0000
0000
0000
0000
0000
0000
0000
0000
0000
0000
0000
0000
0000
0000
0000
0000
0000
0000
0000
0000
0000
01FA
0000
0000
0000
0000
0000
03B8
0000
0083
0000
0154
007B
007E
00EE
0000
0000
0000
0000
0000
0000
0000
0000
0000
0000
0000
0000
0000
0000
0000
0149
0000
0000
0000
0000
0000
02D1
0000
0000
0000
0000
0000
0000
0006
0000
0000
0000
0000
0000
0000
0000
0000
0000
0000
0000
0000
0000
0000
0000
0000
0000
0000
0000
0000
0000
0000
0000
0000
0000
0000
0000
03AB
0000
036C
00F2
0000
0000
0000
0000
0000
0000
0000
0000
0000
0000
0000
0000
0000
0000
0000
0000
0000
0000
0000
0000
0000
0000
0000
0000
0000
0000
0000
0000
0000
0000
0000
0000
0000
0000
0000
0000
0000
03C1
0000
0000
0000
0000
0000
0000
0000
00F7
026B
0000
0000
0032
0000
000A
0000
0000
0000
0000
0000
0000
0000
0000
0000
0000
0000
0000
0000
0000
0000
00BE
0000
0000
0000
0000
0000
0000
0000
0000
05B1
0000
0000
0000
0000
0000
0000
0000
0000
0000
0000
0000
0000
0000
0000
0000
0000
0000
0000
0000
0000
0000
0000
0106
0000
0000
0000
0000
0000
0000
0000
0000
0000
0000
0096
0000
0000
0000
0163
0000
0000
0000
0000
0000
0000
0000
0000
0000
031A
0000
0000
0000
0000
0000
0000
0000
0000
0000
0000
0000
0000
0000
0000
0000
0000
0000
0000
00AD
0000
0000
0000
0000
0067
0196
0000
0000
0000
0000
0000
0000
0000
0000
0000
014F
0000
0000
0000
0000
0000
0000
0000
0000
0000
0000
0000
0000
0000
0000
0000
0000
0000
0000
0000
0000
0000
0000
0000
0000
0077
0000
0000
0000
0000
0000
0000
0000
0000
0000
0000
0000
00E7
0000
0000
0000
0000
0000
0013
0000
0000
0000
0000
0000
0000
013E
0000
0006
0000
0000
0000
0000
0000
0000
0000
0000
0000
0000
0000
0000
0000
0000
0000
0000
0344
0000
0144
0000
0000
0000
0000
0000
0000
0000
0000
0000
0066
0000
0000
01DE
0000
0000
0000
0000
0000
0263
0000
0000
0000
0000
0000
0000
0000
0000
0000
0000
0000
0000
01EA
0000
0000
0000
0000
0000
0000
0000
0000
0000
0000
015F
0000
0000
0000
0000
0000
0000
0000
0000
0000
0000
0000
0000
0000
0000
0000
0000
0000
0000
0066
0000
00C5
0000
0000
0000
0488
0000
0000
0029
0000
012A
0000
0000
0000
0000
0000
012E
0000
0000
0000
0000
0000
0000
02D2
0000
0000
0000
0000
0000
0000
0000
01C2
0000
0000
0087
0000
0000
0000
0000
0000
0000
0000
0066
0000
0000
0000
002B
0000
0000
0000
0000
0000
0000
0000
0000
0000
0000
0000
0000
0000
0000
0000
0000
0000
0000
0000
0000
0000
0042
0000
001F
009C
0000
0163
0000
0000
0293
00C3
0000
0000
0000
006B
0023
0000
0000
0000
0000
0076
010F
02CF
0055
0000
0000
0000
0000
0000
0000
0000
0000
0000
033C
0000
0000
00C6
0000
0000
0000
0000
004F
0000
0000
0000
00F6
0000
016D
0000
0000
0085
018B
0000
0000
01E4
0000
0000
0025
0000
0000
0000
0000
0012
0000
0000
0000
0000
0000
0000
0000
0000
0000
0000
0000
0000
0000
00B8
0000
0000
0000
0000
0000
0000
0000
000E
0000
0000
02C1
00D3
0045
0000
0000
0000
0000
0000
0000
0000
0000
0000
0000
0000
0000
0000
0000
0000
0000
0000
0000
00AD
0000
0000
0000
0000
0000
0000
0000
0000
0000
0000
0166
0000
0000
0000
0000
0000
0000
0000
0000
0000
0000
0000
0000
0000
0000
0000
0000
0000
0059
0000
0000
0000
0000
0000
0167
00EC
0000
0000
0000
0000
0000
0000
0000
0000
0000
0000
0000
0000
0000
0000
004B
0000
0000
0000
0000
0000
0000
0000
0000
0000
0000
0000
0000
0000
0000
0000
0000
0000
0000
00F7
0015
0000
0000
0000
0160
0000
0000
0000
0000
0000
0000
0000
0000
0000
0000
0000
0000
0000
0000
0000
0056
0000
0000
0000
0000
0000
0000
0000
0000
0000
0000
0000
0000
01F2
0000
0000
0000
0000
0000
0000
0000
0000
0000
005E
0000
0000
0000
0000
006D
0000
0000
0000
0000
0000
0000
0000
0000
0000
0000
0000
0191
0000
0000
0000
0000
0000
0249
0000
0000
0000
0000
0000
0000
0000
0000
0000
0000
0000
0000
0000
0000
0000
0000
0000
0000
0000
00EE
0000
0000
0000
0000
0000
0000
0000
0000
0000
0000
02B1
0000
0000
0000
0000
0000
0000
0000
0000
0000
0000
0000
018B
0101
0000
0000
0000
0004
0000
01DC
0000
0000
0000
0000
0000
00A4
0000
0000
0000
0000
0000
0000
0000
0000
0000
0000
0000
0000
0000
0000
0243
0000
0000
0000
0000
0000
003F
0000
0000
0162
0000
0000
0000
0000
0000
0000
0000
0000
0000
008F
0000
0000
0000
0083
0000
0000
0109
0000
0000
0000
0000
0000
01BB
0000
01AC
023E
0000
00B4
0009
0000
0000
0000
025F
0000
0000
0000
0000
00F5
0000
0000
0000
0000
0000
0000
0000
0000
0000
0000
0000
0000
0000
0000
034E
0000
0000
0000
0000
0000
0000
0000
0000
0009
0000
0000
0000
0000
0000
01AA
0000
0000
0000
0000
02E7
0000
0000
0000
0000
0000
0233
0000
0000
01B6
0332
0000
0000
0000
0000
008B
0000
006A
0000
0000
0000
0000
0000
0000
0000
0000
0000
0000
0000
0000
0000
0109
0000
0000
0000
00B4
00D7
0000
0000
0000
0000
0000
00BB
0000
0000
0000
0208
0000
0000
0000
0017
0000
0000
0000
0000
0000
0000
0000
0000
0000
0000
0000
0000
0000
0000
000D
0058
0000
0000
0000
0000
0000
0000
0098
0000
0000
0000
0000
0000
0000
0000
0000
0000
0000
0000
0000
0000
0000
0000
0000
0000
0000
0000
0287
0000
019E
0000
0000
0000
0000
0000
005D
0000
0000
0000
0000
0000
0000
0000
0000
0000
0000
0000
0000
0000
0000
0000
0000
0000
0000
0000
0000
0000
0000
0000
010F
0000
0000
0000
0000
0000
0000
0000
0000
0013
0000
0000
0000
0000
0000
0000
0000
0000
0000
00E2
0000
0000
0000
0000
0000
0000
005E
00EF
0000
0000
0000
0000
00A4
00DD
0000
016C
0000
0000
0000
000E
0000
0000
0000
0000
00F3
0000
0000
0000
0117
0000
00EF
0000
0091
0000
0000
0000
0000
0000
0000
0000
0000
0121
0000
0000
0000
0000
0146
0000
0000
0000
00D5
0000
0000
028F
0000
0000
0000
0000
0000
031E
0000
0000
0000
0000
0000
0000
0000
0035
0000
0000
0000
0000
0000
0000
0000
0000
0000
0000
0000
0000
0000
0167
0000
0000
0000
0000
0000
0000
0000
0155
0051
0000
0000
0000
009A
0000
0000
0000
0000
0000
0000
0135
0000
0007
0000
0000
0000
0426
0000
0000
0000
0000
01B2
0000
0000
0000
0000
0000
0000
0000
0000
0000
0000
0000
0000
0000
0000
00F3
0000
005D
0000
0000
0000
0000
0000
0000
0000
0000
0000
0000
0000
0000
0000
0000
0000
0000
0000
0000
0000
0000
00D0
00AC
0000
0000
0000
0184
00CF
0000
0000
0000
0000
0000
0000
0000
0000
0000
0000
0163
0000
0000
002C
0000
0000
0000
0000
0000
0000
0000
0000
0000
0000
02C9
0000
0000
010C
0000
0000
0000
0000
0000
0000
0000
0380
0000
0027
0000
0000
0000
0115
0000
0000
0000
0000
0000
0000
0000
0000
0067
00E7
0000
0000
0000
00C9
0000
0000
0000
0000
0000
0000
0000
0000
0000
0000
0000
022F
0000
0000
0000
0000
01F6
0000
0000
008A
0000
0000
0000
0000
0000
0000
0000
0000
0000
0000
0000
0000
02C7
0000
0034
0000
0000
0000
001F
0000
0000
0000
00F2
0000
0000
0000
0000
0000
0000
0000
0000
0000
0000
0000
0000
0000
0000
0000
0000
0146
0000
0000
0000
0000
0000
0000
0000
0000
0000
0000
0000
0000
0000
0000
0000
0000
0000
0000
0000
0000
0000
0000
0000
0000
0089
0000
0000
0000
0000
0000
0000
0000
0000
0000
0000
0000
0195
0017
0000
0000
0000
0000
0000
0000
0000
0000
0000
0000
0000
0000
0000
010C
0000
0036
0000
0000
0000
0000
0000
01B8
0000
0000
0000
0000
0000
0069
0000
0000
0000
0078
0000
0000
0000
020F
0000
0000
0000
0000
00BF
0000
007A
00B9
0000
0000
00C5
0000
0000
02AB
0000
001B
0000
0000
0000
0000
0232
0000
0000
0000
0044
0000
0498
005A
0014
0221
0248
027A
01B9
04FA
021A
0000
0000
0000
001B
0000
00FA
004B
02FD
0276
00A8
0381
03B8
01BD
0042
0000
0000
02F7
020A
0000
0126
0176
01C7
01F5
01CA
03E6
025D
0270
012B
01D6
0171
0303
01AF
0206
0000
0000
02B6
016D
0177
0282
0000
0000
0097
01CA
016A
03A7
03BF
026A
0000
013C
009E
00F5
04E7
0074
0000
0000
0000
022A
0000
004C
0169
0121
0000
0000
0223
0000
0000
0030
0000
0000
0111
015F
0125
0000
00F4
02D4
0096
0000
0000
0000
03C7
0000
023B
0000
02BE
00CB
0000
0113
000F
00AC
0000
02D8
014E
0000
005B
0000
0093
0000
0047
0000
00CD
0000
00B0
03C5
0000
015A
0177
01C3
0000
0000
02CD
0182
0000
0000
01E9
0000
0019
0383
00FB
00DC
0000
0000
0000
0000
0000
0000
0000
0000
0000
0000
0000
0000
00DB
0000
0000
0000
0000
0000
0000
0000
0000
0000
0000
0000
0000
0142
0000
0000
0000
0000
0000
0000
0000
0000
0000
0000
0000
0000
0000
0000
0000
0000
0000
0000
0000
0000
0000
0000
0000
0000
0000
0000
0000
0000
0000
0000
0000
0000
0000
0000
0000
0000
0000
00B6
0000
0000
0000
0000
0000
0000
0000
0000
0000
0000
0000
000F
0000
0000
01D3
0000
0000
0000
0000
0000
0000
0000
0000
0000
0000
0000
0000
0000
0000
0000
0000
0000
0000
0000
0000
0000
0000
0000
0000
0000
0000
0000
0000
0000
0000
0000
0000
0000
0000
0000
0000
0000
0000
0000
0000
0000
0000
0000
0000
0000
0000
0000
0000
00E3
0000
0000
0000
0000
0000
0000
0000
0000
0000
0000
0000
0000
0000
0000
0000
0000
0000
0000
0000
0000
0000
0000
0000
004D
0000
0000
0000
0000
0000
0000
0000
0000
0000
0000
0000
0000
0000
0000
0000
0000
0000
0000
0000
0000
0208
0000
0000
0000
0000
0000
0000
0000
0000
0000
0000
0000
0000
0000
010B
0000
0000
0000
0000
0000
0000
0000
0000
0000
0000
0000
0000
0000
0000
0000
0000
0000
0000
0000
0000
0000
0000
0000
0000
0000
0000
0000
0000
0000
0000
0000
0000
0000
0000
0000
0000
0000
0000
0000
0000
0000
0000
0000
0000
0000
0000
0000
0000
0000
0000
0000
0000
0000
0000
0000
0000
0000
0000
0000
0000
0000
0000
0000
0000
0000
0000
0000
0000
0022
0000
0000
0000
0000
001A
0000
0000
0000
0000
0000
0000
0000
0000
0000
0000
0000
0000
0000
0000
0000
0000
0000
0000
0000
0000
0000
0000
0000
0000
0000
0000
0000
0000
0000
0000
0000
0000
005E
0000
0000
0000
0000
0000
0000
0000
0000
0000
009C
0000
0000
0000
0000
0000
0000
0000
0000
0000
0000
0000
0000
0000
0000
0000
0000
004C
01A4
0000
0000
0000
0000
0000
0000
0000
0000
0000
0000
0000
0000
00AC
0000
01EF
0000
0000
0000
0000
0000
0000
0000
0000
0000
0000
0000
0000
0000
0000
0000
0000
0029
0000
0000
0000
0000
0000
0000
0000
0001
0000
0000
0000
0000
0000
0000
0000
0000
0000
0117
0000
0000
0000
0000
0000
0000
0000
0000
0000
0000
0000
0029
0000
0000
0000
0000
0000
0000
0000
0000
0000
0000
0000
017E
0000
0000
0000
0000
0000
0000
0000
0000
0000
0000
0000
0000
0000
0000
0079
0000
0000
0000
0000
0000
0000
0000
0000
007F
0000
0000
0000
0000
0000
0000
0000
0000
0000
0000
0000
0000
0000
0000
0000
0000
0000
0000
0000
0000
0000
0000
0000
0000
0000
0000
0000
0146
0000
011D
0000
0000
0000
00EA
0000
0000
0000
0000
0000
0000
0000
0000
0000
0000
0000
0000
0000
0000
0000
0000
0000
0000
0000
0000
0000
0000
0000
0000
0000
0000
0000
0000
0000
0000
0000
0000
0000
0000
0000
0000
0000
0000
0000
0000
0000
0000
0000
0000
0000
0000
0000
0000
0000
0000
0000
0000
0000
0000
0000
0000
000D
0000
0000
0000
0000
0000
0000
0000
0000
0000
0000
00A9
0000
0000
0000
0000
0000
0000
0000
0000
0000
0000
0000
0000
0000
0000
0000
0000
0000
01A3
0000
0010
0000
0000
0000
0000
0000
0000
0000
0000
0000
0000
0000
0000
0000
0000
0000
0000
0000
0000
0000
0000
0000
0000
0000
0000
0000
0000
0000
0000
0000
0000
0000
001B
0000
0000
0000
0000
0007
0000
0000
0000
0000
0000
0000
0000
0000
0000
0000
0000
0000
0000
0000
0000
0000
0000
0037
0000
0000
0000
0000
0000
0000
0000
0000
0000
0000
0000
0000
0000
0000
0000
0000
0000
0000
0000
0000
0000
0000
0000
0000
0000
01A2
0000
0000
0000
014E
0000
0089
0000
0000
0000
0000
0000
0000
0000
0000
0000
0000
0208
0000
0000
0000
0000
0000
0000
0000
0000
0000
0000
0000
0000
0000
0180
0000
0000
0000
0000
0000
0000
0000
0000
0000
0000
0000
0000
0000
0000
0000
0000
0000
0000
0000
0000
0000
0000
0000
0000
0041
0000
0000
0000
0000
0000
0000
0000
0000
0000
0000
0000
0000
014E
0000
0000
005B
0000
0000
0000
0000
0000
0000
0000
0000
0000
0000
0000
0000
0000
0000
0000
0000
0000
0000
0000
0000
0000
0000
0000
0000
0000
0000
0000
0000
0000
0000
0000
0000
0000
0000
0000
0000
0000
0000
0000
0000
0000
0000
0000
0000
0000
0000
0000
0000
0000
0000
0000
0000
0000
0000
0000
0000
0000
0000
0000
0000
0000
0000
0000
0000
0000
003F
0000
0000
0000
0000
0000
0000
020E
0000
0000
0000
0000
0000
0000
0000
00A8
00BF
0000
0000
0000
0000
0000
0000
0000
0000
0000
0000
0000
0000
0000
0000
0000
002C
0000
0000
0000
0000
0000
0005
0000
0000
0000
0000
0000
0000
0000
0000
0000
0000
0000
0000
0000
0000
0000
0000
008E
0000
0000
0000
0000
0085
0000
0000
0000
0000
0000
0264
0000
00EB
0000
0255
0000
0000
0000
0000
0000
0000
0000
0000
0000
0000
0000
0000
0000
000D
0000
0000
0000
0004
0000
0000
0000
0000
0000
0000
0000
0000
0000
0000
0000
0000
0000
0000
0000
0000
0000
0000
0000
0000
0000
0000
0000
0000
0000
0000
0000
0000
0000
0000
0000
0000
0000
0000
0000
0000
0000
016A
0000
0000
0000
0000
0000
0000
0000
0000
01B3
0000
0096
0000
0000
0000
0000
0000
0000
0000
0000
0000
0000
0000
0000
0000
0000
0000
0000
0000
0000
0000
0265
0000
0000
0000
0000
0000
0000
0000
0000
0000
0000
0000
0000
0000
0000
0000
0000
0000
0000
0000
0000
0000
0000
0000
0000
0000
0000
0000
0000
0000
0000
0000
0000
0000
0000
0000
0000
003C
0000
0000
0000
0000
0000
0000
0000
0000
0000
0000
0000
0000
0000
0000
0000
0000
0000
0000
0000
0000
0000
0000
0000
00FC
0000
0000
0000
0000
0000
0000
0000
0000
0000
0000
0000
0000
0000
0000
0072
0000
0000
0000
0000
0000
0000
0000
0000
0000
0000
0000
0000
0000
0000
0000
0000
0000
0000
0000
0000
0000
0000
0000
0000
0000
0000
0000
0000
0000
0000
0000
0000
0000
0000
0000
0000
00EC
0000
0000
0000
0000
0000
0000
0000
0000
0143
0000
0000
0000
0000
0000
0000
0000
0000
0000
0000
0000
0000
0000
0000
0000
0000
0000
0000
0000
0000
0000
0000
0000
0000
0000
0000
0000
0000
0000
003E
0000
0000
0000
0000
0000
0000
0000
0000
0000
0000
0000
0147
0000
0000
0000
0000
0000
011A
0000
0024
0000
0000
0000
0000
0000
0000
0000
0000
0000
0000
0000
0000
0000
0000
0000
00DC
0000
0000
0000
0000
0000
0000
0000
0000
0000
0000
00C1
0000
0000
0000
0000
0000
0000
0000
0000
0000
0000
0000
0000
0000
0000
0000
0000
0000
0000
0000
0000
0000
0000
0000
0000
0000
0000
0000
0000
0000
0000
0000
0000
0000
0175
0000
0000
0000
0000
0000
0000
0000
0000
0000
0000
0000
0000
0000
0000
002C
0000
0000
0000
0000
0000
0000
0000
0000
0000
0000
0000
00CE
0000
0000
0000
0000
0000
0000
0000
0000
0000
0000
0000
0222
0000
0000
0000
0000
0000
0000
0000
0000
0000
0000
0000
0000
0000
0000
0000
0000
0000
0000
0000
0000
0000
0000
0000
0000
0000
0000
0082
0000
0000
0000
0000
0000
0000
0000
0000
0000
0000
0000
0000
0000
0000
0000
0000
0000
0056
0000
0000
0000
0000
0000
0000
0000
0000
0000
0000
008B
0000
0000
0000
0000
0000
0000
0000
0000
0000
0000
0000
0000
0000
0000
0000
0000
0000
0000
0000
0000
0000
0000
0000
0000
0000
0000
0000
0000
0000
0000
0000
0000
0000
0249
0000
0000
0000
0000
0000
0000
0000
00B1
0000
0000
0000
0000
0000
0000
0000
0000
0000
0000
0000
0000
0000
0000
0000
0000
0000
0000
0000
0000
0092
0000
0000
0000
0000
0000
0000
0000
0000
0000
0000
0000
0000
0000
0000
0000
0000
0000
0000
0000
0000
0000
0000
0018
0000
0000
0000
0000
0000
0000
0000
0000
0000
0000
0000
0000
0000
0000
0000
0000
0000
0078
0000
0000
0000
001A
0000
0000
0000
0000
0000
0000
0000
0000
0000
0000
0000
0000
0000
0000
0000
0000
0000
0000
0000
0000
0000
0000
0000
0000
0000
0000
0000
0000
0000
0000
0000
020B
0000
0000
0000
0000
0000
0000
0000
0000
0000
0000
0000
0000
0000
0000
0000
0000
0000
0000
0000
0000
0000
0000
0000
0000
0000
005F
0000
0000
0000
0000
0000
0000
0000
0000
0000
0000
0000
0000
0000
0000
0000
0000
0000
0000
0000
0000
0000
0000
0058
0000
0158
0000
0000
0000
0000
0000
0000
0000
0000
0000
0000
0000
0000
0000
0087
0000
0000
005C
0000
01B3
0000
0000
0000
0000
0000
0000
0000
0000
0025
0000
0000
0000
02F2
0038
0000
0000
0000
0000
0000
0000
0000
0000
0000
0000
0000
0000
0000
00CE
0000
0000
0000
0000
0000
0000
0000
0000
0000
0000
0000
0000
0000
0000
0000
0000
0000
0000
0000
0000
0000
0000
0000
0000
0000
0000
0000
0000
0000
0000
0000
0000
0000
0000
0000
0000
0000
0000
0000
0000
0000
0000
0000
0000
0000
0000
0000
0000
0000
0000
0000
0005
0000
01D3
0000
0175
0000
0000
0000
0000
0000
0000
0000
0000
0000
0000
0000
0000
0000
0000
0000
0000
0000
0000
0000
0000
0000
0000
0000
0000
0000
0000
0000
0000
0000
0000
0000
0000
0000
0000
0000
0000
0000
0000
0000
0000
0000
0000
010A
0000
0000
0000
0214
0000
0000
0000
0010
0000
0000
0000
0000
0000
0000
0000
0000
0000
0000
0000
0000
0000
0000
0000
0000
0000
0000
0000
0000
0000
0000
0000
0000
0000
0000
0000
0000
0000
0000
0000
0000
0000
0000
0041
0000
0000
0000
0000
0000
0000
0000
0000
0000
0000
0140
0000
0000
0000
0000
0000
0100
0000
0000
0000
0000
0000
0000
0000
0000
0000
0197
0000
0000
0000
0000
0000
0000
021F
0000
0000
0000
0000
0000
0218
0000
0000
0000
0000
0000
0000
0000
00C9
0000
0000
0000
0000
0000
0000
0000
0000
0000
0000
00A6
0000
0000
0000
0000
0000
0000
0000
0000
0000
0000
0000
0173
0000
0000
0000
0000
0000
0000
0000
0000
0037
0000
0000
0000
0000
0000
0000
0000
0000
0000
0000
0000
0000
0000
0000
0000
0000
0112
0000
0000
0000
0000
0000
0000
0000
0000
0000
0000
0000
0000
0000
0000
0000
0000
0000
0000
0000
0000
0000
0000
0000
0000
0000
0000
0000
0000
0000
0000
0000
0000
0000
0000
0000
0000
012E
0000
0000
0000
0000
0000
0000
0000
0000
00C5
003D
0000
0000
0000
0000
0000
0000
0000
0000
0000
0000
0000
0000
0000
0000
0000
0000
0000
0000
0000
0000
0000
004C
0000
0000
0000
0000
0000
0000
0000
0000
0050
0000
0000
0000
0000
0000
0000
0000
0000
0000
0000
0000
0000
0000
0000
0000
0000
001C
0000
0000
0000
0000
0000
0000
0000
0000
0000
0000
0000
0000
0000
0000
0000
0000
0000
0000
0000
0000
0000
01AF
0000
0000
0000
0000
0000
0099
0000
0000
0000
0000
0000
0000
0000
0000
0000
0000
0000
0000
0000
0000
0000
0000
0000
0000
0000
0000
0000
0000
0000
0000
0000
0000
0000
0000
0000
0000
0000
0000
0000
0035
0000
0000
0000
0000
0000
0000
0000
0000
0000
0000
0000
0000
0000
0000
0000
0000
0000
0000
0000
0000
0000
0000
0000
0000
0000
0000
00CD
0000
0000
0091
0000
0000
0000
0000
0000
0000
0000
0000
0000
0000
0000
0000
0000
0000
0000
0000
0007
0000
0000
0000
0000
0000
0000
0000
0000
0000
0000
0000
0000
0000
0000
0000
0000
0000
0000
0071
0000
0000
0000
0000
0000
0000
0000
0000
0000
0000
0000
0000
0000
0000
0000
0000
0000
0000
0000
0000
0000
0000
0000
0000
0000
0000
0000
0000
0000
0000
0000
0000
0000
0000
0000
01F9
0000
0000
0000
0000
0000
0000
0000
0000
0000
0000
0000
0000
0000
0000
0000
0000
0000
0000
0000
0000
0000
0000
0000
0101
0000
0000
0000
0000
0000
0000
0000
0000
0000
0000
0000
0000
0000
0000
0208
0000
0000
0000
0000
0000
0000
0000
0000
0000
0000
0000
0000
0000
0000
0000
0000
0000
0000
0000
0191
0000
0000
0000
0000
0000
005F
0148
0000
0000
0000
0000
0000
0000
0000
0000
0000
0000
0000
0000
0000
0000
0000
0000
0000
0000
0000
0000
0000
0000
0000
021D
0000
0000
0000
0000
0000
0000
0000
02D7
0000
0000
0000
0000
0000
0000
0000
0000
0000
0000
0000
0000
0000
0000
0000
0000
0065
0000
00AE
0000
0000
0000
0000
0000
0000
0000
0000
0000
0000
0000
0000
0000
0000
0000
0000
0000
0000
0000
0000
0000
0000
0000
0000
0000
0000
0000
0000
0000
0000
0000
0000
017F
0000
0000
0000
0000
0163
0000
0000
0000
0000
0000
0000
0000
0000
0000
0000
0000
0000
0000
0056
0000
0000
0000
0108
0000
0000
0000
0000
0000
0000
0000
0000
0000
005D
0000
0182
0000
0000
0000
0000
0000
0000
0000
00F7
0000
0000
0000
0000
0000
0000
0000
0000
0000
00C1
0000
0000
0000
0000
0000
0000
013F
0000
0000
0000
0000
0000
01B8
0000
0000
0000
0000
0535
0000
0000
0000
0000
0000
0000
0000
0000
0000
0000
0000
0000
0000
0000
0000
0000
0000
001D
0000
0000
0000
0000
0000
0000
008A
0000
00BA
0000
0000
0000
0000
0000
0000
00E3
0000
0000
0000
0000
0000
0000
0000
0000
0000
0000
0000
0000
0000
0000
0000
0000
0000
0000
0000
0000
0000
0000
0000
0000
0000
0000
0000
0000
0000
0000
0000
0213
0000
0000
0000
0000
0000
0000
0000
0000
0000
0000
0000
0000
0140
0000
0000
0000
0000
0000
0000
0000
0000
0000
0000
0000
0000
0000
0000
0000
006D
0000
0000
0000
0000
0053
0000
0000
0000
0000
01A7
0000
0000
0000
0000
0000
0000
0000
0000
0000
0000
0000
0000
0000
0000
0000
0000
0000
0000
0000
0000
0000
0000
0000
0000
0000
0000
0000
0000
0000
0000
0000
0000
0000
0000
00B4
0000
0000
0000
0000
0000
0000
0000
0000
000D
0000
0000
0000
0000
0000
0000
0000
0000
0000
0000
0000
0000
0000
0000
0000
00D5
0000
0000
0000
0000
0000
0000
0000
0000
0000
0000
0000
0000
0000
0000
0000
0000
0000
0000
0000
0000
0000
0000
0000
0000
0000
0000
0000
0000
0000
0000
0000
0000
0000
0000
0000
001F
0000
0000
0000
0000
0000
0000
0000
0000
0000
0000
0000
0000
0000
0000
0000
0000
0000
0000
0000
0000
0000
0000
0000
0000
0000
0000
004C
0000
0000
0000
0000
0000
0000
0000
0000
0000
0000
0000
0000
0000
0000
0000
0000
0000
0000
0000
0000
0000
0000
0000
0000
0000
0000
0000
0000
0000
0166
0000
0000
0000
0000
0000
0000
0000
0000
0000
0000
0000
0000
0000
0000
0000
0000
0000
0000
0000
0000
0000
0000
0000
0000
0000
0000
0000
0000
0000
0000
02A3
0000
0000
0000
0045
0000
0000
0000
0000
0000
0000
0000
0000
0000
0000
0000
0000
0000
0000
0000
0000
0000
0000
0000
0000
0000
0000
0000
0000
01B7
0000
0000
0000
0000
0000
0000
0000
0000
0000
0000
0000
0000
0000
0000
0000
0000
0000
0000
0000
0000
0000
0000
0000
0000
00C7
0000
0000
0000
0000
0000
0000
0000
0000
0000
0000
0000
0000
0000
0000
0000
0000
0000
002E
0000
0000
0000
0000
0000
0000
0000
0000
0000
0000
0000
01F7
0128
0000
0000
0000
0099
0000
0000
0000
0000
0000
0000
0000
0000
0000
0000
0000
0000
0000
0000
0000
0000
0000
0000
0000
0000
0000
0000
0000
0000
0000
0274
0000
0000
0000
0000
0000
0000
0000
0000
0000
0000
0000
0000
0000
0000
0000
0000
0071
0000
0000
0000
0000
0000
0000
0000
0000
0000
0000
0000
0000
0000
0000
0000
0000
0000
01EB
0000
0000
0000
0000
0000
0000
0000
0000
0000
0000
0000
0000
0000
0000
0000
0000
0000
0000
0000
0000
0000
0000
0000
0000
0000
0000
0000
0000
0000
0000
0000
0000
0000
0000
0000
0000
0000
0000
0000
0000
0000
007B
0000
0000
0000
0000
0024
01E2
0000
0000
012E
0000
0000
0000
0000
0000
0000
0059
0000
0278
0000
0000
0000
0000
0000
0000
006A
0000
0000
0000
0000
0000
0000
0000
0000
0000
0000
0000
0000
0000
0000
0000
0000
0000
0000
0000
0000
0000
0050
0000
0000
0000
0000
0000
0000
0000
0000
0000
0000
0000
0000
0000
0000
0000
0000
0000
0000
0000
0000
00E5
0000
0000
0000
0000
0000
0000
0000
0000
0000
0000
0000
0000
0000
0000
0000
0000
0000
0000
0000
0000
0000
0000
0000
0000
0000
0000
0000
0000
0000
0000
0000
0000
0000
0000
020D
0000
0000
0000
0000
0000
0000
0000
0000
0000
0000
0000
0000
0000
0000
0000
0000
0000
0000
0000
0000
0000
0000
0000
0000
0000
0000
0000
016E
0000
0000
0000
0000
0000
0000
0000
0000
0004
0000
0000
0000
0000
0000
0000
0000
0000
0000
0000
012E
0000
0000
0000
0000
003E
0000
0000
0000
0000
0000
0000
0000
0000
0000
0000
0000
0000
0000
0000
0000
0000
0000
0000
0000
0000
0000
0000
0000
006D
0000
0000
0000
0000
01FD
0000
0000
0000
0000
0000
002B
0000
0000
0000
0000
008E
0000
0000
0000
0000
0000
0000
0000
0000
0000
015D
0000
0000
0000
0000
0000
0000
0000
0000
0000
0000
0000
0000
0000
0000
0000
0000
0238
0000
0000
0000
0000
0000
0000
0000
0000
0000
0000
0000
0000
00B8
0000
0000
0000
0000
0000
0000
0000
0000
0067
0000
0000
0000
0000
0000
0000
0000
0000
0000
0000
0000
0000
0000
0000
00A5
0000
0000
0000
0000
0000
0000
0000
0000
0000
0000
0000
0000
0000
0000
0065
0000
0000
0000
0000
0000
0000
0000
0000
0149
0000
0000
0000
0000
0000
0000
0000
0000
0000
0000
0000
0000
0000
0000
002F
0000
0000
0000
0000
0000
0000
0000
0000
001C
0000
0000
0038
0000
004B
0000
0000
0000
0000
0000
0000
0000
0000
0000
0000
0000
0000
0000
0000
0000
0000
0000
0000
0000
0000
0000
0000
0000
0000
0000
0000
0000
0000
0000
00A4
0000
0000
0000
0000
0000
0000
0000
0000
0000
0000
0000
0000
0000
0000
0000
0000
0000
0000
0000
0000
0000
0000
0000
0000
0000
0000
0000
0000
0000
0000
0000
0000
0000
0000
0000
0000
0000
0000
0000
0000
0000
0000
0000
0000
0000
0000
0000
0000
0000
0000
0000
0000
0000
0000
0000
0000
0000
0000
0000
0000
0000
0000
0000
0000
0000
0000
0000
0000
0000
0000
0000
01FD
0000
0000
0000
0000
0000
0000
0000
0000
0000
0000
0000
0000
0000
0000
0000
0000
0000
0000
0000
0000
0000
0000
0000
0000
0000
0000
0000
0000
0000
0000
0000
0000
0000
0000
0000
0000
01BE
0000
0000
0000
0000
0000
0000
0000
0000
0000
0000
0000
0000
0000
0000
0000
0000
0000
0000
0000
0000
0000
0000
0000
0000
0000
0000
0000
0000
0000
0000
0000
0000
0000
0000
0000
0000
0000
0000
0000
0000
0000
0000
0000
0000
0000
0000
0000
0000
0000
0000
0000
0000
0000
0000
0000
0000
0240
0000
0000
0000
0000
0000
017D
0000
0000
0000
0000
0000
0000
0000
0000
0000
0000
0000
0015
0000
0000
0000
0000
0000
0000
0000
0000
0000
0000
0000
0000
0000
0000
0000
0000
0000
0000
0000
0000
0000
0000
0000
0000
0000
0000
0000
0000
0000
0000
0000
0000
0000
0000
0000
0000
0000
0000
0000
0000
0000
0000
0000
0000
0000
0000
0000
0000
0000
0000
0000
0000
0000
0000
0000
0000
01D7
0000
0000
0000
0000
0000
0000
0000
0000
0000
0000
0000
0000
0000
0000
0000
0000
0000
0000
0092
0000
0000
0000
0000
0000
0139
0000
0000
0000
0000
0000
0000
0000
0000
0000
0000
00BB
0000
0000
0000
0000
0000
0000
0000
0000
0000
0000
0000
0000
0000
0000
004A
0000
0000
0000
0000
0102
0000
0000
0000
0010
0000
0000
0000
0000
0000
0000
0000
0000
0000
0000
0000
0000
0000
0000
0000
0000
0000
0000
0000
0000
0000
0000
0000
0000
0000
0000
0000
0000
0000
0000
0000
0067
0000
0000
0000
0000
0000
0000
0000
0000
0000
0000
0000
0000
0000
0000
0000
0000
0000
0000
0000
0000
0000
0000
0000
0000
0000
0000
0000
0000
0000
0000
0420
0000
0000
0000
0000
0000
0000
0000
0000
0000
0000
0000
0000
0000
0000
0000
0000
0000
0000
018C
0000
0000
0000
0000
0000
0000
0016
0000
003F
0000
0000
0000
0000
0000
0015
0000
010D
0000
0000
0000
0000
0000
0000
0000
0000
0000
0000
0000
0000
0000
0000
0000
0000
0000
0000
0000
0000
0000
0000
0000
0000
0000
0000
0000
0000
0000
0000
0000
0000
0000
0000
0000
01D7
0000
012B
0000
0000
0000
0000
0000
0000
0000
0000
0000
0000
0000
0000
0000
0000
0000
0000
0000
0000
0000
0000
0000
0000
0000
0000
0000
0000
0000
0000
0000
0000
0000
0000
0000
0000
0000
0000
0000
0000
0000
0000
0000
0000
0000
0000
0000
0000
0000
0000
0000
012F
0000
0000
0000
0000
0115
0000
0000
0000
0000
0000
0000
0000
0000
0000
0012
0000
0000
0000
0000
0000
0028
0000
0000
001D
0000
0000
0000
0000
0000
0000
0000
0000
0000
0000
0000
0000
0000
0000
0000
0000
0000
0000
0000
03BE
0000
0000
0000
006D
0000
0000
0000
0000
0000
0000
0000
0000
0000
0000
0000
0000
0000
0000
0000
0000
0000
00F6
0000
0104
0000
0000
0000
0000
0000
0000
0000
0000
0000
0000
0000
0000
0000
0000
0000
0000
0000
0000
0000
0000
0000
0000
0000
0000
0000
0000
0000
0000
0000
0000
0000
0000
0000
0000
0000
0000
0000
0000
0000
0000
0000
0000
0000
0000
0041
0000
0000
0000
0000
0000
0000
0000
0000
0000
0000
0000
0000
0000
0000
0000
0000
0000
0000
0000
01F4
0000
0000
0000
0000
0000
0000
0000
0000
0000
0000
0000
0000
0000
0000
0133
0000
0000
0000
0000
0000
0000
0000
0000
0000
0000
0000
0000
0000
0000
0000
0000
0000
0000
0000
0000
0000
0000
0000
0000
0000
0000
0000
0000
0000
0000
0000
0000
0000
0000
0000
0000
0000
0000
0000
0000
0000
0000
0000
0000
0000
0000
0000
0039
0000
00D5
0000
0000
0000
0000
0000
0000
0000
0000
0000
0000
0000
0000
0000
0000
0000
0100
0000
0000
0000
0000
0000
0000
0025
0000
0000
0000
0000
0000
0000
0000
0000
0000
0000
0000
0000
00D6
0000
0000
0000
0000
0000
0000
0000
0000
0000
0000
0000
0000
0000
0000
0000
0000
0000
0000
0000
0000
0000
0000
0000
0000
0000
0000
009F
0000
0000
0000
0000
00CF
0000
0000
0000
0000
0000
0000
0000
0000
0000
0000
0000
0000
0000
0000
0000
0000
0000
0000
0000
0000
0000
0000
0000
0000
0000
0000
0000
0000
0000
0000
0000
0000
0000
0000
0000
0000
0000
0000
0000
0000
0000
0000
0000
0000
001C
0000
0000
0000
0000
0000
0000
0000
0000
0000
02DF
0000
0000
0000
0000
0000
0000
0000
0000
0000
0000
0000
0000
0000
0000
0000
0000
0000
0000
0000
0000
0000
00DC
0000
0000
0000
0000
0000
0000
0000
0000
0000
0000
0000
0000
0000
0000
0000
0000
0000
0000
0000
0000
0000
0241
0000
01D7
0000
0000
0000
0000
0000
0000
0065
0000
0000
0000
0000
0000
0000
0017
0000
0000
0000
0000
0000
0212
0000
0000
000F
0000
0027
0000
0000
0000
002B
0000
001F
0000
0000
006C
0000
0000
0000
0000
0000
0000
0000
0000
0000
0000
0000
0000
0000
0000
0000
0000
0000
0000
0000
0000
0000
0000
0000
0000
027A
0000
0000
0000
0000
0000
0000
0000
0000
0000
0011
0000
0000
0000
0000
0000
0000
0000
0000
0000
0000
0000
0000
0000
0000
0000
0000
00D6
0000
0000
0000
0000
0000
0000
0000
0000
0000
0000
0000
0000
0000
0000
0000
0000
0000
0000
0000
0000
0000
0000
0000
0000
0000
0000
0000
0000
0000
0000
0000
0000
0000
0000
0000
0000
0000
0000
0000
0000
0000
0000
0000
0000
0000
0000
0000
0000
0000
0000
0000
0000
0000
0000
0000
0000
0000
0000
0000
0000
0000
0000
0000
00D2
